id,lingua,categoria,livello,fase,persona,territorio,regione,domanda,keyword,ricerche_anno
OBS-C-0a333ed7-IT,it,borghi,comparative,sogno,,Umbria,Umbria,quali sono i borghi più belli in Umbria?,borghi umbria,15980
OBS-C-0b885f41-IT,it,borghi,comparative,hotel,,Sardegna,Sardegna,dove dormire in un borgo in Sardegna?,albergo diffuso sardegna,2160
OBS-C-0d2d30f9-IT,it,borghi,comparative,hotel,,Umbria,Umbria,dove dormire in un borgo in Umbria?,albergo diffuso umbria,1690
OBS-C-101c8fc1-EN,en,borghi,comparative,sogno,,Liguria,Liguria,what are the most beautiful villages in Liguria?,liguria villages,1950
OBS-C-1042546b-EN,en,borghi,comparative,sogno,,Calabria,Calabria,what are the most beautiful villages in Calabria?,calabria villages,12280
OBS-C-14dd24ac-IT,it,borghi,comparative,sogno,,Veneto,Veneto,quali sono i borghi più belli in Veneto?,borghi veneto,7120
OBS-C-26ede386-EN,en,borghi,comparative,hotel,,Umbria,Umbria,where to stay in a historic village in Umbria?,albergo diffuso umbria,1830
OBS-C-28ab9eeb-IT,it,borghi,comparative,sogno,,Piemonte,Piemonte,quali sono i borghi più belli in Piemonte?,borghi piemonte,6080
OBS-C-325b7a31-IT,it,borghi,comparative,sogno,,Sicilia,Sicilia,quali sono i borghi più belli in Sicilia?,borghi sicilia,4180
OBS-C-3c477204-IT,it,borghi,comparative,sogno,,Sardegna,Sardegna,quali sono i borghi più belli in Sardegna?,borghi sardegna,1330
OBS-C-437042de-IT,it,borghi,comparative,sogno,,Friuli-Venezia Giulia,Friuli-Venezia Giulia,quali sono i borghi più belli in Friuli-Venezia Giulia?,borghi friuli venezia giulia,2680
OBS-C-4410ffd1-EN,en,borghi,comparative,hotel,,Abruzzo,Abruzzo,where to stay in a historic village in Abruzzo?,albergo diffuso abruzzo,3290
OBS-C-476d6337-IT,it,borghi,comparative,hotel,,Abruzzo,Abruzzo,dove dormire in un borgo in Abruzzo?,albergo diffuso abruzzo,2910
OBS-C-4daed4e4-EN,en,borghi,comparative,sogno,,Sicilia,Sicilia,what are the most beautiful villages in Sicily?,villages in sicily,13180
OBS-C-52dae5e3-EN,en,borghi,comparative,sogno,,Italia,,what are the most beautiful villages in Italy?,small towns in italy,44800
OBS-C-53199740-IT,it,borghi,comparative,sogno,,Lombardia,Lombardia,quali sono i borghi più belli in Lombardia?,borghi da visitare lombardia,14440
OBS-C-5e7dbf03-IT,it,borghi,comparative,hotel,,Friuli-Venezia Giulia,Friuli-Venezia Giulia,dove dormire in un borgo in Friuli-Venezia Giulia?,albergo diffuso friuli venezia giulia,1190
OBS-C-71b55e10-EN,en,borghi,comparative,sogno,,Puglia,Puglia,what are the most beautiful villages in Puglia?,villages in puglia,356100
OBS-C-71b64272-IT,it,borghi,comparative,hotel,,Toscana,Toscana,dove dormire in un borgo in Toscana?,albergo diffuso toscana,1680
OBS-C-758c7adf-IT,it,borghi,comparative,hotel,,Italia,,dove dormire in un borgo in Italia?,albergo diffuso italia,2340
OBS-C-7a83d2e5-IT,it,borghi,comparative,sogno,,Basilicata,Basilicata,quali sono i borghi più belli in Basilicata?,borghi basilicata,5160
OBS-C-89611a76-IT,it,borghi,comparative,sogno,,Italia,,quali sono i borghi più belli in Italia?,borghi più belli italia,115800
OBS-C-8b94c9f0-IT,it,borghi,comparative,sogno,,Puglia,Puglia,quali sono i borghi più belli in Puglia?,borghi puglia,2360
OBS-C-9174acfa-IT,it,borghi,comparative,sogno,,Lazio,Lazio,quali sono i borghi più belli nel Lazio?,borghi lazio,10180
OBS-C-923f586a-IT,it,borghi,comparative,sogno,,Trentino-Alto Adige,Trentino-Alto Adige,quali sono i borghi più belli in Trentino-Alto Adige?,borghi trentino alto adige,1560
OBS-C-a01c8413-EN,en,borghi,comparative,sogno,,Toscana,Toscana,what are the most beautiful villages in Tuscany?,tuscany villages,608100
OBS-C-af284bdd-EN,en,borghi,comparative,sogno,,Piemonte,Piemonte,what are the most beautiful villages in Piedmont?,piedmont villages,3320
OBS-C-b0301468-IT,it,borghi,comparative,sogno,,Marche,Marche,quali sono i borghi più belli nelle Marche?,borghi marche,11030
OBS-C-ce2d4851-EN,en,borghi,comparative,sogno,,Sardegna,Sardegna,what are the most beautiful villages in Sardinia?,villages in sardinia,2940
OBS-C-d354699d-IT,it,borghi,comparative,sogno,,Campania,Campania,quali sono i borghi più belli in Campania?,borghi campania,6580
OBS-C-d6b2d3e4-IT,it,borghi,comparative,sogno,,Abruzzo,Abruzzo,quali sono i borghi più belli in Abruzzo?,borghi abruzzo,11510
OBS-C-dfe0e4f6-IT,it,borghi,comparative,sogno,,Liguria,Liguria,quali sono i borghi più belli in Liguria?,borghi liguria,8130
OBS-C-f0fc5b79-EN,en,borghi,comparative,hotel,,Friuli-Venezia Giulia,Friuli-Venezia Giulia,where to stay in a historic village in Friuli Venezia Giulia?,albergo diffuso friuli venezia giulia,1260
OBS-C-f202cd7f-IT,it,borghi,comparative,sogno,,Toscana,Toscana,quali sono i borghi più belli in Toscana?,borghi toscana,27000
OBS-C-f81afc20-IT,it,borghi,comparative,sogno,,Emilia-Romagna,Emilia-Romagna,quali sono i borghi più belli in Emilia-Romagna?,borghi emilia romagna,14900
OBS-C-f9735313-EN,en,borghi,comparative,sogno,,Abruzzo,Abruzzo,what are the most beautiful villages in Abruzzo?,abruzzo villages,1620
OBS-C-fa49863a-IT,it,borghi,comparative,sogno,,Calabria,Calabria,quali sono i borghi più belli in Calabria?,borghi calabria,3970
OBS-I-004b80db-IT,it,borghi,internal,organizzazione,,Campiglia Marittima,Toscana,cosa vedere a Campiglia Marittima?,cosa vedere campiglia marittima,5520
OBS-I-00817c2f-IT,it,borghi,internal,hotel,,Marzamemi,Sicilia,quali sono i migliori hotel a Marzamemi?,hotel marzamemi,12110
OBS-I-008d8a1b-IT,it,borghi,internal,organizzazione,,Gangi,Sicilia,cosa vedere a Gangi?,gangi cosa vedere,5160
OBS-I-008fd71d-IT,it,borghi,internal,hotel,,Taggia,Liguria,quali sono i migliori hotel a Taggia?,hotel taggia,2020
OBS-I-00c0fb45-IT,it,borghi,internal,hotel,,Montalcino,Toscana,quali sono i migliori hotel a Montalcino?,hotel montalcino,10840
OBS-I-02758225-IT,it,borghi,internal,hotel,economici,Alberobello,Puglia,quali sono i migliori hotel economici ad Alberobello?,hotel economici alberobello,1760
OBS-I-046638ea-EN,en,borghi,internal,hotel,,Torgiano,Umbria,what are the best hotels in Torgiano?,torgiano hotels,1710
OBS-I-04a3adb4-IT,it,borghi,internal,hotel,,Frascati,Lazio,quali sono i migliori hotel a Frascati?,hotel frascati,14340
OBS-I-05c11688-EN,en,borghi,internal,hotel,,Ercolano,Campania,what are the best hotels in Ercolano?,hotels in ercolano,10300
OBS-I-05f3d14d-IT,it,borghi,internal,hotel,,Gradisca d'Isonzo,Friuli-Venezia Giulia,quali sono i migliori hotel a Gradisca d'Isonzo?,hotel gradisca d'isonzo,1640
OBS-I-0622042b-IT,it,borghi,internal,hotel,,Palazzolo Acreide,Sicilia,quali sono i migliori hotel a Palazzolo Acreide?,hotel palazzolo acreide,1840
OBS-I-06365a4d-IT,it,borghi,internal,organizzazione,,Asolo,Veneto,cosa vedere ad Asolo?,cosa vedere asolo,19900
OBS-I-0664a430-IT,it,borghi,internal,hotel,,Portovenere,Liguria,quali sono i migliori hotel a Portovenere?,hotel portovenere,21280
OBS-I-0698811d-EN,en,borghi,internal,hotel,,Sauris,Friuli-Venezia Giulia,what are the best hotels in Sauris?,sauris hotels,8180
OBS-I-06b025b9-IT,it,borghi,internal,organizzazione,,Soave,Veneto,cosa vedere a Soave?,cosa vedere soave,6190
OBS-I-071169bf-IT,it,borghi,internal,hotel,,Cittadella,Veneto,quali sono i migliori hotel a Cittadella?,hotel cittadella,4980
OBS-I-07191ad2-IT,it,borghi,internal,hotel,,Barga,Toscana,quali sono i migliori hotel a Barga?,hotel barga,2040
OBS-I-073fa1a5-IT,it,borghi,internal,hotel,,Gradara,Marche,quali sono i migliori hotel a Gradara?,hotel gradara,19660
OBS-I-07b090b4-EN,en,borghi,internal,hotel,,Posada,Sardegna,what are the best hotels in Posada?,posada hotels,25300
OBS-I-07c22dae-IT,it,borghi,internal,organizzazione,,Scilla,Calabria,cosa vedere a Scilla?,cosa vedere scilla,9380
OBS-I-0879cdf8-IT,it,borghi,internal,hotel,,Noli,Liguria,quali sono i migliori hotel a Noli?,hotel noli,17140
OBS-I-08afee60-EN,en,borghi,internal,organizzazione,,Erice,Sicilia,what to see in Erice?,things to do in erice,1940
OBS-I-0a97a42c-IT,it,borghi,internal,organizzazione,,Corinaldo,Marche,cosa vedere a Corinaldo?,cosa vedere corinaldo,11570
OBS-I-0b09a221-IT,it,borghi,internal,hotel,,Geraci Siculo,Sicilia,quali sono i migliori hotel a Geraci Siculo?,hotel geraci siculo,1290
OBS-I-0b56e289-EN,en,borghi,internal,hotel,,Neive,Piemonte,what are the best hotels in Neive?,neive hotels,3430
OBS-I-0bb32c8c-IT,it,borghi,internal,hotel,,Clusone,Lombardia,quali sono i migliori hotel a Clusone?,hotel clusone,11280
OBS-I-0c86bc47-IT,it,borghi,internal,organizzazione,,Anghiari,Toscana,cosa vedere ad Anghiari?,cosa vedere anghiari,18580
OBS-I-0c8ac3c8-EN,en,borghi,internal,hotel,,Tempio Pausania,Sardegna,what are the best hotels in Tempio Pausania?,tempio pausania hotels,4720
OBS-I-0da7328b-EN,en,borghi,internal,hotel,,Candelo,Piemonte,what are the best hotels in Candelo?,candelo hotels,4210
OBS-I-0dddf236-IT,it,borghi,internal,organizzazione,,Posada,Sardegna,cosa vedere a Posada?,cosa vedere posada,2000
OBS-I-0e141130-IT,it,borghi,internal,organizzazione,,Follina,Veneto,cosa vedere a Follina?,follina cosa vedere,2510
OBS-I-0e87b702-EN,en,borghi,internal,hotel,,Alberobello,Puglia,what are the best hotels in Alberobello?,hotels in alberobello,10650
OBS-I-0ec67063-EN,en,borghi,internal,hotel,,Cividale del Friuli,Friuli-Venezia Giulia,what are the best hotels in Cividale del Friuli?,cividale del friuli hotels,6970
OBS-I-0f1d0436-EN,en,borghi,internal,hotel,,Pietrapertosa,Basilicata,what are the best hotels in Pietrapertosa?,pietrapertosa hotels,1020
OBS-I-0f263969-IT,it,borghi,internal,hotel,,Maruggio,Puglia,quali sono i migliori hotel a Maruggio?,hotel maruggio,1400
OBS-I-0f864719-IT,it,borghi,internal,organizzazione,,Apricale,Liguria,cosa vedere ad Apricale?,apricale cosa vedere,3120
OBS-I-0f900f3c-IT,it,borghi,internal,organizzazione,,Cornello dei Tasso,Lombardia,cosa vedere a Cornello dei Tasso?,cornello dei tasso cosa vedere,4250
OBS-I-0feecab4-IT,it,borghi,internal,hotel,,Montaione,Toscana,quali sono i migliori hotel a Montaione?,hotel montaione,1180
OBS-I-1024e599-EN,en,borghi,internal,hotel,,Vipiteno,Trentino-Alto Adige,what are the best hotels in Vipiteno?,hotels in vipiteno,60600
OBS-I-1073a1ed-IT,it,borghi,internal,hotel,,Castel Gandolfo,Lazio,quali sono i migliori hotel a Castel Gandolfo?,hotel castel gandolfo,16800
OBS-I-1122d94b-IT,it,borghi,internal,organizzazione,,Montalcino,Toscana,cosa vedere a Montalcino?,cosa vedere montalcino,17660
OBS-I-11c8225d-IT,it,borghi,internal,hotel,,Tortona; Vho ,Piemonte,quali sono i migliori hotel a Tortona?,hotel tortona,9930
OBS-I-11c9a113-IT,it,borghi,internal,organizzazione,,Montalbano Elicona,Sicilia,cosa vedere a Montalbano Elicona?,montalbano elicona cosa vedere,2100
OBS-I-13bb46c4-IT,it,borghi,internal,hotel,,Cison di Valmarino,Veneto,quali sono i migliori hotel a Cison di Valmarino?,hotel cison di valmarino,1410
OBS-I-13cd8fd7-IT,it,borghi,internal,organizzazione,,Bassano del Grappa,Veneto,cosa vedere a Bassano del Grappa?,cosa vedere a bassano del grappa,21400
OBS-I-13d2d6e2-IT,it,borghi,internal,hotel,,San Gimignano,Toscana,quali sono i migliori hotel a San Gimignano?,san gimignano hotel,16160
OBS-I-14854a24-IT,it,borghi,internal,hotel,,Camogli,Liguria,quali sono i migliori hotel a Camogli?,hotel camogli,34200
OBS-I-156f2576-IT,it,borghi,internal,organizzazione,,Sperlinga,Sicilia,cosa vedere a Sperlinga?,sperlinga cosa vedere,3400
OBS-I-162326e6-EN,en,borghi,internal,hotel,,Marino,Lazio,what are the best hotels in Marino?,marino hotels,32700
OBS-I-16599f2a-EN,en,borghi,internal,hotel,,Castelmola,Sicilia,what are the best hotels in Castelmola?,castelmola hotels,1320
OBS-I-17297109-IT,it,borghi,internal,organizzazione,,Borghetto; Valeggio sul Mincio ,Veneto,cosa vedere a Borghetto; Valeggio sul Mincio?,borghetto valeggio sul mincio cosa vedere,1760
OBS-I-175ad425-IT,it,borghi,internal,organizzazione,,Guardia Perticara,Basilicata,cosa vedere a Guardia Perticara?,guardia perticara cosa vedere,1880
OBS-I-183e1d82-IT,it,borghi,internal,hotel,,Todi,Umbria,quali sono i migliori hotel a Todi?,hotel todi,7800
OBS-I-187f3bcf-IT,it,borghi,internal,hotel,,Chiusi,Toscana,quali sono i migliori hotel a Chiusi?,hotel chiusi,2910
OBS-I-18f10208-IT,it,borghi,internal,organizzazione,,Brisighella,Emilia-Romagna,cosa vedere a Brisighella?,cosa vedere brisighella,17800
OBS-I-192a6965-IT,it,borghi,internal,hotel,,Norcia,Umbria,quali sono i migliori hotel a Norcia?,hotel norcia,9870
OBS-I-194d4ad6-IT,it,borghi,internal,hotel,,Manarola,Liguria,quali sono i migliori hotel a Manarola?,hotel manarola,5880
OBS-I-1baa91fd-EN,en,borghi,internal,hotel,,Castelvetro di Modena,Emilia-Romagna,what are the best hotels in Castelvetro di Modena?,castelvetro di modena hotels,1450
OBS-I-1be3bbaa-IT,it,borghi,internal,organizzazione,,Garessio,Piemonte,cosa vedere a Garessio?,garessio cosa vedere,1510
OBS-I-1be5de00-IT,it,borghi,internal,organizzazione,,Caprarola,Lazio,cosa vedere a Caprarola?,cosa vedere caprarola,5420
OBS-I-1ca8b2c6-IT,it,borghi,internal,organizzazione,,Scheggino,Umbria,cosa vedere a Scheggino?,scheggino cosa vedere,4810
OBS-I-1ccf27ab-IT,it,borghi,internal,organizzazione,,Ostana,Piemonte,cosa vedere a Ostana?,ostana cosa vedere,4440
OBS-I-1ce2e122-EN,en,borghi,internal,organizzazione,,San Gimignano,Toscana,what to see in San Gimignano?,things to do in san gimignano,18260
OBS-I-1d009e17-EN,en,borghi,internal,hotel,,Melfi,Basilicata,what are the best hotels in Melfi?,melfi hotels,1170
OBS-I-1d95112d-IT,it,borghi,internal,hotel,,Rocca Calascio,Abruzzo,quali sono i migliori hotel a Rocca Calascio?,hotel rocca calascio,2460
OBS-I-1dcf5ecb-IT,it,borghi,internal,organizzazione,,Pompei,Campania,cosa vedere a Pompei?,cosa vedere a pompei,10020
OBS-I-1de29cf5-EN,en,borghi,internal,hotel,,Gangi,Sicilia,what are the best hotels in Gangi?,hotels in gangi,5290
OBS-I-1e1d0419-IT,it,borghi,internal,organizzazione,,Montegridolfo,Emilia-Romagna,cosa vedere a Montegridolfo?,montegridolfo cosa vedere,2890
OBS-I-1e47f30f-EN,en,borghi,internal,hotel,,Carloforte,Sardegna,what are the best hotels in Carloforte?,carloforte hotels,13060
OBS-I-1e951d73-IT,it,borghi,internal,organizzazione,,Irsina,Basilicata,cosa vedere a Irsina?,irsina cosa vedere,2770
OBS-I-1f87fb16-IT,it,borghi,internal,hotel,,Castelsardo,Sardegna,quali sono i migliori hotel a Castelsardo?,hotel castelsardo,9170
OBS-I-1f8a68fa-EN,en,borghi,internal,hotel,,Pitigliano,Toscana,what are the best hotels in Pitigliano?,pitigliano hotels,9230
OBS-I-1ffe5c32-IT,it,borghi,internal,organizzazione,,San Leo,Emilia-Romagna,cosa vedere a San Leo?,cosa vedere san leo,7440
OBS-I-200f8da2-IT,it,borghi,internal,hotel,,Ivrea,Piemonte,quali sono i migliori hotel a Ivrea?,hotel ivrea,9210
OBS-I-20b56a63-IT,it,borghi,internal,organizzazione,,Sadali,Sardegna,cosa vedere a Sadali?,sadali cosa vedere,1900
OBS-I-21591ceb-IT,it,borghi,internal,organizzazione,,Nemi,Lazio,cosa vedere a Nemi?,nemi cosa vedere,7000
OBS-I-21776d03-IT,it,borghi,internal,organizzazione,,Zavattarello,Lombardia,cosa vedere a Zavattarello?,zavattarello cosa vedere,4590
OBS-I-2212a80f-IT,it,borghi,internal,organizzazione,,Corniglia,Liguria,cosa vedere a Corniglia?,cosa vedere corniglia,5180
OBS-I-222303cc-EN,en,borghi,internal,organizzazione,,Pienza,Toscana,what to see in Pienza?,things to do in pienza,6770
OBS-I-22a83967-IT,it,borghi,internal,organizzazione,,Cisternino,Puglia,cosa vedere a Cisternino?,cosa vedere cisternino,9210
OBS-I-23013cc8-IT,it,borghi,internal,organizzazione,,Furore,Campania,cosa vedere a Furore?,furore cosa vedere,1000
OBS-I-241c0cf7-EN,en,borghi,internal,hotel,,Arco,Trentino-Alto Adige,what are the best hotels in Arco?,arco hotels,23500
OBS-I-24c8a87d-IT,it,borghi,internal,hotel,,Subiaco,Lazio,quali sono i migliori hotel a Subiaco?,hotel subiaco,6060
OBS-I-24c97d07-EN,en,borghi,internal,hotel,lusso,Ostuni,Puglia,what are the best luxury hotels in Ostuni?,ostuni luxury hotels,1530
OBS-I-25f94fd6-IT,it,borghi,internal,hotel,,Glorenza,Trentino-Alto Adige,quali sono i migliori hotel a Glorenza?,glorenza hotel,2590
OBS-I-261489aa-IT,it,borghi,internal,organizzazione,,Gradara,Marche,cosa vedere a Gradara?,cosa vedere gradara,14500
OBS-I-269761cd-EN,en,borghi,internal,hotel,,Petralia Soprana,Sicilia,what are the best hotels in Petralia Soprana?,petralia soprana hotels,1230
OBS-I-26d63eab-IT,it,borghi,internal,organizzazione,,Frontino,Marche,cosa vedere a Frontino?,frontino cosa vedere,1480
OBS-I-26f5b0ba-IT,it,borghi,internal,organizzazione,,Marzamemi,Sicilia,cosa vedere a Marzamemi?,marzamemi cosa vedere,19170
OBS-I-2769b9d6-IT,it,borghi,internal,organizzazione,,Santa Severina,Calabria,cosa vedere a Santa Severina?,santa severina cosa vedere,1300
OBS-I-27dec3ab-EN,en,borghi,internal,hotel,,Mel,Veneto,what are the best hotels in Mel?,mel hotels,596000
OBS-I-285f9037-IT,it,borghi,internal,organizzazione,,Panicale,Umbria,cosa vedere a Panicale?,panicale cosa vedere,2520
OBS-I-2864b150-IT,it,borghi,internal,organizzazione,,Roccascalegna,Abruzzo,cosa vedere a Roccascalegna?,roccascalegna cosa vedere,1150
OBS-I-28e857fb-IT,it,borghi,internal,hotel,,Bertinoro,Emilia-Romagna,quali sono i migliori hotel a Bertinoro?,hotel bertinoro,1990
OBS-I-293de716-EN,en,borghi,internal,hotel,,Campiglia Marittima,Toscana,what are the best hotels in Campiglia Marittima?,campiglia marittima hotels,3480
OBS-I-29789c5c-IT,it,borghi,internal,hotel,economici,Gubbio,Umbria,quali sono i migliori hotel economici a Gubbio?,hotel economici gubbio,1730
OBS-I-29fdb56a-EN,en,borghi,internal,hotel,economici,Palmanova,Friuli-Venezia Giulia,what are the best budget hotels in Palmanova?,palmanova cheap hotels,2470
OBS-I-2b054c2f-EN,en,borghi,internal,organizzazione,,Portovenere,Liguria,what to see in Portovenere?,things to do in portovenere,1500
OBS-I-2bb2e25d-IT,it,borghi,internal,organizzazione,,Cocconato,Piemonte,cosa vedere a Cocconato?,cocconato cosa vedere,2390
OBS-I-2bf2ef4d-IT,it,borghi,internal,hotel,,Fagagna,Friuli-Venezia Giulia,quali sono i migliori hotel a Fagagna?,hotel fagagna,1290
OBS-I-2d6f8a0f-IT,it,borghi,internal,organizzazione,,Castelmola,Sicilia,cosa vedere a Castelmola?,cosa vedere castelmola,3420
OBS-I-2dac0d30-IT,it,borghi,internal,organizzazione,,Clauiano,Friuli-Venezia Giulia,cosa vedere a Clauiano?,clauiano cosa vedere,1640
OBS-I-2dcdff02-IT,it,borghi,internal,hotel,,Egna/Neumarkt ,Trentino-Alto Adige,quali sono i migliori hotel a Egna?,hotel egna,3150
OBS-I-2eb3df9f-EN,en,borghi,internal,hotel,,Geraci Siculo,Sicilia,what are the best hotels in Geraci Siculo?,geraci siculo hotels,1360
OBS-I-2f20352b-IT,it,borghi,internal,hotel,economici,Camogli,Liguria,quali sono i migliori hotel economici a Camogli?,hotel economici camogli,1820
OBS-I-2f9e3157-IT,it,borghi,internal,hotel,,Follina,Veneto,quali sono i migliori hotel a Follina?,hotel follina,1310
OBS-I-2fa68dd3-IT,it,borghi,internal,organizzazione,,Montefalco,Umbria,cosa vedere a Montefalco?,montefalco cosa vedere,12050
OBS-I-2fcfc214-IT,it,borghi,internal,organizzazione,,Specchia,Puglia,cosa vedere a Specchia?,specchia cosa vedere,3700
OBS-I-30592067-IT,it,borghi,internal,hotel,,Anagni,Lazio,quali sono i migliori hotel ad Anagni?,hotel anagni,8600
OBS-I-30c12129-EN,en,borghi,internal,hotel,,Trevi,Umbria,what are the best hotels in Trevi?,trevi hotels,15000
OBS-I-30f629c8-EN,en,borghi,internal,hotel,,Portovenere,Liguria,what are the best hotels in Portovenere?,portovenere hotels,32400
OBS-I-3180caaa-IT,it,borghi,internal,hotel,,Venzone,Friuli-Venezia Giulia,quali sono i migliori hotel a Venzone?,hotel venzone,1240
OBS-I-31de8fd5-EN,en,borghi,internal,hotel,,Greccio,Lazio,what are the best hotels in Greccio?,greccio hotels,2420
OBS-I-321151f9-EN,en,borghi,internal,hotel,,Brugnato,Liguria,what are the best hotels in Brugnato?,brugnato hotels,1140
OBS-I-332bb03c-IT,it,borghi,internal,organizzazione,,Pienza,Toscana,cosa vedere a Pienza?,cosa vedere pienza,36200
OBS-I-333f509e-IT,it,borghi,internal,hotel,lusso,Ostuni,Puglia,quali sono i migliori hotel di lusso a Ostuni?,hotel 5 stelle ostuni,1470
OBS-I-33562923-IT,it,borghi,internal,organizzazione,,Offagna,Marche,cosa vedere a Offagna?,offagna cosa vedere,5830
OBS-I-336e7161-IT,it,borghi,internal,hotel,,Arquà Petrarca,Veneto,quali sono i migliori hotel ad Arquà Petrarca?,hotel arquà petrarca,1150
OBS-I-34026f6e-EN,en,borghi,internal,hotel,,Monte Sant'Angelo,Puglia,what are the best hotels in Monte Sant'Angelo?,monte sant'angelo hotels,1600
OBS-I-349aa6a0-IT,it,borghi,internal,organizzazione,,Gerace,Calabria,cosa vedere a Gerace?,gerace cosa vedere,3750
OBS-I-3518e0d3-EN,en,borghi,internal,hotel,,Sarnano,Marche,what are the best hotels in Sarnano?,sarnano hotels,4790
OBS-I-35e101af-EN,en,borghi,internal,organizzazione,,Martina Franca,Puglia,what to see in Martina Franca?,things to do in martina franca,2180
OBS-I-35fdcae5-IT,it,borghi,internal,organizzazione,,Morimondo,Lombardia,cosa vedere a Morimondo?,morimondo cosa vedere,3480
OBS-I-3645f29b-EN,en,borghi,internal,hotel,,Vitorchiano,Lazio,what are the best hotels in Vitorchiano?,vitorchiano hotels,1840
OBS-I-376060f9-EN,en,borghi,internal,hotel,lusso,Ravello,Campania,what are the best luxury hotels in Ravello?,luxury hotels in ravello,22400
OBS-I-37885051-EN,en,borghi,internal,hotel,,Canale di Tenno; Tenno ,Trentino-Alto Adige,what are the best hotels in Tenno?,hotels in tenno,3140
OBS-I-38460e93-EN,en,borghi,internal,hotel,,Montepulciano,Toscana,what are the best hotels in Montepulciano?,hotels in montepulciano,56900
OBS-I-389d6433-IT,it,borghi,internal,hotel,lusso,Ravello,Campania,quali sono i migliori hotel di lusso a Ravello?,hotel 5 stelle ravello,2040
OBS-I-3921a7b2-IT,it,borghi,internal,hotel,,Corinaldo,Marche,quali sono i migliori hotel a Corinaldo?,hotel corinaldo,2980
OBS-I-39e19df4-IT,it,borghi,internal,hotel,,Montagnana,Veneto,quali sono i migliori hotel a Montagnana?,hotel montagnana,1990
OBS-I-3a66a4c2-IT,it,borghi,internal,organizzazione,,Castelrotto,Trentino-Alto Adige,cosa vedere a Castelrotto?,cosa vedere castelrotto,5920
OBS-I-3a75c004-IT,it,borghi,internal,organizzazione,,Barolo,Piemonte,cosa vedere a Barolo?,cosa vedere barolo,5310
OBS-I-3b3dddb6-IT,it,borghi,internal,hotel,,Montepulciano,Toscana,quali sono i migliori hotel a Montepulciano?,hotel montepulciano,34000
OBS-I-3be2c2c6-EN,en,borghi,internal,hotel,,Cison di Valmarino,Veneto,what are the best hotels in Cison di Valmarino?,cison di valmarino hotels,1520
OBS-I-3bfaadb6-IT,it,borghi,internal,organizzazione,,Mondavio,Marche,cosa vedere a Mondavio?,mondavio cosa vedere,3240
OBS-I-3ca782e4-IT,it,borghi,internal,organizzazione,,Arco,Trentino-Alto Adige,cosa vedere ad Arco?,cosa vedere ad arco,1960
OBS-I-3cd940ab-IT,it,borghi,internal,hotel,,Atrani,Campania,quali sono i migliori hotel ad Atrani?,hotel atrani,3760
OBS-I-3cd98d6b-IT,it,borghi,internal,organizzazione,,Treia,Marche,cosa vedere a Treia?,treia cosa vedere,1520
OBS-I-3d09a6c3-IT,it,borghi,internal,organizzazione,,Calcata,Lazio,cosa vedere a Calcata?,cosa vedere calcata,8280
OBS-I-3d1375e6-IT,it,borghi,internal,organizzazione,,Fortunago,Lombardia,cosa vedere a Fortunago?,fortunago cosa vedere,4510
OBS-I-3d1ff5a2-EN,en,borghi,internal,organizzazione,,Alba,Piemonte,what to see in Alba?,what to do in alba,3390
OBS-I-3daf5597-IT,it,borghi,internal,organizzazione,,Civita di Bagnoregio,Lazio,cosa vedere a Civita di Bagnoregio?,civita di bagnoregio cosa vedere,10600
OBS-I-3f5f36fa-IT,it,borghi,internal,organizzazione,,Todi,Umbria,cosa vedere a Todi?,todi cosa vedere,16280
OBS-I-3fd1b626-IT,it,borghi,internal,organizzazione,,Poffabro,Friuli-Venezia Giulia,cosa vedere a Poffabro?,poffabro cosa vedere,2970
OBS-I-3fe6d17f-IT,it,borghi,internal,organizzazione,,Dozza,Emilia-Romagna,cosa vedere a Dozza?,dozza cosa vedere,10560
OBS-I-3feb5f8c-IT,it,borghi,internal,hotel,,Marostica,Veneto,quali sono i migliori hotel a Marostica?,hotel marostica,5480
OBS-I-4009c84a-IT,it,borghi,internal,organizzazione,,Castel Gandolfo,Lazio,cosa vedere a Castel Gandolfo?,cosa vedere castel gandolfo,15080
OBS-I-408e1124-EN,en,borghi,internal,hotel,,Rocca Calascio,Abruzzo,what are the best hotels in Rocca Calascio?,rocca calascio hotels,2580
OBS-I-41e129d4-EN,en,borghi,internal,organizzazione,,Todi,Umbria,what to see in Todi?,things to do in todi,1490
OBS-I-4367efbc-IT,it,borghi,internal,organizzazione,,Chiusa,Trentino-Alto Adige,cosa vedere a Chiusa?,chiusa cosa vedere,4640
OBS-I-43a76e96-EN,en,borghi,internal,hotel,,Sermoneta,Lazio,what are the best hotels in Sermoneta?,sermoneta hotels,2510
OBS-I-43b5b7b8-EN,en,borghi,internal,hotel,,Panicale,Umbria,what are the best hotels in Panicale?,panicale hotels,1570
OBS-I-43cc2352-IT,it,borghi,internal,organizzazione,,Martina Franca,Puglia,cosa vedere a Martina Franca?,cosa vedere martina franca,9110
OBS-I-46001e36-IT,it,borghi,internal,organizzazione,,Castelmezzano,Basilicata,cosa vedere a Castelmezzano?,cosa vedere castelmezzano,7570
OBS-I-463b4d40-EN,en,borghi,internal,organizzazione,,Montepulciano,Toscana,what to see in Montepulciano?,things to do in montepulciano,10630
OBS-I-46ad5e5a-IT,it,borghi,internal,organizzazione,,Albori; Vietri sul Mare ,Campania,cosa vedere a Vietri sul Mare?,cosa vedere a vietri sul mare,11390
OBS-I-47ba108c-IT,it,borghi,internal,organizzazione,,Castellaro Lagusello,Lombardia,cosa vedere a Castellaro Lagusello?,castellaro lagusello cosa vedere,8170
OBS-I-47d6fd55-EN,en,borghi,internal,hotel,,Furore,Campania,what are the best hotels in Furore?,hotels in furore,4010
OBS-I-48169f5d-IT,it,borghi,internal,organizzazione,,Chiusi,Toscana,cosa vedere a Chiusi?,cosa vedere chiusi,3180
OBS-I-48235088-IT,it,borghi,internal,organizzazione,,Scicli,Sicilia,cosa vedere a Scicli?,cosa vedere scicli,21010
OBS-I-4831191c-IT,it,borghi,internal,organizzazione,,Castelsardo,Sardegna,cosa vedere a Castelsardo?,cosa vedere castelsardo,6860
OBS-I-48cd4313-EN,en,borghi,internal,hotel,,Noto,Sicilia,what are the best hotels in Noto?,hotels in noto,6120
OBS-I-4967eeb9-EN,en,borghi,internal,hotel,,Bertinoro,Emilia-Romagna,what are the best hotels in Bertinoro?,bertinoro hotels,2380
OBS-I-49c4f7de-EN,en,borghi,internal,organizzazione,,Marzamemi,Sicilia,what to see in Marzamemi?,things to do in marzamemi,1230
OBS-I-4ab32989-EN,en,borghi,internal,hotel,,Subiaco,Lazio,what are the best hotels in Subiaco?,hotels in subiaco,218000
OBS-I-4bb94607-EN,en,borghi,internal,hotel,,Mezzano,Trentino-Alto Adige,what are the best hotels in Mezzano?,mezzano hotels,1970
OBS-I-4bc80300-EN,en,borghi,internal,hotel,,Atrani,Campania,what are the best hotels in Atrani?,atrani hotels,10870
OBS-I-4be4cd1e-IT,it,borghi,internal,hotel,,Ostuni,Puglia,quali sono i migliori hotel a Ostuni?,hotel ostuni,20860
OBS-I-4c5c1dc2-EN,en,borghi,internal,hotel,,Cusano Mutri,Campania,what are the best hotels in Cusano Mutri?,cusano mutri hotels,1750
OBS-I-4cbcb029-EN,en,borghi,internal,organizzazione,,Bosa,Sardegna,what to see in Bosa?,what to do in bosa,1770
OBS-I-4cd5b96d-IT,it,borghi,internal,organizzazione,,Compiano,Emilia-Romagna,cosa vedere a Compiano?,compiano cosa vedere,1270
OBS-I-4cf6ab3f-IT,it,borghi,internal,organizzazione,,Barga,Toscana,cosa vedere a Barga?,barga cosa vedere,5160
OBS-I-4d3fd7c3-IT,it,borghi,internal,organizzazione,,Soncino,Lombardia,cosa vedere a Soncino?,soncino cosa vedere,5900
OBS-I-4da39984-EN,en,borghi,internal,hotel,,Monteriggioni,Toscana,what are the best hotels in Monteriggioni?,hotels in monteriggioni,39300
OBS-I-4e53f894-IT,it,borghi,internal,hotel,,Dolceacqua,Liguria,quali sono i migliori hotel a Dolceacqua?,hotel dolceacqua,1280
OBS-I-4fbbbb2a-IT,it,borghi,internal,organizzazione,,Militello in Val di Catania,Sicilia,cosa vedere a Militello in Val di Catania?,militello in val di catania cosa vedere,1760
OBS-I-4fcc2ae6-IT,it,borghi,internal,organizzazione,,Galtellì,Sardegna,cosa vedere a Galtellì?,galtellì cosa vedere,1290
OBS-I-50bf30fe-IT,it,borghi,internal,organizzazione,,Manciano; Montemerano ,Toscana,cosa vedere a Montemerano?,montemerano cosa vedere,5390
OBS-I-50c18d2a-EN,en,borghi,internal,hotel,,Egna/Neumarkt ,Trentino-Alto Adige,what are the best hotels in Neumarkt?,neumarkt hotels,23700
OBS-I-50d4032b-EN,en,borghi,internal,hotel,,Craco,Basilicata,what are the best hotels in Craco?,craco hotels,2260
OBS-I-51299125-EN,en,borghi,internal,organizzazione,,Orvieto,Umbria,what to see in Orvieto?,things to do in orvieto,15300
OBS-I-515597c8-IT,it,borghi,internal,hotel,,Mel,Veneto,quali sono i migliori hotel a Mel?,hotel mel,1500
OBS-I-52b26e16-IT,it,borghi,internal,organizzazione,,Verucchio,Emilia-Romagna,cosa vedere a Verucchio?,verucchio cosa vedere,4810
OBS-I-539ba401-EN,en,borghi,internal,organizzazione,,Greve in Chianti; Montefioralle ,Toscana,what to see in Greve in Chianti?,things to do in greve in chianti,3030
OBS-I-550529a5-IT,it,borghi,internal,organizzazione,,Saluzzo,Piemonte,cosa vedere a Saluzzo?,cosa vedere saluzzo,6510
OBS-I-55a5e4b2-EN,en,borghi,internal,hotel,,Bevagna,Umbria,what are the best hotels in Bevagna?,bevagna hotels,4780
OBS-I-55ae1adc-EN,en,borghi,internal,organizzazione,,Locorotondo,Puglia,what to see in Locorotondo?,things to do in locorotondo,2780
OBS-I-55dd8e2f-IT,it,borghi,internal,hotel,,Tarquinia,Lazio,quali sono i migliori hotel a Tarquinia?,hotel tarquinia,11320
OBS-I-56c5dfa1-IT,it,borghi,internal,organizzazione,,Torgiano,Umbria,cosa vedere a Torgiano?,torgiano cosa vedere,1140
OBS-I-5741b075-EN,en,borghi,internal,hotel,,Rocca Imperiale,Calabria,what are the best hotels in Rocca Imperiale?,rocca imperiale hotels,1580
OBS-I-57b7ce85-IT,it,borghi,internal,organizzazione,,Cassinetta di Lugagnano,Lombardia,cosa vedere a Cassinetta di Lugagnano?,cassinetta di lugagnano cosa vedere,5140
OBS-I-58312308-IT,it,borghi,internal,organizzazione,,Vigoleno,Emilia-Romagna,cosa vedere a Vigoleno?,vigoleno cosa vedere,9830
OBS-I-58823c4b-IT,it,borghi,internal,organizzazione,,Subiaco,Lazio,cosa vedere a Subiaco?,cosa vedere subiaco,12430
OBS-I-58a51270-EN,en,borghi,internal,hotel,,Moresco,Marche,what are the best hotels in Moresco?,moresco hotels,12670
OBS-I-5969767b-IT,it,borghi,internal,organizzazione,,Locorotondo,Puglia,cosa vedere a Locorotondo?,cosa vedere locorotondo,19660
OBS-I-5a32a6f8-IT,it,borghi,internal,hotel,,Cividale del Friuli,Friuli-Venezia Giulia,quali sono i migliori hotel a Cividale del Friuli?,hotel cividale del friuli,4630
OBS-I-5a33d5e5-IT,it,borghi,internal,organizzazione,,Arcevia,Marche,cosa vedere ad Arcevia?,arcevia cosa vedere,4020
OBS-I-5a947e13-EN,en,borghi,internal,hotel,,Bassano del Grappa,Veneto,what are the best hotels in Bassano del Grappa?,bassano del grappa hotels,42100
OBS-I-5b3d401e-IT,it,borghi,internal,organizzazione,,Savoca,Sicilia,cosa vedere a Savoca?,savoca cosa vedere,3720
OBS-I-5b510da6-EN,en,borghi,internal,hotel,,Venosa,Basilicata,what are the best hotels in Venosa?,hotels in venosa,13250
OBS-I-5c8cb494-IT,it,borghi,internal,hotel,,Torgiano,Umbria,quali sono i migliori hotel a Torgiano?,hotel torgiano,1580
OBS-I-5c9304d8-IT,it,borghi,internal,organizzazione,,Egna/Neumarkt ,Trentino-Alto Adige,cosa vedere a Egna?,egna cosa vedere,1820
OBS-I-5d267dae-IT,it,borghi,internal,organizzazione,,Rocca Calascio,Abruzzo,cosa vedere a Rocca Calascio?,rocca calascio cosa vedere,1000
OBS-I-5e24e501-IT,it,borghi,internal,organizzazione,,Cervignano del Friuli; Strassoldo ,Friuli-Venezia Giulia,cosa vedere a Strassoldo?,strassoldo cosa vedere,2990
OBS-I-5e71ca76-IT,it,borghi,internal,hotel,,Vitorchiano,Lazio,quali sono i migliori hotel a Vitorchiano?,hotel vitorchiano,1700
OBS-I-5f17da74-IT,it,borghi,internal,organizzazione,,Portobuffolè,Veneto,cosa vedere a Portobuffolè?,portobuffolè cosa vedere,1750
OBS-I-5f27e00a-IT,it,borghi,internal,organizzazione,,Boville Ernica,Lazio,cosa vedere a Boville Ernica?,boville ernica cosa vedere,1290
OBS-I-5f50e291-EN,en,borghi,internal,hotel,,Morimondo,Lombardia,what are the best hotels in Morimondo?,morimondo hotels,17090
OBS-I-5f57770f-IT,it,borghi,internal,organizzazione,,Tempio Pausania,Sardegna,cosa vedere a Tempio Pausania?,cosa vedere tempio pausania,3680
OBS-I-6048c132-EN,en,borghi,internal,hotel,,Palazzolo Acreide,Sicilia,what are the best hotels in Palazzolo Acreide?,palazzolo acreide hotels,2190
OBS-I-60d498e0-EN,en,borghi,internal,hotel,,Ripatransone,Marche,what are the best hotels in Ripatransone?,ripatransone hotels,1090
OBS-I-61195190-IT,it,borghi,internal,hotel,,Ravello,Campania,quali sono i migliori hotel a Ravello?,ravello hotel,12920
OBS-I-611bb931-IT,it,borghi,internal,organizzazione,,Vernazza,Liguria,cosa vedere a Vernazza?,cosa vedere vernazza,8500
OBS-I-617b6949-IT,it,borghi,internal,organizzazione,,Clusone,Lombardia,cosa vedere a Clusone?,cosa vedere clusone,8010
OBS-I-63736982-EN,en,borghi,internal,organizzazione,,Atrani,Campania,what to see in Atrani?,things to do in atrani,2560
OBS-I-63e4e30c-EN,en,borghi,internal,hotel,,Barolo,Piemonte,what are the best hotels in Barolo?,hotels in barolo,64600
OBS-I-63e503bd-EN,en,borghi,internal,hotel,,Ostuni,Puglia,what are the best hotels in Ostuni?,hotels in ostuni,25780
OBS-I-642b50d1-EN,en,borghi,internal,hotel,,Anagni,Lazio,what are the best hotels in Anagni?,anagni hotels,8990
OBS-I-643e7357-EN,en,borghi,internal,hotel,,Bovino,Puglia,what are the best hotels in Bovino?,bovino hotels,1360
OBS-I-64ce12bf-IT,it,borghi,internal,hotel,,Framura,Liguria,quali sono i migliori hotel a Framura?,framura hotel,1150
OBS-I-64fd7101-EN,en,borghi,internal,hotel,,Orvieto,Umbria,what are the best hotels in Orvieto?,hotels in orvieto,70100
OBS-I-659957f8-EN,en,borghi,internal,hotel,,Noli,Liguria,what are the best hotels in Noli?,noli hotels,53100
OBS-I-65b4eb29-IT,it,borghi,internal,hotel,,Melfi,Basilicata,quali sono i migliori hotel a Melfi?,hotel melfi,3340
OBS-I-65d95463-EN,en,borghi,internal,hotel,,Bagno di Romagna,Emilia-Romagna,what are the best hotels in Bagno di Romagna?,bagno di romagna hotels,23100
OBS-I-66399283-IT,it,borghi,internal,hotel,,Manciano; Montemerano ,Toscana,quali sono i migliori hotel a Manciano?,hotel manciano,2500
OBS-I-665781bd-IT,it,borghi,internal,organizzazione,,Sauris,Friuli-Venezia Giulia,cosa vedere a Sauris?,sauris cosa vedere,2670
OBS-I-6665b21c-IT,it,borghi,internal,hotel,,Carloforte,Sardegna,quali sono i migliori hotel a Carloforte?,hotel carloforte,11180
OBS-I-68a0ba4a-IT,it,borghi,internal,organizzazione,,Gubbio,Umbria,cosa vedere a Gubbio?,cosa vedere gubbio,48900
OBS-I-69107d69-IT,it,borghi,internal,hotel,lusso,Camogli,Liguria,quali sono i migliori hotel di lusso a Camogli?,hotel 5 stelle camogli,1300
OBS-I-69207878-EN,en,borghi,internal,hotel,,Clusone,Lombardia,what are the best hotels in Clusone?,clusone hotels,12320
OBS-I-69b2b59b-IT,it,borghi,internal,hotel,,Trevi,Umbria,quali sono i migliori hotel a Trevi?,hotel trevi,93300
OBS-I-6b8fe6f6-IT,it,borghi,internal,hotel,,Vipiteno,Trentino-Alto Adige,quali sono i migliori hotel a Vipiteno?,hotel vipiteno,56100
OBS-I-6c1341b8-EN,en,borghi,internal,organizzazione,,Noto,Sicilia,what to see in Noto?,things to do in noto,7290
OBS-I-6ce216b7-IT,it,borghi,internal,organizzazione,,Ostuni,Puglia,cosa vedere a Ostuni?,cosa vedere ostuni,34060
OBS-I-6d404f4c-IT,it,borghi,internal,organizzazione,,Summonte,Campania,cosa vedere a Summonte?,summonte cosa vedere,2880
OBS-I-6e30a34e-IT,it,borghi,internal,hotel,,Greccio,Lazio,quali sono i migliori hotel a Greccio?,hotel greccio,2300
OBS-I-6eb9e3c5-IT,it,borghi,internal,organizzazione,,Bertinoro,Emilia-Romagna,cosa vedere a Bertinoro?,bertinoro cosa vedere,3350
OBS-I-6f4a4277-IT,it,borghi,internal,organizzazione,,Glorenza,Trentino-Alto Adige,cosa vedere a Glorenza?,glorenza cosa vedere,7920
OBS-I-7022fa44-IT,it,borghi,internal,hotel,,Anghiari,Toscana,quali sono i migliori hotel ad Anghiari?,hotel anghiari,3330
OBS-I-70834677-IT,it,borghi,internal,hotel,,Gangi,Sicilia,quali sono i migliori hotel a Gangi?,hotel gangi,4060
OBS-I-70b326a1-EN,en,borghi,internal,hotel,,Tortona; Vho ,Piemonte,what are the best hotels in Tortona?,tortona hotels,11440
OBS-I-71216258-IT,it,borghi,internal,hotel,,Verucchio,Emilia-Romagna,quali sono i migliori hotel a Verucchio?,hotel verucchio,1360
OBS-I-718f1231-IT,it,borghi,internal,organizzazione,,Melfi,Basilicata,cosa vedere a Melfi?,melfi cosa vedere,3980
OBS-I-71c3c450-EN,en,borghi,internal,organizzazione,,Civita di Bagnoregio,Lazio,what to see in Civita di Bagnoregio?,things to do in civita di bagnoregio,1330
OBS-I-722aa4a4-IT,it,borghi,internal,hotel,,Bassano del Grappa,Veneto,quali sono i migliori hotel a Bassano del Grappa?,hotel bassano del grappa,32200
OBS-I-7359ff06-IT,it,borghi,internal,hotel,,Pitigliano,Toscana,quali sono i migliori hotel a Pitigliano?,hotel pitigliano,7960
OBS-I-739ee027-IT,it,borghi,internal,organizzazione,,Montagnana,Veneto,cosa vedere a Montagnana?,cosa vedere montagnana,9300
OBS-I-73f76523-IT,it,borghi,internal,hotel,,Canale di Tenno; Tenno ,Trentino-Alto Adige,quali sono i migliori hotel a Tenno?,tenno hotel,2700
OBS-I-74a4a558-IT,it,borghi,internal,organizzazione,,Ossana,Trentino-Alto Adige,cosa vedere a Ossana?,ossana cosa vedere,2560
OBS-I-754bab59-IT,it,borghi,internal,hotel,,Castel di Tora,Lazio,quali sono i migliori hotel a Castel di Tora?,hotel castel di tora,1470
OBS-I-75b0513e-IT,it,borghi,internal,hotel,,Chiusa,Trentino-Alto Adige,quali sono i migliori hotel a Chiusa?,chiusa hotel,5260
OBS-I-76482f60-IT,it,borghi,internal,organizzazione,,Norcia,Umbria,cosa vedere a Norcia?,norcia cosa vedere,21280
OBS-I-7711d1fa-IT,it,borghi,internal,hotel,,Caprarola,Lazio,quali sono i migliori hotel a Caprarola?,hotel caprarola,1470
OBS-I-77666977-EN,en,borghi,internal,hotel,,Ivrea,Piemonte,what are the best hotels in Ivrea?,hotels in ivrea,1040
OBS-I-779316e2-EN,en,borghi,internal,hotel,,Barga,Toscana,what are the best hotels in Barga?,hotels in barga,4060
OBS-I-77c54272-EN,en,borghi,internal,hotel,lusso,Orvieto,Umbria,what are the best luxury hotels in Orvieto?,luxury hotels in orvieto,1200
OBS-I-77cb6af1-IT,it,borghi,internal,hotel,,Volterra,Toscana,quali sono i migliori hotel a Volterra?,hotel volterra,13440
OBS-I-77de8e76-EN,en,borghi,internal,hotel,,Santa Giustina,Veneto,what are the best hotels in Santa Giustina?,santa giustina hotels,1100
OBS-I-7822b1ed-IT,it,borghi,internal,hotel,,Castelvetro di Modena,Emilia-Romagna,quali sono i migliori hotel a Castelvetro di Modena?,hotel castelvetro di modena,1190
OBS-I-78c62674-IT,it,borghi,internal,hotel,,Soave,Veneto,quali sono i migliori hotel a Soave?,hotel soave,10800
OBS-I-78caafe9-IT,it,borghi,internal,hotel,,Conca dei Marini,Campania,quali sono i migliori hotel a Conca dei Marini?,hotel conca dei marini,3210
OBS-I-78efed5d-EN,en,borghi,internal,hotel,,Calcata,Lazio,what are the best hotels in Calcata?,calcata hotels,1020
OBS-I-78f71fd3-EN,en,borghi,internal,organizzazione,,Castel Gandolfo,Lazio,what to see in Castel Gandolfo?,things to do in castel gandolfo,1970
OBS-I-79ad4706-EN,en,borghi,internal,hotel,,Frascati,Lazio,what are the best hotels in Frascati?,hotels in frascati,19300
OBS-I-7a3f6287-IT,it,borghi,internal,hotel,,Pienza,Toscana,quali sono i migliori hotel a Pienza?,hotel pienza,15120
OBS-I-7acb6b9e-IT,it,borghi,internal,hotel,,Dozza,Emilia-Romagna,quali sono i migliori hotel a Dozza?,hotel dozza,11410
OBS-I-7b6c2ca1-EN,en,borghi,internal,hotel,,Nemi,Lazio,what are the best hotels in Nemi?,nemi hotels,70400
OBS-I-7c01c582-IT,it,borghi,internal,hotel,,Cisternino,Puglia,quali sono i migliori hotel a Cisternino?,hotel cisternino,3070
OBS-I-7c19d612-IT,it,borghi,internal,organizzazione,,Gradisca d'Isonzo,Friuli-Venezia Giulia,cosa vedere a Gradisca d'Isonzo?,gradisca d'isonzo cosa vedere,1950
OBS-I-7c1ef699-IT,it,borghi,internal,organizzazione,,Cividale del Friuli,Friuli-Venezia Giulia,cosa vedere a Cividale del Friuli?,cosa vedere cividale del friuli,11110
OBS-I-7eba8060-IT,it,borghi,internal,organizzazione,,Alba,Piemonte,cosa vedere ad Alba?,cosa vedere ad alba,13350
OBS-I-7edbe9c8-EN,en,borghi,internal,organizzazione,,Bassano del Grappa,Veneto,what to see in Bassano del Grappa?,things to do in bassano del grappa,2410
OBS-I-7f24b46e-IT,it,borghi,internal,organizzazione,,Monte Sant'Angelo,Puglia,cosa vedere a Monte Sant'Angelo?,monte sant'angelo cosa vedere,2920
OBS-I-7f6643d3-IT,it,borghi,internal,organizzazione,,Castagnole delle Lanze,Piemonte,cosa vedere a Castagnole delle Lanze?,castagnole delle lanze cosa vedere,1650
OBS-I-7fd03f11-EN,en,borghi,internal,hotel,,Rassa,Piemonte,what are the best hotels in Rassa?,rassa hotels,3240
OBS-I-802dff85-IT,it,borghi,internal,organizzazione,,Acerenza,Basilicata,cosa vedere ad Acerenza?,acerenza cosa vedere,3500
OBS-I-80c72944-IT,it,borghi,internal,hotel,,Chianale,Piemonte,quali sono i migliori hotel a Chianale?,chianale hotel,2780
OBS-I-80ee9e12-EN,en,borghi,internal,hotel,,Cervignano del Friuli; Strassoldo ,Friuli-Venezia Giulia,what are the best hotels in Cervignano del Friuli?,cervignano del friuli hotels,3400
OBS-I-81b751bf-EN,en,borghi,internal,hotel,lusso,Montepulciano,Toscana,what are the best luxury hotels in Montepulciano?,luxury hotels in montepulciano,1200
OBS-I-81d5ba30-IT,it,borghi,internal,organizzazione,,Rotondella,Basilicata,cosa vedere a Rotondella?,rotondella cosa vedere,1370
OBS-I-81ed5ad1-IT,it,borghi,internal,organizzazione,,Aggius,Sardegna,cosa vedere ad Aggius?,aggius cosa vedere,1630
OBS-I-82445b02-IT,it,borghi,internal,organizzazione,,Pietrapertosa,Basilicata,cosa vedere a Pietrapertosa?,pietrapertosa cosa vedere,6440
OBS-I-82458951-EN,en,borghi,internal,hotel,,San Leo,Emilia-Romagna,what are the best hotels in San Leo?,hotels in san leo,5670
OBS-I-827b07ea-IT,it,borghi,internal,organizzazione,,Monforte d'Alba,Piemonte,cosa vedere a Monforte d'Alba?,monforte d'alba cosa vedere,2810
OBS-I-82913a3d-IT,it,borghi,internal,hotel,,Morimondo,Lombardia,quali sono i migliori hotel a Morimondo?,hotel morimondo,15820
OBS-I-837891b3-EN,en,borghi,internal,hotel,,Vernazza,Liguria,what are the best hotels in Vernazza?,hotels in vernazza,30400
OBS-I-840ec836-EN,en,borghi,internal,hotel,,Spello,Umbria,what are the best hotels in Spello?,spello hotels,6100
OBS-I-84c2532e-EN,en,borghi,internal,hotel,,Bosa,Sardegna,what are the best hotels in Bosa?,hotels in bosa,9270
OBS-I-84cc2a13-EN,en,borghi,internal,organizzazione,,Subiaco,Lazio,what to see in Subiaco?,things to do in subiaco,2830
OBS-I-84de2dd4-IT,it,borghi,internal,organizzazione,,Castelvetro di Modena,Emilia-Romagna,cosa vedere a Castelvetro di Modena?,castelvetro di modena cosa vedere,2400
OBS-I-84f78a35-EN,en,borghi,internal,organizzazione,,Corniglia,Liguria,what to see in Corniglia?,things to do in corniglia,1400
OBS-I-85ad2263-EN,en,borghi,internal,hotel,,Ravello,Campania,what are the best hotels in Ravello?,hotels in ravello,64800
OBS-I-85e752b0-IT,it,borghi,internal,organizzazione,,Cordovado,Friuli-Venezia Giulia,cosa vedere a Cordovado?,cordovado cosa vedere,3460
OBS-I-867b35e5-EN,en,borghi,internal,hotel,,Fagagna,Friuli-Venezia Giulia,what are the best hotels in Fagagna?,fagagna hotels,1570
OBS-I-882ae470-EN,en,borghi,internal,organizzazione,,Cortona,Toscana,what to see in Cortona?,things to do in cortona,9790
OBS-I-889da2b8-IT,it,borghi,internal,organizzazione,,Tortona; Vho ,Piemonte,cosa vedere a Tortona?,cosa vedere tortona,4130
OBS-I-88a0fb9e-EN,en,borghi,internal,hotel,,Viggianello,Basilicata,what are the best hotels in Viggianello?,viggianello hotels,1440
OBS-I-89a61519-IT,it,borghi,internal,hotel,,Saluzzo,Piemonte,quali sono i migliori hotel a Saluzzo?,hotel saluzzo,7590
OBS-I-89b38188-IT,it,borghi,internal,hotel,,Vigoleno,Emilia-Romagna,quali sono i migliori hotel a Vigoleno?,hotel vigoleno,2030
OBS-I-8a6b072c-IT,it,borghi,internal,hotel,,Monforte d'Alba,Piemonte,quali sono i migliori hotel a Monforte d'Alba?,hotel monforte d'alba,1740
OBS-I-8b4c6a1f-IT,it,borghi,internal,organizzazione,,Campo Ligure,Liguria,cosa vedere a Campo Ligure?,campo ligure cosa vedere,2590
OBS-I-8b87e322-IT,it,borghi,internal,hotel,,Locorotondo,Puglia,quali sono i migliori hotel a Locorotondo?,hotel locorotondo,14640
OBS-I-8bf98003-IT,it,borghi,internal,organizzazione,,Aliano,Basilicata,cosa vedere ad Aliano?,aliano cosa vedere,2190
OBS-I-8ca67d09-IT,it,borghi,internal,organizzazione,,Viggianello,Basilicata,cosa vedere a Viggianello?,viggianello cosa vedere,3860
OBS-I-8dc1438e-EN,en,borghi,internal,hotel,,Todi,Umbria,what are the best hotels in Todi?,hotels in todi,10780
OBS-I-8e0c8054-IT,it,borghi,internal,organizzazione,,Frascati,Lazio,cosa vedere a Frascati?,cosa vedere a frascati,9050
OBS-I-8e536664-IT,it,borghi,internal,hotel,,San Lorenzo Dorsino,Trentino-Alto Adige,quali sono i migliori hotel a San Lorenzo Dorsino?,hotel san lorenzo dorsino,5030
OBS-I-8e70ec02-IT,it,borghi,internal,organizzazione,,Venosa,Basilicata,cosa vedere a Venosa?,cosa vedere venosa,5730
OBS-I-8ec0bbac-IT,it,borghi,internal,hotel,,Offida,Marche,quali sono i migliori hotel a Offida?,hotel offida,1590
OBS-I-8ff0f48f-EN,en,borghi,internal,organizzazione,,Mel,Veneto,what to see in Mel?,things to do in mel,1012500
OBS-I-90038885-IT,it,borghi,internal,organizzazione,,Fagagna,Friuli-Venezia Giulia,cosa vedere a Fagagna?,fagagna cosa vedere,2520
OBS-I-9292a8ad-IT,it,borghi,internal,organizzazione,,Palmanova,Friuli-Venezia Giulia,cosa vedere a Palmanova?,cosa vedere palmanova,17180
OBS-I-9292b17f-IT,it,borghi,internal,organizzazione,,Civitella del Tronto,Abruzzo,cosa vedere a Civitella del Tronto?,civitella del tronto cosa vedere,4150
OBS-I-92bdbde6-IT,it,borghi,internal,organizzazione,,San Gimignano,Toscana,cosa vedere a San Gimignano?,cosa vedere san gimignano,45200
OBS-I-93171ce0-EN,en,borghi,internal,hotel,,Martina Franca,Puglia,what are the best hotels in Martina Franca?,hotels in martina franca,2230
OBS-I-93863012-EN,en,borghi,internal,hotel,,Savoca,Sicilia,what are the best hotels in Savoca?,hotels in savoca,2240
OBS-I-93c2023a-IT,it,borghi,internal,organizzazione,,Cittadella,Veneto,cosa vedere a Cittadella?,cosa vedere cittadella,4630
OBS-I-93caa573-EN,en,borghi,internal,hotel,,Cortona,Toscana,what are the best hotels in Cortona?,hotels in cortona,20000
OBS-I-940a1a4d-IT,it,borghi,internal,hotel,,Cingoli,Marche,quali sono i migliori hotel a Cingoli?,hotel cingoli,2050
OBS-I-9412cf3a-IT,it,borghi,internal,organizzazione,,Atrani,Campania,cosa vedere ad Atrani?,cosa vedere atrani,2670
OBS-I-9429edf2-IT,it,borghi,internal,organizzazione,,Cingoli,Marche,cosa vedere a Cingoli?,cosa vedere cingoli,5880
OBS-I-946438ad-IT,it,borghi,internal,organizzazione,,Canale di Tenno; Tenno ,Trentino-Alto Adige,cosa vedere a Canale di Tenno?,canale di tenno cosa vedere,2430
OBS-I-94e54e56-EN,en,borghi,internal,hotel,,Cisternino,Puglia,what are the best hotels in Cisternino?,cisternino hotels,3390
OBS-I-9508a63f-EN,en,borghi,internal,hotel,,Riomaggiore,Liguria,what are the best hotels in Riomaggiore?,hotels in riomaggiore,11640
OBS-I-958c6eab-IT,it,borghi,internal,hotel,,Civita di Bagnoregio,Lazio,quali sono i migliori hotel a Civita di Bagnoregio?,hotel civita di bagnoregio,5220
OBS-I-95d9085b-IT,it,borghi,internal,hotel,,Marino,Lazio,quali sono i migliori hotel a Marino?,hotel marino,2110
OBS-I-95e7c681-EN,en,borghi,internal,hotel,,Civita di Bagnoregio,Lazio,what are the best hotels in Civita di Bagnoregio?,civita di bagnoregio hotels,6870
OBS-I-95e83f1d-IT,it,borghi,internal,organizzazione,,Mombaldone,Piemonte,cosa vedere a Mombaldone?,mombaldone cosa vedere,1740
OBS-I-96146421-IT,it,borghi,internal,hotel,,Montefalco,Umbria,quali sono i migliori hotel a Montefalco?,hotel montefalco,7430
OBS-I-9630b533-IT,it,borghi,internal,organizzazione,,Nusco,Campania,cosa vedere a Nusco?,nusco cosa vedere,1500
OBS-I-96d9a5da-IT,it,borghi,internal,hotel,,Borghetto; Valeggio sul Mincio ,Veneto,quali sono i migliori hotel a Borghetto; Valeggio sul Mincio?,hotel borghetto valeggio sul mincio,2520
OBS-I-96e59cf6-IT,it,borghi,internal,organizzazione,,Varese Ligure,Liguria,cosa vedere a Varese Ligure?,varese ligure cosa vedere,1800
OBS-I-97446306-EN,en,borghi,internal,hotel,,Chianale,Piemonte,what are the best hotels in Chianale?,chianale hotels,3050
OBS-I-9769d449-IT,it,borghi,internal,hotel,,Scheggino,Umbria,quali sono i migliori hotel a Scheggino?,hotel scheggino,1730
OBS-I-97a19242-IT,it,borghi,internal,hotel,,Scicli,Sicilia,quali sono i migliori hotel a Scicli?,hotel scicli,5000
OBS-I-97ec9815-IT,it,borghi,internal,organizzazione,,Vogogna,Piemonte,cosa vedere a Vogogna?,vogogna cosa vedere,3000
OBS-I-98680f57-EN,en,borghi,internal,hotel,,Maruggio,Puglia,what are the best hotels in Maruggio?,maruggio hotels,1610
OBS-I-9883d92d-EN,en,borghi,internal,hotel,economici,Mel,Veneto,what are the best budget hotels in Mel?,cheap hotels in mel,91500
OBS-I-9885396d-IT,it,borghi,internal,organizzazione,,Sermoneta,Lazio,cosa vedere a Sermoneta?,cosa vedere sermoneta,10070
OBS-I-99639166-EN,en,borghi,internal,hotel,,Marostica,Veneto,what are the best hotels in Marostica?,marostica hotels,6370
OBS-I-9a3422f0-IT,it,borghi,internal,organizzazione,,Anagni,Lazio,cosa vedere ad Anagni?,cosa vedere anagni,23000
OBS-I-9a709e2f-IT,it,borghi,internal,hotel,economici,Vipiteno,Trentino-Alto Adige,quali sono i migliori hotel economici a Vipiteno?,hotel economici vipiteno,2740
OBS-I-9a7a3d12-EN,en,borghi,internal,hotel,,Sadali,Sardegna,what are the best hotels in Sadali?,sadali hotels,1070
OBS-I-9ad20c1d-IT,it,borghi,internal,hotel,,Bobbio,Emilia-Romagna,quali sono i migliori hotel a Bobbio?,hotel bobbio,3020
OBS-I-9adbaa56-EN,en,borghi,internal,organizzazione,,Scilla,Calabria,what to see in Scilla?,things to do in scilla,2030
OBS-I-9cb92c75-IT,it,borghi,internal,organizzazione,,Cortona,Toscana,cosa vedere a Cortona?,cosa vedere cortona,28600
OBS-I-9cd6fb18-EN,en,borghi,internal,hotel,,Scilla,Calabria,what are the best hotels in Scilla?,scilla hotels,7890
OBS-I-9cda57c5-EN,en,borghi,internal,hotel,,Corinaldo,Marche,what are the best hotels in Corinaldo?,corinaldo hotels,3210
OBS-I-9d13d40f-IT,it,borghi,internal,organizzazione,,Alberobello,Puglia,cosa vedere ad Alberobello?,cosa vedere alberobello,16770
OBS-I-9e1c0712-IT,it,borghi,internal,organizzazione,,Rosazza,Piemonte,cosa vedere a Rosazza?,rosazza cosa vedere,3200
OBS-I-9eec8ea6-EN,en,borghi,internal,hotel,,Palmanova,Friuli-Venezia Giulia,what are the best hotels in Palmanova?,palmanova hotels,58300
OBS-I-9ef8398c-EN,en,borghi,internal,hotel,,Gubbio,Umbria,what are the best hotels in Gubbio?,hotels in gubbio,13670
OBS-I-9f1ab436-EN,en,borghi,internal,organizzazione,,Vernazza,Liguria,what to see in Vernazza?,things to do in vernazza,5560
OBS-I-9f45d74f-IT,it,borghi,internal,organizzazione,,Tarquinia,Lazio,cosa vedere a Tarquinia?,cosa vedere tarquinia,14850
OBS-I-9fb2623b-IT,it,borghi,internal,organizzazione,,Pitigliano,Toscana,cosa vedere a Pitigliano?,cosa vedere pitigliano,25400
OBS-I-9fcc3172-IT,it,borghi,internal,hotel,,Petralia Soprana,Sicilia,quali sono i migliori hotel a Petralia Soprana?,petralia soprana hotel,1050
OBS-I-a0de08f7-IT,it,borghi,internal,hotel,,Barolo,Piemonte,quali sono i migliori hotel a Barolo?,hotel barolo,20960
OBS-I-a17270ce-IT,it,borghi,internal,organizzazione,,Cusano Mutri,Campania,cosa vedere a Cusano Mutri?,cusano mutri cosa vedere,1860
OBS-I-a1ef842c-IT,it,borghi,internal,hotel,,Mezzano,Trentino-Alto Adige,quali sono i migliori hotel a Mezzano?,hotel mezzano,1660
OBS-I-a2a4afbc-IT,it,borghi,internal,organizzazione,,Offida,Marche,cosa vedere a Offida?,cosa vedere offida,10770
OBS-I-a2aad442-IT,it,borghi,internal,hotel,,Castelrotto,Trentino-Alto Adige,quali sono i migliori hotel a Castelrotto?,hotel castelrotto,23100
OBS-I-a33294f0-IT,it,borghi,internal,hotel,,Asolo,Veneto,quali sono i migliori hotel ad Asolo?,hotel asolo,23600
OBS-I-a40d51d3-IT,it,borghi,internal,hotel,,Corniglia,Liguria,quali sono i migliori hotel a Corniglia?,hotel corniglia,1450
OBS-I-a425b8ca-IT,it,borghi,internal,organizzazione,,Marino,Lazio,cosa vedere a Marino?,cosa vedere a marino,1000
OBS-I-a43ba667-IT,it,borghi,internal,organizzazione,,Montepulciano,Toscana,cosa vedere a Montepulciano?,cosa vedere montepulciano,20380
OBS-I-a4e9e029-IT,it,borghi,internal,organizzazione,,Manarola,Liguria,cosa vedere a Manarola?,cosa vedere manarola,6480
OBS-I-a5627294-IT,it,borghi,internal,organizzazione,,Noli,Liguria,cosa vedere a Noli?,noli cosa vedere,3670
OBS-I-a57184a5-EN,en,borghi,internal,organizzazione,,Riomaggiore,Liguria,what to see in Riomaggiore?,things to do in riomaggiore,5230
OBS-I-a5cac236-IT,it,borghi,internal,organizzazione,,Borgio Verezzi,Liguria,cosa vedere a Borgio Verezzi?,borgio verezzi cosa vedere,5830
OBS-I-a600ba84-IT,it,borghi,internal,organizzazione,,Luserna,Trentino-Alto Adige,cosa vedere a Luserna?,luserna cosa vedere,1370
OBS-I-a670eeed-EN,en,borghi,internal,hotel,,Montesarchio,Campania,what are the best hotels in Montesarchio?,montesarchio hotels,1870
OBS-I-a699450f-IT,it,borghi,internal,hotel,,Noto,Sicilia,quali sono i migliori hotel a Noto?,hotel noto,89100
OBS-I-a701007a-IT,it,borghi,internal,organizzazione,,Petralia Soprana,Sicilia,cosa vedere a Petralia Soprana?,petralia soprana cosa vedere,4860
OBS-I-a8584590-EN,en,borghi,internal,hotel,,Castel di Tora,Lazio,what are the best hotels in Castel di Tora?,castel di tora hotels,1520
OBS-I-a8fb007a-IT,it,borghi,internal,organizzazione,,Dolceacqua,Liguria,cosa vedere a Dolceacqua?,dolceacqua cosa vedere,4660
OBS-I-a9169a59-IT,it,borghi,internal,hotel,,Spello,Umbria,quali sono i migliori hotel a Spello?,hotel spello,14440
OBS-I-a9877f43-IT,it,borghi,internal,organizzazione,,Venzone,Friuli-Venezia Giulia,cosa vedere a Venzone?,venzone cosa vedere,7700
OBS-I-a9af4097-IT,it,borghi,internal,hotel,,San Leo,Emilia-Romagna,quali sono i migliori hotel a San Leo?,hotel san leo,5010
OBS-I-a9ef9938-IT,it,borghi,internal,organizzazione,,Trevi,Umbria,cosa vedere a Trevi?,trevi cosa vedere,6710
OBS-I-aad772fd-IT,it,borghi,internal,organizzazione,,Bobbio,Emilia-Romagna,cosa vedere a Bobbio?,cosa vedere bobbio,14220
OBS-I-aae0a03e-IT,it,borghi,internal,hotel,,Monte Sant'Angelo,Puglia,quali sono i migliori hotel a Monte Sant'Angelo?,hotel monte sant'angelo,4650
OBS-I-abf496da-EN,en,borghi,internal,organizzazione,,Palmanova,Friuli-Venezia Giulia,what to see in Palmanova?,things to do in palmanova,5610
OBS-I-ac588349-EN,en,borghi,internal,organizzazione,,Spello,Umbria,what to see in Spello?,things to do in spello,2000
OBS-I-acde1f01-IT,it,borghi,internal,organizzazione,,Bagno di Romagna,Emilia-Romagna,cosa vedere a Bagno di Romagna?,cosa vedere bagno di romagna,5080
OBS-I-adcb7437-EN,en,borghi,internal,hotel,,Sabbioneta,Lombardia,what are the best hotels in Sabbioneta?,sabbioneta hotels,2980
OBS-I-ade8a687-EN,en,borghi,internal,organizzazione,,Montalcino,Toscana,what to see in Montalcino?,things to do in montalcino,2930
OBS-I-ae359b0d-IT,it,borghi,internal,hotel,,Cortona,Toscana,quali sono i migliori hotel a Cortona?,hotel cortona,11130
OBS-I-aeb5d915-EN,en,borghi,internal,hotel,,Alba,Piemonte,what are the best hotels in Alba?,alba hotels,146200
OBS-I-af5a0cd7-EN,en,borghi,internal,hotel,,Albori; Vietri sul Mare ,Campania,what are the best hotels in Vietri sul Mare?,hotels in vietri sul mare,1850
OBS-I-af815b4e-EN,en,borghi,internal,hotel,,Brisighella,Emilia-Romagna,what are the best hotels in Brisighella?,brisighella hotels,4290
OBS-I-af9cd0a2-EN,en,borghi,internal,hotel,,Chiusi,Toscana,what are the best hotels in Chiusi?,chiusi hotels,3660
OBS-I-afe7f63a-IT,it,borghi,internal,organizzazione,,Orvieto,Umbria,cosa vedere a Orvieto?,cosa vedere orvieto,55800
OBS-I-b013077c-IT,it,borghi,internal,organizzazione,,Pieve Tesino,Trentino-Alto Adige,cosa vedere a Pieve Tesino?,pieve tesino cosa vedere,1280
OBS-I-b018db4b-IT,it,borghi,internal,hotel,,Pompei,Campania,quali sono i migliori hotel a Pompei?,hotel pompei,24100
OBS-I-b073f92f-EN,en,borghi,internal,hotel,,Castelrotto,Trentino-Alto Adige,what are the best hotels in Castelrotto?,castelrotto hotels,1410
OBS-I-b0bbc6c5-IT,it,borghi,internal,hotel,,Gubbio,Umbria,quali sono i migliori hotel a Gubbio?,hotel gubbio,25960
OBS-I-b0fc6d20-IT,it,borghi,internal,organizzazione,,Bevagna,Umbria,cosa vedere a Bevagna?,cosa vedere bevagna,28700
OBS-I-b138a95a-IT,it,borghi,internal,organizzazione,,Ripatransone,Marche,cosa vedere a Ripatransone?,ripatransone cosa vedere,5140
OBS-I-b181120d-IT,it,borghi,internal,hotel,,Monteverde,Campania,quali sono i migliori hotel a Monteverde?,hotel monteverde,21000
OBS-I-b1edb601-IT,it,borghi,internal,hotel,,Scilla,Calabria,quali sono i migliori hotel a Scilla?,hotel scilla,21300
OBS-I-b21bb6ef-IT,it,borghi,internal,organizzazione,,Vipiteno,Trentino-Alto Adige,cosa vedere a Vipiteno?,cosa vedere vipiteno,24860
OBS-I-b24446a0-IT,it,borghi,internal,hotel,,Cervignano del Friuli; Strassoldo ,Friuli-Venezia Giulia,quali sono i migliori hotel a Cervignano del Friuli?,hotel cervignano del friuli,2950
OBS-I-b2b3c681-EN,en,borghi,internal,hotel,,Chiusa,Trentino-Alto Adige,what are the best hotels in Chiusa?,chiusa hotels,5830
OBS-I-b3de983b-IT,it,borghi,internal,organizzazione,,Neive,Piemonte,cosa vedere a Neive?,neive cosa vedere,7420
OBS-I-b4b62c3a-IT,it,borghi,internal,organizzazione,,Guarene,Piemonte,cosa vedere a Guarene?,guarene cosa vedere,1070
OBS-I-b4d59b09-IT,it,borghi,internal,organizzazione,,Camogli,Liguria,cosa vedere a Camogli?,cosa vedere camogli,9380
OBS-I-b52fe86a-IT,it,borghi,internal,hotel,,Moresco,Marche,quali sono i migliori hotel a Moresco?,hotel moresco,68700
OBS-I-b54f47e3-IT,it,borghi,internal,organizzazione,,Arquà Petrarca,Veneto,cosa vedere ad Arquà Petrarca?,arquà petrarca cosa vedere,9140
OBS-I-b5aa6bdb-IT,it,borghi,internal,hotel,,Arco,Trentino-Alto Adige,quali sono i migliori hotel ad Arco?,hotel arco,5280
OBS-I-b6685a2c-IT,it,borghi,internal,hotel,,Ercolano,Campania,quali sono i migliori hotel a Ercolano?,hotel ercolano,8290
OBS-I-b671bd8a-IT,it,borghi,internal,hotel,,Orvieto,Umbria,quali sono i migliori hotel a Orvieto?,hotel orvieto,53600
OBS-I-b725b376-EN,en,borghi,internal,hotel,,Corniglia,Liguria,what are the best hotels in Corniglia?,hotels in corniglia,1130
OBS-I-b80ac021-IT,it,borghi,internal,hotel,,Posada,Sardegna,quali sono i migliori hotel a Posada?,hotel posada,3190
OBS-I-b821b419-EN,en,borghi,internal,hotel,,Camogli,Liguria,what are the best hotels in Camogli?,hotels in camogli,9330
OBS-I-b82c6cb7-EN,en,borghi,internal,hotel,,Pompei,Campania,what are the best hotels in Pompei?,pompei hotels,8890
OBS-I-b852d498-EN,en,borghi,internal,hotel,,Borghetto; Valeggio sul Mincio ,Veneto,what are the best hotels in Valeggio sul Mincio?,valeggio sul mincio hotels,17480
OBS-I-b938a38c-EN,en,borghi,internal,organizzazione,,Monteriggioni,Toscana,what to see in Monteriggioni?,things to do in monteriggioni,1760
OBS-I-b9958e6d-IT,it,borghi,internal,hotel,,Bondone,Trentino-Alto Adige,quali sono i migliori hotel a Bondone?,hotel bondone,7760
OBS-I-b9a07c44-IT,it,borghi,internal,hotel,,Civitella del Tronto,Abruzzo,quali sono i migliori hotel a Civitella del Tronto?,hotel civitella del tronto,1080
OBS-I-b9e1ee49-IT,it,borghi,internal,hotel,,Monteriggioni,Toscana,quali sono i migliori hotel a Monteriggioni?,hotel monteriggioni,23000
OBS-I-ba2203f1-EN,en,borghi,internal,hotel,,Soave,Veneto,what are the best hotels in Soave?,soave hotels,4480
OBS-I-ba29eae7-IT,it,borghi,internal,hotel,,Brisighella,Emilia-Romagna,quali sono i migliori hotel a Brisighella?,hotel brisighella,3250
OBS-I-bb403063-IT,it,borghi,internal,hotel,,Sermoneta,Lazio,quali sono i migliori hotel a Sermoneta?,hotel sermoneta,2390
OBS-I-bb7f212a-IT,it,borghi,internal,hotel,,Alba,Piemonte,quali sono i migliori hotel ad Alba?,hotel alba,104200
OBS-I-bc40daa9-EN,en,borghi,internal,hotel,,Cingoli,Marche,what are the best hotels in Cingoli?,cingoli hotels,2230
OBS-I-bdc47b18-EN,en,borghi,internal,hotel,,Tarquinia,Lazio,what are the best hotels in Tarquinia?,hotels in tarquinia,12620
OBS-I-be9910fa-EN,en,borghi,internal,hotel,,Castel Gandolfo,Lazio,what are the best hotels in Castel Gandolfo?,hotels in castel gandolfo,23300
OBS-I-bffdcca1-EN,en,borghi,internal,organizzazione,,Frascati,Lazio,what to see in Frascati?,things to do in frascati,1900
OBS-I-c11d7d91-IT,it,borghi,internal,hotel,,Cervo,Liguria,quali sono i migliori hotel a Cervo?,hotel cervo,17120
OBS-I-c20aad2e-IT,it,borghi,internal,hotel,,Campiglia Marittima,Toscana,quali sono i migliori hotel a Campiglia Marittima?,hotel campiglia marittima,2880
OBS-I-c2336da9-IT,it,borghi,internal,hotel,,Viggianello,Basilicata,quali sono i migliori hotel a Viggianello?,hotel viggianello,1630
OBS-I-c2337868-IT,it,borghi,internal,organizzazione,,Vitorchiano,Lazio,cosa vedere a Vitorchiano?,vitorchiano cosa vedere,14300
OBS-I-c2d1f8b8-EN,en,borghi,internal,organizzazione,,Albori; Vietri sul Mare ,Campania,what to see in Vietri sul Mare?,things to do in vietri sul mare,2060
OBS-I-c2dbb1fb-EN,en,borghi,internal,hotel,,Montefalco,Umbria,what are the best hotels in Montefalco?,hotels in montefalco,8900
OBS-I-c2df1c24-IT,it,borghi,internal,organizzazione,,Castell'Arquato,Emilia-Romagna,cosa vedere a Castell'Arquato?,castell'arquato cosa vedere,11650
OBS-I-c3afd5cb-EN,en,borghi,internal,hotel,,Dolceacqua,Liguria,what are the best hotels in Dolceacqua?,dolceacqua hotels,3360
OBS-I-c50b9283-EN,en,borghi,internal,organizzazione,,Ostuni,Puglia,what to see in Ostuni?,things to do in ostuni,11680
OBS-I-c50f144d-IT,it,borghi,internal,organizzazione,,Montaione,Toscana,cosa vedere a Montaione?,montaione cosa vedere,1970
OBS-I-c600a8a2-EN,en,borghi,internal,hotel,,Ossana,Trentino-Alto Adige,what are the best hotels in Ossana?,ossana hotels,4270
OBS-I-c676e7f8-EN,en,borghi,internal,hotel,,Taggia,Liguria,what are the best hotels in Taggia?,taggia hotels,2570
OBS-I-c6f59828-EN,en,borghi,internal,hotel,,Offida,Marche,what are the best hotels in Offida?,offida hotels,1710
OBS-I-c7fea135-IT,it,borghi,internal,organizzazione,,Erice,Sicilia,cosa vedere a Erice?,cosa vedere erice,21760
OBS-I-c831c106-IT,it,borghi,internal,organizzazione,,Geraci Siculo,Sicilia,cosa vedere a Geraci Siculo?,geraci siculo cosa vedere,4330
OBS-I-c85f5989-IT,it,borghi,internal,hotel,,Albori; Vietri sul Mare ,Campania,quali sono i migliori hotel a Vietri sul Mare?,hotel vietri sul mare,40000
OBS-I-c95b1913-IT,it,borghi,internal,organizzazione,,Castel di Tora,Lazio,cosa vedere a Castel di Tora?,castel di tora cosa vedere,7080
OBS-I-c99415ca-EN,en,borghi,internal,hotel,,Monteverde,Campania,what are the best hotels in Monteverde?,hotels in monteverde,167900
OBS-I-c9a9f2d7-IT,it,borghi,internal,organizzazione,,Riomaggiore,Liguria,cosa vedere a Riomaggiore?,cosa vedere riomaggiore,7500
OBS-I-c9b492e2-IT,it,borghi,internal,hotel,,Città Sant'Angelo,Abruzzo,quali sono i migliori hotel a Città Sant'Angelo?,hotel città sant'angelo,1320
OBS-I-ca59f040-IT,it,borghi,internal,organizzazione,,Navelli,Abruzzo,cosa vedere a Navelli?,navelli cosa vedere,2970
OBS-I-ca929e7f-IT,it,borghi,internal,organizzazione,,San Lorenzo Dorsino,Trentino-Alto Adige,cosa vedere a San Lorenzo Dorsino?,san lorenzo dorsino cosa vedere,2630
OBS-I-cabef839-IT,it,borghi,internal,organizzazione,,Bosa,Sardegna,cosa vedere a Bosa?,cosa vedere a bosa,5970
OBS-I-caec1f56-EN,en,borghi,internal,hotel,,Montagnana,Veneto,what are the best hotels in Montagnana?,hotels in montagnana,25600
OBS-I-caf0e8fe-EN,en,borghi,internal,hotel,,Pienza,Toscana,what are the best hotels in Pienza?,hotels in pienza,27200
OBS-I-cb343255-IT,it,borghi,internal,organizzazione,,Castelvecchio di Rocca Barbena,Liguria,cosa vedere a Castelvecchio di Rocca Barbena?,castelvecchio di rocca barbena cosa vedere,1840
OBS-I-cb6917de-IT,it,borghi,internal,organizzazione,,Mezzano,Trentino-Alto Adige,cosa vedere a Mezzano?,mezzano cosa vedere,2200
OBS-I-cb8e4b79-IT,it,borghi,internal,organizzazione,,Portovenere,Liguria,cosa vedere a Portovenere?,cosa vedere portovenere,15050
OBS-I-cb916dff-EN,en,borghi,internal,hotel,famiglie,Palmanova,Friuli-Venezia Giulia,what are the best family-friendly hotels in Palmanova?,palmanova family hotels,4200
OBS-I-cbb0badf-EN,en,borghi,internal,hotel,,Cervo,Liguria,what are the best hotels in Cervo?,cervo hotels,46100
OBS-I-cc97bd3d-EN,en,borghi,internal,hotel,,Asolo,Veneto,what are the best hotels in Asolo?,hotels in asolo,34000
OBS-I-cd51f189-IT,it,borghi,internal,hotel,,Nemi,Lazio,quali sono i migliori hotel a Nemi?,nemi hotel,34790
OBS-I-cdcbd95f-EN,en,borghi,internal,hotel,,Manciano; Montemerano ,Toscana,what are the best hotels in Montemerano?,montemerano hotels,2060
OBS-I-ce168ac1-IT,it,borghi,internal,hotel,,Borgio Verezzi,Liguria,quali sono i migliori hotel a Borgio Verezzi?,hotel borgio verezzi,10470
OBS-I-cf821119-EN,en,borghi,internal,hotel,,Erice,Sicilia,what are the best hotels in Erice?,hotels in erice,8840
OBS-I-cfcfec47-IT,it,borghi,internal,hotel,,Cusano Mutri,Campania,quali sono i migliori hotel a Cusano Mutri?,hotel cusano mutri,1700
OBS-I-cfe34539-EN,en,borghi,internal,hotel,,Norcia,Umbria,what are the best hotels in Norcia?,hotels in norcia,10850
OBS-I-d0097f79-IT,it,borghi,internal,hotel,,Riomaggiore,Liguria,quali sono i migliori hotel a Riomaggiore?,hotel riomaggiore,3870
OBS-I-d0243eb8-EN,en,borghi,internal,hotel,,Volterra,Toscana,what are the best hotels in Volterra?,hotels in volterra,29000
OBS-I-d0d98c64-IT,it,borghi,internal,hotel,,Palmanova,Friuli-Venezia Giulia,quali sono i migliori hotel a Palmanova?,hotel palmanova,4960
OBS-I-d0e3e4cf-IT,it,borghi,internal,organizzazione,,Scanno,Abruzzo,cosa vedere a Scanno?,cosa vedere scanno,7260
OBS-I-d0eb7e51-IT,it,borghi,internal,hotel,,Alberobello,Puglia,quali sono i migliori hotel ad Alberobello?,hotel alberobello,27100
OBS-I-d149656f-IT,it,borghi,internal,organizzazione,,Cella Monte,Piemonte,cosa vedere a Cella Monte?,cella monte cosa vedere,4180
OBS-I-d32b249d-EN,en,borghi,internal,hotel,,Venzone,Friuli-Venezia Giulia,what are the best hotels in Venzone?,venzone hotels,2380
OBS-I-d41de5c8-EN,en,borghi,internal,organizzazione,,Camogli,Liguria,what to see in Camogli?,things to do in camogli,3510
OBS-I-d4b78dc5-EN,en,borghi,internal,hotel,lusso,Palmanova,Friuli-Venezia Giulia,what are the best luxury hotels in Palmanova?,5 star hotels in palmanova,4920
OBS-I-d4c5ddba-IT,it,borghi,internal,organizzazione,,Novara di Sicilia,Sicilia,cosa vedere a Novara di Sicilia?,novara di sicilia cosa vedere,3840
OBS-I-d59bb8e1-IT,it,borghi,internal,hotel,,Bevagna,Umbria,quali sono i migliori hotel a Bevagna?,hotel bevagna,4480
OBS-I-d5ac32a3-EN,en,borghi,internal,hotel,,San Lorenzo Dorsino,Trentino-Alto Adige,what are the best hotels in San Lorenzo Dorsino?,san lorenzo dorsino hotels,1800
OBS-I-d5e051c4-IT,it,borghi,internal,organizzazione,,Sarnano,Marche,cosa vedere a Sarnano?,sarnano cosa vedere,1530
OBS-I-d6f10313-IT,it,borghi,internal,hotel,,Sarnano,Marche,quali sono i migliori hotel a Sarnano?,hotel sarnano,4270
OBS-I-d6f15ecc-IT,it,borghi,internal,organizzazione,,San Ginesio,Marche,cosa vedere a San Ginesio?,san ginesio cosa vedere,2430
OBS-I-d73e0aed-IT,it,borghi,internal,hotel,,Castell'Arquato,Emilia-Romagna,quali sono i migliori hotel a Castell'Arquato?,hotel castell'arquato,1390
OBS-I-d7de10f8-IT,it,borghi,internal,hotel,,Greve in Chianti; Montefioralle ,Toscana,quali sono i migliori hotel a Greve in Chianti?,hotel greve in chianti,5250
OBS-I-d8364ef9-EN,en,borghi,internal,organizzazione,,Gubbio,Umbria,what to see in Gubbio?,things to do in gubbio,1500
OBS-I-d9314482-EN,en,borghi,internal,hotel,,Scanno,Abruzzo,what are the best hotels in Scanno?,scanno hotels,28800
OBS-I-d9676330-EN,en,borghi,internal,organizzazione,,Manarola,Liguria,what to see in Manarola?,things to do in manarola,3860
OBS-I-d9ba9020-EN,en,borghi,internal,organizzazione,,Volterra,Toscana,what to see in Volterra?,things to do in volterra,5390
OBS-I-da23fc17-EN,en,borghi,internal,organizzazione,,Altomonte,Calabria,what to see in Altomonte?,things to do in altomonte,1070
OBS-I-da608d53-IT,it,borghi,internal,organizzazione,,Amatrice,Lazio,cosa vedere ad Amatrice?,cosa vedere amatrice,1670
OBS-I-daa73d65-IT,it,borghi,internal,hotel,,Neive,Piemonte,quali sono i migliori hotel a Neive?,hotel neive,2440
OBS-I-daccbcc6-IT,it,borghi,internal,organizzazione,,Polcenigo,Friuli-Venezia Giulia,cosa vedere a Polcenigo?,polcenigo cosa vedere,5180
OBS-I-db371c9d-EN,en,borghi,internal,hotel,,San Gimignano,Toscana,what are the best hotels in San Gimignano?,hotels in san gimignano,53500
OBS-I-db592bbb-EN,en,borghi,internal,hotel,,Manarola,Liguria,what are the best hotels in Manarola?,hotels in manarola,22580
OBS-I-dbff7e6b-EN,en,borghi,internal,hotel,,Nusco,Campania,what are the best hotels in Nusco?,nusco hotels,1000
OBS-I-dc2af42b-EN,en,borghi,internal,hotel,,Garessio,Piemonte,what are the best hotels in Garessio?,garessio hotels,2120
OBS-I-dcf52363-IT,it,borghi,internal,organizzazione,,Carloforte,Sardegna,cosa vedere a Carloforte?,cosa vedere a carloforte,6480
OBS-I-dd718a1f-EN,en,borghi,internal,hotel,,Scheggino,Umbria,what are the best hotels in Scheggino?,scheggino hotels,1890
OBS-I-de06abe7-EN,en,borghi,internal,hotel,,Civitella del Tronto,Abruzzo,what are the best hotels in Civitella del Tronto?,civitella del tronto hotels,1250
OBS-I-de1eea8b-EN,en,borghi,internal,hotel,,Framura,Liguria,what are the best hotels in Framura?,framura hotels,1400
OBS-I-de744ef1-IT,it,borghi,internal,organizzazione,,Cison di Valmarino,Veneto,cosa vedere a Cison di Valmarino?,cison di valmarino cosa vedere,5050
OBS-I-df447830-IT,it,borghi,internal,organizzazione,,Ercolano,Campania,cosa vedere a Ercolano?,cosa vedere ercolano,3030
OBS-I-dfa2e490-EN,en,borghi,internal,hotel,,Saluzzo,Piemonte,what are the best hotels in Saluzzo?,saluzzo hotels,9260
OBS-I-e04a4b3c-IT,it,borghi,internal,hotel,,Montesarchio,Campania,quali sono i migliori hotel a Montesarchio?,hotel montesarchio,1760
OBS-I-e16ec7b1-IT,it,borghi,internal,organizzazione,,Sabbioneta,Lombardia,cosa vedere a Sabbioneta?,cosa vedere sabbioneta,29080
OBS-I-e1b60d53-IT,it,borghi,internal,hotel,,Martina Franca,Puglia,quali sono i migliori hotel a Martina Franca?,hotel martina franca,8370
OBS-I-e1ed15c3-IT,it,borghi,internal,organizzazione,,Montesarchio,Campania,cosa vedere a Montesarchio?,montesarchio cosa vedere,1290
OBS-I-e207fb8f-IT,it,borghi,internal,organizzazione,,Marostica,Veneto,cosa vedere a Marostica?,cosa vedere marostica,10740
OBS-I-e20da609-EN,en,borghi,internal,organizzazione,,Ravello,Campania,what to see in Ravello?,things to do in ravello,17930
OBS-I-e25b891f-EN,en,borghi,internal,organizzazione,,Monteverde,Campania,what to see in Monteverde?,things to do in monteverde,23000
OBS-I-e340dbaa-IT,it,borghi,internal,organizzazione,,Greve in Chianti; Montefioralle ,Toscana,cosa vedere a Greve in Chianti?,cosa vedere greve in chianti,5270
OBS-I-e37912fb-IT,it,borghi,internal,hotel,,Scanno,Abruzzo,quali sono i migliori hotel a Scanno?,hotel scanno,28800
OBS-I-e5ee297e-EN,en,borghi,internal,hotel,,Bobbio,Emilia-Romagna,what are the best hotels in Bobbio?,bobbio hotels,4110
OBS-I-e6509119-IT,it,borghi,internal,hotel,,Castelmezzano,Basilicata,quali sono i migliori hotel a Castelmezzano?,hotel castelmezzano,2990
OBS-I-e67a3780-IT,it,borghi,internal,hotel,,Venosa,Basilicata,quali sono i migliori hotel a Venosa?,hotel venosa,1720
OBS-I-e73d6a8d-EN,en,borghi,internal,hotel,,Glorenza,Trentino-Alto Adige,what are the best hotels in Glorenza?,glorenza hotels,2870
OBS-I-e8b52be5-EN,en,borghi,internal,hotel,,Greve in Chianti; Montefioralle ,Toscana,what are the best hotels in Greve in Chianti?,hotels in greve in chianti,12680
OBS-I-e90b4153-IT,it,borghi,internal,hotel,,Soncino,Lombardia,quali sono i migliori hotel a Soncino?,hotel soncino,1200
OBS-I-e93d0682-IT,it,borghi,internal,hotel,,Garessio,Piemonte,quali sono i migliori hotel a Garessio?,hotel garessio,1600
OBS-I-e993aae8-IT,it,borghi,internal,hotel,,Pietrapertosa,Basilicata,quali sono i migliori hotel a Pietrapertosa?,hotel pietrapertosa,1050
OBS-I-e9defb65-IT,it,borghi,internal,organizzazione,,Rocca Imperiale,Calabria,cosa vedere a Rocca Imperiale?,rocca imperiale cosa vedere,2300
OBS-I-eadd3751-IT,it,borghi,internal,hotel,,Amatrice,Lazio,quali sono i migliori hotel ad Amatrice?,hotel amatrice,1520
OBS-I-ec7d498b-IT,it,borghi,internal,organizzazione,,San Giorgio di Valpolicella,Veneto,cosa vedere a San Giorgio di Valpolicella?,san giorgio di valpolicella cosa vedere,2070
OBS-I-ec8286af-EN,en,borghi,internal,organizzazione,,Pompei,Campania,what to see in Pompei?,things to do in pompei,18000
OBS-I-ec8e6ff9-EN,en,borghi,internal,organizzazione,,Alberobello,Puglia,what to see in Alberobello?,what to do in alberobello,10120
OBS-I-ee16ed3d-IT,it,borghi,internal,organizzazione,,Palazzolo Acreide,Sicilia,cosa vedere a Palazzolo Acreide?,cosa vedere palazzolo acreide,5950
OBS-I-ef0ce520-IT,it,borghi,internal,hotel,,Rocca Imperiale,Calabria,quali sono i migliori hotel a Rocca Imperiale?,hotel rocca imperiale,1470
OBS-I-ef2664bf-IT,it,borghi,internal,hotel,famiglie,Castelrotto,Trentino-Alto Adige,quali sono i migliori hotel per famiglie a Castelrotto?,family hotel castelrotto,1400
OBS-I-ef9dcf83-IT,it,borghi,internal,organizzazione,,Montefiore Conca,Emilia-Romagna,cosa vedere a Montefiore Conca?,montefiore conca cosa vedere,1240
OBS-I-efb9572c-IT,it,borghi,internal,organizzazione,,Spello,Umbria,cosa vedere a Spello?,cosa vedere spello,56600
OBS-I-efef858b-IT,it,borghi,internal,organizzazione,,Seborga,Liguria,cosa vedere a Seborga?,seborga cosa vedere,3080
OBS-I-f04d31e6-IT,it,borghi,internal,hotel,,Vernazza,Liguria,quali sono i migliori hotel a Vernazza?,vernazza hotel,8670
OBS-I-f202e6fa-EN,en,borghi,internal,hotel,,Montalcino,Toscana,what are the best hotels in Montalcino?,hotels in montalcino,20600
OBS-I-f260d412-IT,it,borghi,internal,organizzazione,,Badolato,Calabria,cosa vedere a Badolato?,badolato cosa vedere,2430
OBS-I-f2f73e41-IT,it,borghi,internal,organizzazione,,Fiumefreddo Bruzio,Calabria,cosa vedere a Fiumefreddo Bruzio?,fiumefreddo bruzio cosa vedere,1400
OBS-I-f307259d-EN,en,borghi,internal,hotel,,Altomonte,Calabria,what are the best hotels in Altomonte?,hotels in altomonte,1330
OBS-I-f33968dd-EN,en,borghi,internal,hotel,,Caprarola,Lazio,what are the best hotels in Caprarola?,caprarola hotels,1650
OBS-I-f35fbd49-IT,it,borghi,internal,organizzazione,,Stilo,Calabria,cosa vedere a Stilo?,stilo cosa vedere,1440
OBS-I-f3c77896-IT,it,borghi,internal,hotel,,Bosa,Sardegna,quali sono i migliori hotel a Bosa?,hotel bosa,5210
OBS-I-f44eadad-IT,it,borghi,internal,hotel,,Sauris,Friuli-Venezia Giulia,quali sono i migliori hotel a Sauris?,hotel sauris,7710
OBS-I-f4616746-IT,it,borghi,internal,organizzazione,,Sesto al Reghena,Friuli-Venezia Giulia,cosa vedere a Sesto al Reghena?,sesto al reghena cosa vedere,2110
OBS-I-f477c733-EN,en,borghi,internal,hotel,,Anghiari,Toscana,what are the best hotels in Anghiari?,anghiari hotels,4060
OBS-I-f4e115cc-IT,it,borghi,internal,organizzazione,,Sambuca di Sicilia,Sicilia,cosa vedere a Sambuca di Sicilia?,sambuca di sicilia cosa vedere,5740
OBS-I-f57b4a86-IT,it,borghi,internal,organizzazione,,Noto,Sicilia,cosa vedere a Noto?,cosa vedere a noto,27860
OBS-I-f5c5211c-EN,en,borghi,internal,hotel,,Stilo,Calabria,what are the best hotels in Stilo?,stilo hotels,19600
OBS-I-f638311d-EN,en,borghi,internal,hotel,,Locorotondo,Puglia,what are the best hotels in Locorotondo?,locorotondo hotels,18280
OBS-I-f63f0500-IT,it,borghi,internal,organizzazione,,Città Sant'Angelo,Abruzzo,cosa vedere a Città Sant'Angelo?,città sant'angelo cosa vedere,1320
OBS-I-f6ba087b-IT,it,borghi,internal,organizzazione,,Volterra,Toscana,cosa vedere a Volterra?,cosa vedere volterra,50900
OBS-I-f735adc7-IT,it,borghi,internal,organizzazione,,Greccio,Lazio,cosa vedere a Greccio?,greccio cosa vedere,5700
OBS-I-f8055bf3-IT,it,borghi,internal,organizzazione,,Chianale,Piemonte,cosa vedere a Chianale?,chianale cosa vedere,2550
OBS-I-f8087b6a-IT,it,borghi,internal,organizzazione,,Zungoli,Campania,cosa vedere a Zungoli?,zungoli cosa vedere,4660
OBS-I-f81ec233-IT,it,borghi,internal,organizzazione,,Monteriggioni,Toscana,cosa vedere a Monteriggioni?,cosa vedere monteriggioni,18460
OBS-I-f876b40b-IT,it,borghi,internal,hotel,,Bagno di Romagna,Emilia-Romagna,quali sono i migliori hotel a Bagno di Romagna?,hotel bagno di romagna,22500
OBS-I-f8e30d30-IT,it,borghi,internal,organizzazione,,Gesualdo,Campania,cosa vedere a Gesualdo?,gesualdo cosa vedere,1160
OBS-I-fa1bbf30-IT,it,borghi,internal,organizzazione,,Miglionico,Basilicata,cosa vedere a Miglionico?,miglionico cosa vedere,1120
OBS-I-fa5b9871-IT,it,borghi,internal,hotel,,Ossana,Trentino-Alto Adige,quali sono i migliori hotel a Ossana?,hotel ossana,4100
OBS-I-fa8b31f6-IT,it,borghi,internal,hotel,,Tempio Pausania,Sardegna,quali sono i migliori hotel a Tempio Pausania?,hotel tempio pausania,4060
OBS-I-fbb52514-EN,en,borghi,internal,hotel,,Vigoleno,Emilia-Romagna,what are the best hotels in Vigoleno?,vigoleno hotels,2120
OBS-I-fbd355c6-IT,it,borghi,internal,hotel,famiglie,Vipiteno,Trentino-Alto Adige,quali sono i migliori hotel per famiglie a Vipiteno?,family hotel vipiteno,5930
OBS-I-fbec4181-IT,it,borghi,internal,hotel,,Erice,Sicilia,quali sono i migliori hotel a Erice?,hotel erice,6620
OBS-I-fc4945eb-IT,it,borghi,internal,organizzazione,,Volpedo,Piemonte,cosa vedere a Volpedo?,volpedo cosa vedere,1530
OBS-I-fd231ba3-IT,it,borghi,internal,organizzazione,,Ravello,Campania,cosa vedere a Ravello?,cosa vedere ravello,11740
OBS-I-fdab262e-IT,it,borghi,internal,organizzazione,,Ivrea,Piemonte,cosa vedere a Ivrea?,cosa vedere ivrea,12500
OBS-I-fee9d5fb-IT,it,borghi,internal,hotel,,Sabbioneta,Lombardia,quali sono i migliori hotel a Sabbioneta?,hotel sabbioneta,2400
OBS-I-ffd65880-IT,it,borghi,internal,hotel,,Furore,Campania,quali sono i migliori hotel a Furore?,furore hotel,2230
OBS-C-0a4c683e-EN,en,grandi-citta,comparative,sogno,,Umbria,Umbria,what are the best cities to visit in Umbria?,cities in umbria,11120
OBS-C-0ee3acb1-IT,it,grandi-citta,comparative,sogno,,Veneto,Veneto,quali sono le città da visitare in Veneto?,città veneto,51000
OBS-C-1be3aba4-EN,en,grandi-citta,comparative,sogno,,Campania,Campania,what are the best cities to visit in Campania?,cities in campania,3600
OBS-C-22feff16-EN,en,grandi-citta,comparative,sogno,,Friuli-Venezia Giulia,Friuli-Venezia Giulia,what are the best cities to visit in Friuli Venezia Giulia?,friuli venezia giulia cities,1810
OBS-C-25d88c6c-EN,en,grandi-citta,comparative,sogno,,Lombardia,Lombardia,what are the best cities to visit in Lombardy?,cities in lombardy,10310
OBS-C-2945d4db-IT,it,grandi-citta,comparative,sogno,,Umbria,Umbria,quali sono le città da visitare in Umbria?,città umbria,45200
OBS-C-3567cde2-EN,en,grandi-citta,comparative,sogno,,Italia,,what are the best cities to visit in Italy?,cities in italy,810000
OBS-C-42446e24-IT,it,grandi-citta,comparative,sogno,,Italia,,quali sono le città da visitare in Italia?,città da visitare italia,50800
OBS-C-48a52fa7-IT,it,grandi-citta,comparative,sogno,,Sardegna,Sardegna,quali sono le città da visitare in Sardegna?,città sardegna,29500
OBS-C-4a7c79dc-EN,en,grandi-citta,comparative,sogno,,Liguria,Liguria,what are the best cities to visit in Liguria?,cities in liguria,1900
OBS-C-552e55b2-EN,en,grandi-citta,comparative,sogno,,Piemonte,Piemonte,what are the best cities to visit in Piedmont?,piedmont cities,10710
OBS-C-58be2c47-IT,it,grandi-citta,comparative,sogno,,Piemonte,Piemonte,quali sono le città da visitare in Piemonte?,città piemonte,12240
OBS-C-5a5ead78-EN,en,grandi-citta,comparative,sogno,,Italia,,which city to visit for a weekend in Italy?,city break italy,45800
OBS-C-6511a86c-EN,en,grandi-citta,comparative,sogno,,Sardegna,Sardegna,which city to visit for a weekend in Sardinia?,city break sardinia,1440
OBS-C-673cbc25-IT,it,grandi-citta,comparative,sogno,,Toscana,Toscana,quali sono le città da visitare in Toscana?,città toscana,66200
OBS-C-67bdb708-EN,en,grandi-citta,comparative,sogno,,Lazio,Lazio,what are the best cities to visit in Lazio?,cities in lazio,11380
OBS-C-74cdffc3-IT,it,grandi-citta,comparative,sogno,,Lombardia,Lombardia,quali sono le città da visitare in Lombardia?,città lombardia,47200
OBS-C-79648522-EN,en,grandi-citta,comparative,sogno,,Sardegna,Sardegna,what are the best cities to visit in Sardinia?,cities in sardinia,38100
OBS-C-7e5c9ed3-IT,it,grandi-citta,comparative,sogno,,Puglia,Puglia,quali sono le città da visitare in Puglia?,città puglia,64400
OBS-C-91583f30-IT,it,grandi-citta,comparative,sogno,,Sicilia,Sicilia,quali sono le città da visitare in Sicilia?,città sicilia,68300
OBS-C-9c697dc6-EN,en,grandi-citta,comparative,sogno,,Puglia,Puglia,what are the best cities to visit in Puglia?,cities in puglia,37400
OBS-C-a6c1b78d-EN,en,grandi-citta,comparative,sogno,,Basilicata,Basilicata,what are the best cities to visit in Basilicata?,cities in basilicata,1330
OBS-C-b38d2f07-EN,en,grandi-citta,comparative,sogno,,Sicilia,Sicilia,what are the best cities to visit in Sicily?,cities in sicily,178900
OBS-C-b560cfc9-EN,en,grandi-citta,comparative,sogno,,Emilia-Romagna,Emilia-Romagna,what are the best cities to visit in Emilia-Romagna?,cities in emilia-romagna,5120
OBS-C-b5911ef5-IT,it,grandi-citta,comparative,sogno,,Lazio,Lazio,quali sono le città da visitare nel Lazio?,città lazio,25200
OBS-C-cacaaf0c-EN,en,grandi-citta,comparative,organizzazione,,Italia,,what is the best itinerary between the cities in Italy?,city tour italy,1810
OBS-C-ccd10f80-IT,it,grandi-citta,comparative,sogno,,Campania,Campania,quali sono le città da visitare in Campania?,città campania,24200
OBS-C-cdbbbce0-IT,it,grandi-citta,comparative,sogno,,Emilia-Romagna,Emilia-Romagna,quali sono le città da visitare in Emilia-Romagna?,città emilia romagna,29800
OBS-C-d31af19e-EN,en,grandi-citta,comparative,sogno,,Veneto,Veneto,what are the best cities to visit in Veneto?,cities in veneto,7260
OBS-C-df1aa666-IT,it,grandi-citta,comparative,sogno,,Friuli-Venezia Giulia,Friuli-Venezia Giulia,quali sono le città da visitare in Friuli-Venezia Giulia?,città friuli venezia giulia,18300
OBS-C-e0c3582c-IT,it,grandi-citta,comparative,sogno,,Liguria,Liguria,quali sono le città da visitare in Liguria?,città liguria,33900
OBS-C-f03940b3-EN,en,grandi-citta,comparative,sogno,,Toscana,Toscana,what are the best cities to visit in Tuscany?,cities in tuscany,72500
OBS-C-f7c99a08-IT,it,grandi-citta,comparative,sogno,,Basilicata,Basilicata,quali sono le città da visitare in Basilicata?,città basilicata,29300
OBS-I-00596944-EN,en,grandi-citta,internal,hotel,,Belluno,Veneto,what are the best hotels in Belluno?,hotels in belluno,3420
OBS-I-006bc7b7-IT,it,grandi-citta,internal,organizzazione,,Cuneo,Piemonte,cosa vedere a Cuneo?,cosa vedere a cuneo,11620
OBS-I-00a23d10-IT,it,grandi-citta,internal,hotel,,Rovigo,Veneto,quali sono i migliori hotel a Rovigo?,hotel rovigo,15200
OBS-I-011cf054-IT,it,grandi-citta,internal,hotel,lusso,Salerno,Campania,quali sono i migliori hotel di lusso a Salerno?,hotel 5 stelle salerno,2110
OBS-I-0163a6ca-EN,en,grandi-citta,internal,hotel,lusso,Catania,Sicilia,what are the best luxury hotels in Catania?,luxury hotels in catania,5010
OBS-I-020d3ce9-IT,it,grandi-citta,internal,hotel,,Palermo,Sicilia,quali sono i migliori hotel a Palermo?,hotel palermo,92800
OBS-I-02ef50e0-IT,it,grandi-citta,internal,hotel,economici,Verona,Veneto,quali sono i migliori hotel economici a Verona?,hotel economici verona,9270
OBS-I-03f0a0dd-EN,en,grandi-citta,internal,organizzazione,,Ferrara,Emilia-Romagna,what to see in Ferrara?,things to do in ferrara,6830
OBS-I-03fe3a6f-EN,en,grandi-citta,internal,hotel,,Siracusa,Sicilia,what are the best hotels in Siracusa?,hotels in siracusa,6300
OBS-I-048b886b-EN,en,grandi-citta,internal,hotel,,Marsala,Sicilia,what are the best hotels in Marsala?,hotels in marsala,22400
OBS-I-0525af06-EN,en,grandi-citta,internal,organizzazione,,Pisa,Toscana,what to see in Pisa?,what to do in pisa,60200
OBS-I-062e1038-EN,en,grandi-citta,internal,hotel,,Livorno,Toscana,what are the best hotels in Livorno?,hotels in livorno,9110
OBS-I-06f64a97-IT,it,grandi-citta,internal,hotel,economici,Roma,Lazio,quali sono i migliori hotel economici a Roma?,hotel economici roma,50300
OBS-I-073fbb01-EN,en,grandi-citta,internal,organizzazione,,Treviso,Veneto,what to see in Treviso?,things to do in treviso,14280
OBS-I-0766f44e-IT,it,grandi-citta,internal,organizzazione,,Verona,Veneto,cosa vedere a Verona?,cosa vedere a verona,121100
OBS-I-07a3174f-IT,it,grandi-citta,internal,organizzazione,,Biella,Piemonte,cosa vedere a Biella?,cosa vedere biella,10280
OBS-I-07d8438a-IT,it,grandi-citta,internal,hotel,economici,Asti,Piemonte,quali sono i migliori hotel economici ad Asti?,hotel economici asti,1560
OBS-I-08ab6c61-EN,en,grandi-citta,internal,organizzazione,,Ravenna,Emilia-Romagna,what to see in Ravenna?,things to do in ravenna,21400
OBS-I-095302c2-IT,it,grandi-citta,internal,hotel,,Bologna,Emilia-Romagna,quali sono i migliori hotel a Bologna?,hotel bologna,349300
OBS-I-0968b9be-IT,it,grandi-citta,internal,hotel,,Marsala,Sicilia,quali sono i migliori hotel a Marsala?,hotel marsala,16140
OBS-I-0df03cac-IT,it,grandi-citta,internal,organizzazione,,Sondrio,Lombardia,cosa vedere a Sondrio?,cosa vedere sondrio,9620
OBS-I-0df4cb85-IT,it,grandi-citta,internal,hotel,,Napoli,Campania,quali sono i migliori hotel a Napoli?,hotel napoli,239000
OBS-I-0e86011a-IT,it,grandi-citta,internal,hotel,economici,Mantova,Lombardia,quali sono i migliori hotel economici a Mantova?,hotel economici mantova,1010
OBS-I-0f794379-IT,it,grandi-citta,internal,organizzazione,,Vercelli,Piemonte,cosa vedere a Vercelli?,cosa vedere vercelli,10470
OBS-I-0fc7075c-EN,en,grandi-citta,internal,organizzazione,,Modena,Emilia-Romagna,what to see in Modena?,what to do in modena,15960
OBS-I-0fcd8a5b-IT,it,grandi-citta,internal,hotel,lusso,Firenze,Toscana,quali sono i migliori hotel di lusso a Firenze?,hotel 5 stelle firenze,15410
OBS-I-1012bc64-IT,it,grandi-citta,internal,hotel,coppie,Milano,Lombardia,quali sono i migliori hotel romantici per coppie a Milano?,hotel romantici milano,1550
OBS-I-1125a279-EN,en,grandi-citta,internal,organizzazione,,Viterbo,Lazio,what to see in Viterbo?,things to do in viterbo,3280
OBS-I-115aa1e2-EN,en,grandi-citta,internal,hotel,,Genova,Liguria,what are the best hotels in Genova?,hotels in genova,92100
OBS-I-120bd0bb-IT,it,grandi-citta,internal,hotel,economici,Lecce,Puglia,quali sono i migliori hotel economici a Lecce?,hotel economici lecce,2330
OBS-I-12532c27-IT,it,grandi-citta,internal,organizzazione,,Caserta,Campania,cosa vedere a Caserta?,cosa vedere a caserta,17100
OBS-I-12d36217-EN,en,grandi-citta,internal,hotel,,Torino,Piemonte,what are the best hotels in Torino?,hotels in torino,148900
OBS-I-13b38ab6-IT,it,grandi-citta,internal,hotel,coppie,Venezia,Veneto,quali sono i migliori hotel romantici per coppie a Venezia?,hotel romantici venezia,1320
OBS-I-14011492-EN,en,grandi-citta,internal,organizzazione,,Varese,Lombardia,what to see in Varese?,things to do in varese,2910
OBS-I-144d1168-IT,it,grandi-citta,internal,organizzazione,,Agrigento,Sicilia,cosa vedere ad Agrigento?,cosa vedere ad agrigento,18500
OBS-I-1560870f-IT,it,grandi-citta,internal,hotel,,Siracusa,Sicilia,quali sono i migliori hotel a Siracusa?,hotel siracusa,112000
OBS-I-17479358-EN,en,grandi-citta,internal,organizzazione,,Cremona,Lombardia,what to see in Cremona?,things to do in cremona,2880
OBS-I-1774fed7-EN,en,grandi-citta,internal,hotel,,Lollove; Nuoro ,Sardegna,what are the best hotels in Nuoro?,nuoro hotels,10910
OBS-I-17909163-IT,it,grandi-citta,internal,hotel,,Varese,Lombardia,quali sono i migliori hotel a Varese?,hotel varese,22500
OBS-I-18684e00-IT,it,grandi-citta,internal,hotel,,Salerno,Campania,quali sono i migliori hotel a Salerno?,hotel salerno,76500
OBS-I-18ad085c-EN,en,grandi-citta,internal,organizzazione,,Taranto,Puglia,what to see in Taranto?,things to do in taranto,5280
OBS-I-1c946f09-IT,it,grandi-citta,internal,hotel,economici,Alessandria,Piemonte,quali sono i migliori hotel economici ad Alessandria?,hotel economici alessandria,1450
OBS-I-1c9892f1-IT,it,grandi-citta,internal,organizzazione,,Brescia,Lombardia,cosa vedere a Brescia?,cosa vedere a brescia,40000
OBS-I-1cc49efd-IT,it,grandi-citta,internal,hotel,lusso,Napoli,Campania,quali sono i migliori hotel di lusso a Napoli?,hotel 5 stelle napoli,14200
OBS-I-1d84d495-EN,en,grandi-citta,internal,hotel,lusso,Milano,Lombardia,what are the best luxury hotels in Milano?,luxury hotels in milano,81500
OBS-I-1db6a3aa-EN,en,grandi-citta,internal,hotel,,Verona,Veneto,what are the best hotels in Verona?,hotels in verona,396800
OBS-I-1f833c9d-IT,it,grandi-citta,internal,hotel,economici,Pisa,Toscana,quali sono i migliori hotel economici a Pisa?,hotel economici pisa,4500
OBS-I-206023c6-EN,en,grandi-citta,internal,organizzazione,,Mantova,Lombardia,what to see in Mantova?,things to do in mantova,4300
OBS-I-20974e06-EN,en,grandi-citta,internal,organizzazione,,Lucca,Toscana,what to see in Lucca?,things to do in lucca,57100
OBS-I-2165ce43-IT,it,grandi-citta,internal,hotel,lusso,Siena,Toscana,quali sono i migliori hotel di lusso a Siena?,hotel 5 stelle siena,2230
OBS-I-228c9279-IT,it,grandi-citta,internal,hotel,,Ferrara,Emilia-Romagna,quali sono i migliori hotel a Ferrara?,hotel ferrara,101500
OBS-I-24736b74-EN,en,grandi-citta,internal,organizzazione,,Lecco,Lombardia,what to see in Lecco?,what to do in lecco,6070
OBS-I-24a530ef-EN,en,grandi-citta,internal,hotel,economici,Catania,Sicilia,what are the best budget hotels in Catania?,cheap hotels in catania,1510
OBS-I-26c952dd-EN,en,grandi-citta,internal,organizzazione,,Firenze,Toscana,what to see in Firenze?,things to do in firenze,495200
OBS-I-28a201de-EN,en,grandi-citta,internal,organizzazione,,Genova,Liguria,what to see in Genova?,things to do in genova,86100
OBS-I-28a2751c-IT,it,grandi-citta,internal,organizzazione,,Palermo,Sicilia,cosa vedere a Palermo?,cosa vedere a palermo,134900
OBS-I-28c189b5-EN,en,grandi-citta,internal,organizzazione,,Siena,Toscana,what to see in Siena?,things to do in siena,52700
OBS-I-29207d82-EN,en,grandi-citta,internal,hotel,lusso,Napoli,Campania,what are the best luxury hotels in Napoli?,luxury hotels in napoli,11710
OBS-I-297863b1-IT,it,grandi-citta,internal,hotel,economici,Monza,Lombardia,quali sono i migliori hotel economici a Monza?,hotel economici monza,1610
OBS-I-2ae4b3b3-EN,en,grandi-citta,internal,organizzazione,,Milano,Lombardia,what to see in Milano?,things to do in milano,609000
OBS-I-2b0c2571-IT,it,grandi-citta,internal,hotel,economici,Napoli,Campania,quali sono i migliori hotel economici a Napoli?,hotel economici napoli,15480
OBS-I-2c0ec040-EN,en,grandi-citta,internal,hotel,lusso,Genova,Liguria,what are the best luxury hotels in Genova?,luxury hotels in genova,2290
OBS-I-2c29ab42-IT,it,grandi-citta,internal,hotel,economici,Padova,Veneto,quali sono i migliori hotel economici a Padova?,hotel economici padova,5370
OBS-I-2cf938b1-IT,it,grandi-citta,internal,hotel,,Imperia,Liguria,quali sono i migliori hotel a Imperia?,hotel imperia,57800
OBS-I-2d0b9b77-IT,it,grandi-citta,internal,organizzazione,,Torino,Piemonte,cosa vedere a Torino?,cosa vedere a torino,189100
OBS-I-2ddaed4e-EN,en,grandi-citta,internal,organizzazione,,Imperia,Liguria,what to see in Imperia?,things to do in imperia,1090
OBS-I-2ee0ee3e-IT,it,grandi-citta,internal,hotel,economici,La Spezia,Liguria,quali sono i migliori hotel economici alla Spezia?,hotel economici la spezia,3370
OBS-I-2f52b85c-IT,it,grandi-citta,internal,hotel,,Arezzo,Toscana,quali sono i migliori hotel ad Arezzo?,hotel arezzo,66400
OBS-I-2f60b72a-IT,it,grandi-citta,internal,hotel,famiglie,Firenze,Toscana,quali sono i migliori hotel per famiglie a Firenze?,family hotel firenze,1130
OBS-I-2f9f727e-EN,en,grandi-citta,internal,hotel,,Pisa,Toscana,what are the best hotels in Pisa?,hotels in pisa,69200
OBS-I-2fb9f7ec-EN,en,grandi-citta,internal,hotel,lusso,Bergamo,Lombardia,what are the best luxury hotels in Bergamo?,luxury hotels in bergamo,1730
OBS-I-308f8d8c-IT,it,grandi-citta,internal,hotel,lusso,Palermo,Sicilia,quali sono i migliori hotel di lusso a Palermo?,hotel 5 stelle palermo,6370
OBS-I-3091f5da-EN,en,grandi-citta,internal,hotel,,Monza,Lombardia,what are the best hotels in Monza?,hotels in monza,108400
OBS-I-3093aa43-IT,it,grandi-citta,internal,hotel,famiglie,Genova,Liguria,quali sono i migliori hotel per famiglie a Genova?,family hotel genova,1090
OBS-I-30d7c1fd-EN,en,grandi-citta,internal,hotel,lusso,Cagliari,Sardegna,what are the best luxury hotels in Cagliari?,luxury hotels in cagliari,1820
OBS-I-30dfee45-IT,it,grandi-citta,internal,hotel,lusso,Siracusa,Sicilia,quali sono i migliori hotel di lusso a Siracusa?,hotel 5 stelle siracusa,3210
OBS-I-3180e4d4-EN,en,grandi-citta,internal,organizzazione,,Bergamo,Lombardia,what to see in Bergamo?,things to do in bergamo,59400
OBS-I-31a728e6-IT,it,grandi-citta,internal,organizzazione,,Belluno,Veneto,cosa vedere a Belluno?,cosa vedere belluno,12040
OBS-I-32878126-IT,it,grandi-citta,internal,hotel,,Parma,Emilia-Romagna,quali sono i migliori hotel a Parma?,hotel parma,97900
OBS-I-32efa099-IT,it,grandi-citta,internal,organizzazione,,Trani,Puglia,cosa vedere a Trani?,cosa vedere a trani,14180
OBS-I-33bd291e-IT,it,grandi-citta,internal,hotel,,Treviso,Veneto,quali sono i migliori hotel a Treviso?,hotel treviso,40700
OBS-I-34613b9f-EN,en,grandi-citta,internal,hotel,,Lecce,Puglia,what are the best hotels in Lecce?,hotels in lecce,25000
OBS-I-356e5b7e-IT,it,grandi-citta,internal,organizzazione,,Ferrara,Emilia-Romagna,cosa vedere a Ferrara?,cosa vedere ferrara,70000
OBS-I-35e9d7e2-IT,it,grandi-citta,internal,hotel,lusso,Perugia,Umbria,quali sono i migliori hotel di lusso a Perugia?,hotel 5 stelle perugia,2790
OBS-I-3611c603-IT,it,grandi-citta,internal,hotel,lusso,Livorno,Toscana,quali sono i migliori hotel di lusso a Livorno?,hotel 5 stelle livorno,2100
OBS-I-365bba26-EN,en,grandi-citta,internal,organizzazione,,Lecce,Puglia,what to see in Lecce?,things to do in lecce,29700
OBS-I-36fb6f1b-EN,en,grandi-citta,internal,hotel,,Alessandria,Piemonte,what are the best hotels in Alessandria?,alessandria hotels,30700
OBS-I-373fd8db-EN,en,grandi-citta,internal,hotel,,Treviso,Veneto,what are the best hotels in Treviso?,hotels in treviso,14460
OBS-I-378dba75-IT,it,grandi-citta,internal,organizzazione,,Vicenza,Veneto,cosa vedere a Vicenza?,cosa vedere a vicenza,36000
OBS-I-3827d20a-IT,it,grandi-citta,internal,hotel,lusso,Ravenna,Emilia-Romagna,quali sono i migliori hotel di lusso a Ravenna?,hotel 5 stelle ravenna,1240
OBS-I-384895ac-EN,en,grandi-citta,internal,organizzazione,,Marsala,Sicilia,what to see in Marsala?,things to do in marsala,3930
OBS-I-38bbba22-IT,it,grandi-citta,internal,hotel,economici,Novara,Piemonte,quali sono i migliori hotel economici a Novara?,hotel economici novara,1300
OBS-I-38ce49fe-IT,it,grandi-citta,internal,hotel,,Ragusa,Sicilia,quali sono i migliori hotel a Ragusa?,hotel ragusa,13800
OBS-I-38e27ff7-EN,en,grandi-citta,internal,hotel,economici,Firenze,Toscana,what are the best budget hotels in Firenze?,cheap hotels in firenze,19600
OBS-I-391dc53b-IT,it,grandi-citta,internal,organizzazione,,Bari,Puglia,cosa vedere a Bari?,cosa vedere a bari,58200
OBS-I-3b2ed137-EN,en,grandi-citta,internal,hotel,,Grosseto,Toscana,what are the best hotels in Grosseto?,hotels in grosseto,1190
OBS-I-3c4205f6-IT,it,grandi-citta,internal,hotel,lusso,Trieste,Friuli-Venezia Giulia,quali sono i migliori hotel di lusso a Trieste?,hotel 5 stelle trieste,3120
OBS-I-3c48ffce-IT,it,grandi-citta,internal,organizzazione,,Perugia,Umbria,cosa vedere a Perugia?,cosa vedere a perugia,76900
OBS-I-3cd9b51b-EN,en,grandi-citta,internal,hotel,,Caserta,Campania,what are the best hotels in Caserta?,caserta hotels,1530
OBS-I-3edfcde0-IT,it,grandi-citta,internal,hotel,coppie,Torino,Piemonte,quali sono i migliori hotel romantici per coppie a Torino?,hotel romantici torino,1410
OBS-I-3f3d3133-IT,it,grandi-citta,internal,hotel,,Benevento,Campania,quali sono i migliori hotel a Benevento?,hotel benevento,15900
OBS-I-3f64f192-IT,it,grandi-citta,internal,organizzazione,,Siracusa,Sicilia,cosa vedere a Siracusa?,cosa vedere a siracusa,44400
OBS-I-3f94f467-IT,it,grandi-citta,internal,hotel,lusso,Milano,Lombardia,quali sono i migliori hotel di lusso a Milano?,hotel 5 stelle milano,27200
OBS-I-3fa12082-EN,en,grandi-citta,internal,hotel,,Bologna,Emilia-Romagna,what are the best hotels in Bologna?,bologna hotels,112600
OBS-I-4014d9c9-EN,en,grandi-citta,internal,hotel,,Lucca,Toscana,what are the best hotels in Lucca?,hotels in lucca,34000
OBS-I-404739e4-EN,en,grandi-citta,internal,hotel,,Varese,Lombardia,what are the best hotels in Varese?,varese hotels,13260
OBS-I-40a684fb-IT,it,grandi-citta,internal,hotel,,Pavia,Lombardia,quali sono i migliori hotel a Pavia?,hotel pavia,25500
OBS-I-42e3a0c3-IT,it,grandi-citta,internal,hotel,,Caserta,Campania,quali sono i migliori hotel a Caserta?,hotel caserta,44000
OBS-I-43262960-IT,it,grandi-citta,internal,hotel,,Grosseto,Toscana,quali sono i migliori hotel a Grosseto?,hotel grosseto,29000
OBS-I-43a3a05b-IT,it,grandi-citta,internal,hotel,,Alessandria,Piemonte,quali sono i migliori hotel ad Alessandria?,hotel alessandria,22300
OBS-I-4589c9b1-EN,en,grandi-citta,internal,hotel,,Cagliari,Sardegna,what are the best hotels in Cagliari?,hotels in cagliari,56100
OBS-I-46c889fb-IT,it,grandi-citta,internal,hotel,economici,Bergamo,Lombardia,quali sono i migliori hotel economici a Bergamo?,hotel economici bergamo,3090
OBS-I-46d4fb37-IT,it,grandi-citta,internal,hotel,,Siena,Toscana,quali sono i migliori hotel a Siena?,hotel siena,70000
OBS-I-47952ca8-IT,it,grandi-citta,internal,hotel,,Cremona,Lombardia,quali sono i migliori hotel a Cremona?,hotel cremona,27700
OBS-I-47a1aeb1-EN,en,grandi-citta,internal,hotel,,Taranto,Puglia,what are the best hotels in Taranto?,hotels in taranto,30500
OBS-I-486897a4-IT,it,grandi-citta,internal,hotel,lusso,Modena,Emilia-Romagna,quali sono i migliori hotel di lusso a Modena?,hotel 5 stelle modena,2350
OBS-I-48c457d7-IT,it,grandi-citta,internal,hotel,,Venezia,Veneto,quali sono i migliori hotel a Venezia?,hotel venezia,272900
OBS-I-491685fa-EN,en,grandi-citta,internal,hotel,economici,Bari,Puglia,what are the best budget hotels in Bari?,cheap hotels in bari,2510
OBS-I-4968e19f-IT,it,grandi-citta,internal,organizzazione,,Marsala,Sicilia,cosa vedere a Marsala?,cosa vedere a marsala,26020
OBS-I-49dc4f5d-IT,it,grandi-citta,internal,hotel,economici,Ravenna,Emilia-Romagna,quali sono i migliori hotel economici a Ravenna?,hotel economici ravenna,5450
OBS-I-4a1f1db7-IT,it,grandi-citta,internal,hotel,economici,Piacenza,Emilia-Romagna,quali sono i migliori hotel economici a Piacenza?,hotel economici piacenza,1730
OBS-I-4ab7c574-IT,it,grandi-citta,internal,hotel,famiglie,Milano,Lombardia,quali sono i migliori hotel per famiglie a Milano?,family hotel milano,1220
OBS-I-4ad88d7f-EN,en,grandi-citta,internal,hotel,lusso,Bologna,Emilia-Romagna,what are the best luxury hotels in Bologna?,luxury hotels in bologna,10950
OBS-I-4b322f0e-IT,it,grandi-citta,internal,hotel,,Trapani,Sicilia,quali sono i migliori hotel a Trapani?,hotel trapani,27900
OBS-I-4b4c9fbd-IT,it,grandi-citta,internal,hotel,,La Spezia,Liguria,quali sono i migliori hotel alla Spezia?,hotel la spezia,53300
OBS-I-4b74b790-IT,it,grandi-citta,internal,hotel,famiglie,Ravenna,Emilia-Romagna,quali sono i migliori hotel per famiglie a Ravenna?,family hotel ravenna,1310
OBS-I-4c14e489-EN,en,grandi-citta,internal,hotel,,Firenze,Toscana,what are the best hotels in Firenze?,best hotels in firenze,107600
OBS-I-4d41c6ed-EN,en,grandi-citta,internal,hotel,,Benevento,Campania,what are the best hotels in Benevento?,hotels in benevento,1490
OBS-I-4d91071c-EN,en,grandi-citta,internal,hotel,,Trieste,Friuli-Venezia Giulia,what are the best hotels in Trieste?,hotels in trieste,131100
OBS-I-4dc793f4-IT,it,grandi-citta,internal,organizzazione,,Pisa,Toscana,cosa vedere a Pisa?,cosa vedere a pisa,62600
OBS-I-4de77e15-IT,it,grandi-citta,internal,hotel,economici,Arezzo,Toscana,quali sono i migliori hotel economici ad Arezzo?,hotel economici arezzo,3330
OBS-I-4e65deaa-IT,it,grandi-citta,internal,hotel,economici,Parma,Emilia-Romagna,quali sono i migliori hotel economici a Parma?,hotel economici parma,4690
OBS-I-4e702bd6-EN,en,grandi-citta,internal,hotel,economici,Palermo,Sicilia,what are the best budget hotels in Palermo?,cheap hotels in palermo,2640
OBS-I-4e962902-IT,it,grandi-citta,internal,organizzazione,,Novara,Piemonte,cosa vedere a Novara?,cosa vedere a novara,14660
OBS-I-4eb612db-IT,it,grandi-citta,internal,hotel,,Ravenna,Emilia-Romagna,quali sono i migliori hotel a Ravenna?,hotel ravenna,77400
OBS-I-4f06326b-IT,it,grandi-citta,internal,hotel,economici,Bari,Puglia,quali sono i migliori hotel economici a Bari?,hotel economici bari,2510
OBS-I-4fa30b0c-IT,it,grandi-citta,internal,hotel,economici,Livorno,Toscana,quali sono i migliori hotel economici a Livorno?,hotel economici livorno,5600
OBS-I-4fb4cb12-IT,it,grandi-citta,internal,organizzazione,,Lecco,Lombardia,cosa vedere a Lecco?,cosa vedere a lecco,16680
OBS-I-506eb68c-IT,it,grandi-citta,internal,organizzazione,,Catania,Sicilia,cosa vedere a Catania?,cosa vedere a catania,82200
OBS-I-52773c44-IT,it,grandi-citta,internal,organizzazione,,Rovigo,Veneto,cosa vedere a Rovigo?,cosa vedere a rovigo,10170
OBS-I-53242912-IT,it,grandi-citta,internal,hotel,,Roma,Lazio,quali sono i migliori hotel a Roma?,hotel roma,698000
OBS-I-53525305-IT,it,grandi-citta,internal,organizzazione,,Trapani,Sicilia,cosa vedere a Trapani?,cosa vedere a trapani,39900
OBS-I-53a3845e-IT,it,grandi-citta,internal,hotel,lusso,Lucca,Toscana,quali sono i migliori hotel di lusso a Lucca?,hotel 5 stelle lucca,1670
OBS-I-54dc4087-IT,it,grandi-citta,internal,hotel,economici,Varese,Lombardia,quali sono i migliori hotel economici a Varese?,hotel economici varese,2020
OBS-I-56393a76-IT,it,grandi-citta,internal,hotel,economici,Genova,Liguria,quali sono i migliori hotel economici a Genova?,hotel economici genova,7050
OBS-I-57ac7514-IT,it,grandi-citta,internal,hotel,,Trieste,Friuli-Venezia Giulia,quali sono i migliori hotel a Trieste?,hotel trieste,153800
OBS-I-582d12e9-IT,it,grandi-citta,internal,hotel,,Firenze,Toscana,quali sono i migliori hotel a Firenze?,hotel firenze,439200
OBS-I-5838a5d6-IT,it,grandi-citta,internal,hotel,,Bari,Puglia,quali sono i migliori hotel a Bari?,hotel bari,94100
OBS-I-59af7088-EN,en,grandi-citta,internal,hotel,,Brescia,Lombardia,what are the best hotels in Brescia?,hotels in brescia,26300
OBS-I-5a437de1-IT,it,grandi-citta,internal,hotel,economici,Lucca,Toscana,quali sono i migliori hotel economici a Lucca?,hotel economici lucca,3100
OBS-I-5a5ccbbf-EN,en,grandi-citta,internal,hotel,lusso,Parma,Emilia-Romagna,what are the best luxury hotels in Parma?,parma luxury hotels,1350
OBS-I-5a5d24df-EN,en,grandi-citta,internal,organizzazione,,Parma,Emilia-Romagna,what to see in Parma?,what to do in parma,20380
OBS-I-5ad206e8-IT,it,grandi-citta,internal,organizzazione,,Bergamo,Lombardia,cosa vedere a Bergamo?,cosa vedere a bergamo,44700
OBS-I-5b0a5f96-IT,it,grandi-citta,internal,hotel,economici,Taranto,Puglia,quali sono i migliori hotel economici a Taranto?,hotel economici taranto,1100
OBS-I-5d097e32-EN,en,grandi-citta,internal,organizzazione,,Benevento,Campania,what to see in Benevento?,things to do in benevento,1300
OBS-I-5e4da4dd-IT,it,grandi-citta,internal,hotel,,Viterbo,Lazio,quali sono i migliori hotel a Viterbo?,hotel viterbo,30300
OBS-I-5ef7de1a-IT,it,grandi-citta,internal,hotel,economici,Torino,Piemonte,quali sono i migliori hotel economici a Torino?,hotel economici torino,13790
OBS-I-5f5268c5-IT,it,grandi-citta,internal,hotel,lusso,Brescia,Lombardia,quali sono i migliori hotel di lusso a Brescia?,hotel 5 stelle brescia,2140
OBS-I-5f68d08e-IT,it,grandi-citta,internal,organizzazione,,Treviso,Veneto,cosa vedere a Treviso?,cosa vedere a treviso,44800
OBS-I-604daf67-IT,it,grandi-citta,internal,hotel,,Lecco,Lombardia,quali sono i migliori hotel a Lecco?,hotel lecco,26000
OBS-I-60dd5c56-EN,en,grandi-citta,internal,hotel,economici,Napoli,Campania,what are the best budget hotels in Napoli?,cheap hotels in napoli,4890
OBS-I-61c1d70e-EN,en,grandi-citta,internal,organizzazione,,Roma,Lazio,what to see in Roma?,things to do in roma,6830
OBS-I-628acf4d-IT,it,grandi-citta,internal,hotel,economici,Cremona,Lombardia,quali sono i migliori hotel economici a Cremona?,hotel economici cremona,1370
OBS-I-62c02ba6-IT,it,grandi-citta,internal,hotel,economici,Ferrara,Emilia-Romagna,quali sono i migliori hotel economici a Ferrara?,hotel economici ferrara,3880
OBS-I-6306d242-IT,it,grandi-citta,internal,hotel,,Matera,Basilicata,quali sono i migliori hotel a Matera?,hotel matera,47400
OBS-I-6320185c-IT,it,grandi-citta,internal,hotel,economici,Palermo,Sicilia,quali sono i migliori hotel economici a Palermo?,hotel economici palermo,3670
OBS-I-6383071c-IT,it,grandi-citta,internal,hotel,,Sondrio,Lombardia,quali sono i migliori hotel a Sondrio?,hotel sondrio,14400
OBS-I-63979bd7-EN,en,grandi-citta,internal,hotel,,Bergamo,Lombardia,what are the best hotels in Bergamo?,bergamo hotels,136900
OBS-I-64648085-IT,it,grandi-citta,internal,hotel,coppie,Firenze,Toscana,quali sono i migliori hotel romantici per coppie a Firenze?,hotel romantici firenze,1600
OBS-I-6569006b-EN,en,grandi-citta,internal,hotel,,Venezia,Veneto,what are the best hotels in Venezia?,hotels in venezia,561600
OBS-I-664f049d-EN,en,grandi-citta,internal,hotel,,Piacenza,Emilia-Romagna,what are the best hotels in Piacenza?,hotels in piacenza,83700
OBS-I-67b8f3ba-EN,en,grandi-citta,internal,organizzazione,,Livorno,Toscana,what to see in Livorno?,what to do in livorno,13690
OBS-I-69c1b3bb-IT,it,grandi-citta,internal,hotel,coppie,Verona,Veneto,quali sono i migliori hotel romantici per coppie a Verona?,hotel romantici verona,1740
OBS-I-6a6e170f-IT,it,grandi-citta,internal,hotel,lusso,Treviso,Veneto,quali sono i migliori hotel di lusso a Treviso?,hotel 5 stelle treviso,1430
OBS-I-6b823bdb-IT,it,grandi-citta,internal,organizzazione,,Grosseto,Toscana,cosa vedere a Grosseto?,cosa vedere grosseto,16940
OBS-I-6c617070-IT,it,grandi-citta,internal,organizzazione,,Alessandria,Piemonte,cosa vedere ad Alessandria?,cosa vedere alessandria,14600
OBS-I-6d39f900-IT,it,grandi-citta,internal,organizzazione,,Arezzo,Toscana,cosa vedere ad Arezzo?,cosa vedere arezzo,47900
OBS-I-6d99fce9-IT,it,grandi-citta,internal,organizzazione,,Monza,Lombardia,cosa vedere a Monza?,cosa vedere a monza,20980
OBS-I-6e4384b4-IT,it,grandi-citta,internal,organizzazione,,Viterbo,Lazio,cosa vedere a Viterbo?,cosa vedere viterbo,46100
OBS-I-6e57dd81-EN,en,grandi-citta,internal,hotel,,Pavia,Lombardia,what are the best hotels in Pavia?,hotels in pavia,32400
OBS-I-6e9cabe1-IT,it,grandi-citta,internal,hotel,famiglie,Verona,Veneto,quali sono i migliori hotel per famiglie a Verona?,family hotel verona,2080
OBS-I-6ec48563-EN,en,grandi-citta,internal,hotel,,Ravenna,Emilia-Romagna,what are the best hotels in Ravenna?,hotels in ravenna,142200
OBS-I-6f069ef1-EN,en,grandi-citta,internal,organizzazione,,Modica,Sicilia,what to see in Modica?,things to do in modica,3260
OBS-I-6fa935bf-IT,it,grandi-citta,internal,hotel,,Belluno,Veneto,quali sono i migliori hotel a Belluno?,hotel belluno,14340
OBS-I-6fadfbf3-EN,en,grandi-citta,internal,organizzazione,,Trani,Puglia,what to see in Trani?,things to do in trani,1680
OBS-I-70703456-EN,en,grandi-citta,internal,organizzazione,,Trieste,Friuli-Venezia Giulia,what to see in Trieste?,things to do in trieste,53400
OBS-I-730eed70-IT,it,grandi-citta,internal,hotel,,Biella,Piemonte,quali sono i migliori hotel a Biella?,hotel biella,11980
OBS-I-7436e515-IT,it,grandi-citta,internal,hotel,economici,Treviso,Veneto,quali sono i migliori hotel economici a Treviso?,hotel economici treviso,2370
OBS-I-74bec9e0-IT,it,grandi-citta,internal,hotel,,Modena,Emilia-Romagna,quali sono i migliori hotel a Modena?,hotel modena,74600
OBS-I-75729ff2-EN,en,grandi-citta,internal,hotel,economici,Bergamo,Lombardia,what are the best budget hotels in Bergamo?,cheap hotels in bergamo,2610
OBS-I-76749bf5-IT,it,grandi-citta,internal,hotel,,Genova,Liguria,quali sono i migliori hotel a Genova?,hotel genova,153300
OBS-I-770837e8-IT,it,grandi-citta,internal,hotel,,Novara,Piemonte,quali sono i migliori hotel a Novara?,hotel novara,30700
OBS-I-7842a5ca-EN,en,grandi-citta,internal,hotel,economici,Milano,Lombardia,what are the best budget hotels in Milano?,cheap hotels in milano,67300
OBS-I-78d54208-EN,en,grandi-citta,internal,organizzazione,,Agrigento,Sicilia,what to see in Agrigento?,things to do in agrigento,6150
OBS-I-792294ad-IT,it,grandi-citta,internal,hotel,economici,Catania,Sicilia,quali sono i migliori hotel economici a Catania?,hotel economici catania,2750
OBS-I-7a65a004-EN,en,grandi-citta,internal,hotel,,Novara,Piemonte,what are the best hotels in Novara?,hotels in novara,41200
OBS-I-7bb9cf7f-IT,it,grandi-citta,internal,hotel,,Perugia,Umbria,quali sono i migliori hotel a Perugia?,hotel perugia,67300
OBS-I-7c13c796-IT,it,grandi-citta,internal,hotel,lavoro,Firenze,Toscana,quali sono i migliori hotel per chi viaggia per lavoro a Firenze?,business hotel firenze,1240
OBS-I-7f0278b5-EN,en,grandi-citta,internal,hotel,economici,Verona,Veneto,what are the best budget hotels in Verona?,verona cheap hotels,3160
OBS-I-7fd67f56-EN,en,grandi-citta,internal,organizzazione,,Verona,Veneto,what to see in Verona?,things to do in verona,148000
OBS-I-80428534-EN,en,grandi-citta,internal,hotel,,Milano,Lombardia,what are the best hotels in Milano?,hotels in milano,880500
OBS-I-80617c0c-IT,it,grandi-citta,internal,hotel,,Catania,Sicilia,quali sono i migliori hotel a Catania?,hotel catania,79200
OBS-I-80d59a09-IT,it,grandi-citta,internal,hotel,coppie,Roma,Lazio,quali sono i migliori hotel romantici per coppie a Roma?,hotel romantici roma,3040
OBS-I-81cb0242-EN,en,grandi-citta,internal,organizzazione,,Cagliari,Sardegna,what to see in Cagliari?,things to do in cagliari,31880
OBS-I-82d014fb-EN,en,grandi-citta,internal,organizzazione,,Napoli,Campania,what to see in Napoli?,what to do in napoli,78000
OBS-I-83d88b22-EN,en,grandi-citta,internal,organizzazione,,Venezia,Veneto,what to see in Venezia?,things to do in venezia,446000
OBS-I-84409dbb-EN,en,grandi-citta,internal,organizzazione,,Grosseto,Toscana,what to see in Grosseto?,things to do in grosseto,2010
OBS-I-8452e0e4-IT,it,grandi-citta,internal,hotel,,Torino,Piemonte,quali sono i migliori hotel a Torino?,hotel torino,339400
OBS-I-85d3fe6b-IT,it,grandi-citta,internal,organizzazione,,Benevento,Campania,cosa vedere a Benevento?,cosa vedere a benevento,12580
OBS-I-87bb0e26-EN,en,grandi-citta,internal,hotel,lusso,Verona,Veneto,what are the best luxury hotels in Verona?,luxury hotels in verona,8450
OBS-I-87e70462-EN,en,grandi-citta,internal,organizzazione,,Piacenza,Emilia-Romagna,what to see in Piacenza?,things to do in piacenza,2370
OBS-I-88e98d90-EN,en,grandi-citta,internal,hotel,,Roma,Lazio,what are the best hotels in Roma?,best hotels in roma,208900
OBS-I-8957b4b3-IT,it,grandi-citta,internal,hotel,,Vercelli,Piemonte,quali sono i migliori hotel a Vercelli?,hotel vercelli,11110
OBS-I-89779856-EN,en,grandi-citta,internal,hotel,,Cuneo,Piemonte,what are the best hotels in Cuneo?,hotels in cuneo,51600
OBS-I-89988792-IT,it,grandi-citta,internal,organizzazione,,La Spezia,Liguria,cosa vedere alla Spezia?,cosa vedere la spezia,17880
OBS-I-8b46f61e-IT,it,grandi-citta,internal,organizzazione,,Firenze,Toscana,cosa vedere a Firenze?,cosa vedere a firenze,172200
OBS-I-8b4dd3ea-IT,it,grandi-citta,internal,hotel,lusso,Ferrara,Emilia-Romagna,quali sono i migliori hotel di lusso a Ferrara?,hotel 5 stelle ferrara,2050
OBS-I-8bcbf398-IT,it,grandi-citta,internal,hotel,economici,Cesena,Emilia-Romagna,quali sono i migliori hotel economici a Cesena?,hotel economici cesena,1400
OBS-I-8d126dbf-EN,en,grandi-citta,internal,hotel,economici,Venezia,Veneto,what are the best budget hotels in Venezia?,cheap hotels in venezia,33300
OBS-I-8db5ecc4-IT,it,grandi-citta,internal,organizzazione,,Siena,Toscana,cosa vedere a Siena?,cosa vedere a siena,68900
OBS-I-8ea4344b-EN,en,grandi-citta,internal,organizzazione,,Palermo,Sicilia,what to see in Palermo?,things to do in palermo,112800
OBS-I-8fdaa489-IT,it,grandi-citta,internal,hotel,economici,Milano,Lombardia,quali sono i migliori hotel economici a Milano?,hotel economici milano,24700
OBS-I-8fdf7d9a-EN,en,grandi-citta,internal,hotel,lusso,Pisa,Toscana,what are the best luxury hotels in Pisa?,5 star hotels in pisa,2760
OBS-I-903c13ef-EN,en,grandi-citta,internal,organizzazione,,Padova,Veneto,what to see in Padova?,things to do in padova,26500
OBS-I-912a7be0-EN,en,grandi-citta,internal,hotel,,Agrigento,Sicilia,what are the best hotels in Agrigento?,agrigento hotels,4460
OBS-I-923e4a3a-EN,en,grandi-citta,internal,organizzazione,,Caserta,Campania,what to see in Caserta?,things to do in caserta,2420
OBS-I-92c9793e-EN,en,grandi-citta,internal,organizzazione,,Ragusa,Sicilia,what to see in Ragusa?,things to do in ragusa,5720
OBS-I-93e45d34-IT,it,grandi-citta,internal,hotel,lusso,Ragusa,Sicilia,quali sono i migliori hotel di lusso a Ragusa?,hotel 5 stelle ragusa,1170
OBS-I-9441474d-EN,en,grandi-citta,internal,organizzazione,,Matera,Basilicata,what to see in Matera?,things to do in matera,28800
OBS-I-945e144c-IT,it,grandi-citta,internal,hotel,,Livorno,Toscana,quali sono i migliori hotel a Livorno?,hotel livorno,40900
OBS-I-94ca7a77-IT,it,grandi-citta,internal,hotel,lusso,Bari,Puglia,quali sono i migliori hotel di lusso a Bari?,hotel 5 stelle bari,5250
OBS-I-95071574-EN,en,grandi-citta,internal,organizzazione,,Salerno,Campania,what to see in Salerno?,things to do in salerno,39100
OBS-I-972e5d5a-IT,it,grandi-citta,internal,organizzazione,,Ravenna,Emilia-Romagna,cosa vedere a Ravenna?,cosa vedere ravenna,68600
OBS-I-9771884d-EN,en,grandi-citta,internal,hotel,,Matera,Basilicata,what are the best hotels in Matera?,hotels in matera,70600
OBS-I-980c298d-IT,it,grandi-citta,internal,hotel,lusso,Cagliari,Sardegna,quali sono i migliori hotel di lusso a Cagliari?,hotel 5 stelle cagliari,4100
OBS-I-9a5dd534-IT,it,grandi-citta,internal,hotel,,Trani,Puglia,quali sono i migliori hotel a Trani?,hotel trani,13580
OBS-I-9ac62651-EN,en,grandi-citta,internal,hotel,lusso,Lecce,Puglia,what are the best luxury hotels in Lecce?,luxury hotels in lecce,3940
OBS-I-9e495007-IT,it,grandi-citta,internal,hotel,lusso,Bergamo,Lombardia,quali sono i migliori hotel di lusso a Bergamo?,hotel 5 stelle bergamo,2660
OBS-I-9ef71a8d-EN,en,grandi-citta,internal,hotel,lusso,Firenze,Toscana,what are the best luxury hotels in Firenze?,luxury hotels in firenze,102700
OBS-I-9f1925b7-IT,it,grandi-citta,internal,hotel,lusso,Verona,Veneto,quali sono i migliori hotel di lusso a Verona?,hotel 5 stelle verona,4810
OBS-I-9f8d71dd-IT,it,grandi-citta,internal,hotel,lusso,Agrigento,Sicilia,quali sono i migliori hotel di lusso ad Agrigento?,hotel 5 stelle agrigento,1350
OBS-I-9fbe7bb9-IT,it,grandi-citta,internal,organizzazione,,Matera,Basilicata,cosa vedere a Matera?,cosa vedere a matera,40700
OBS-I-9fe34d47-EN,en,grandi-citta,internal,organizzazione,,Arezzo,Toscana,what to see in Arezzo?,things to do in arezzo,8440
OBS-I-9ffb5664-IT,it,grandi-citta,internal,hotel,,Verona,Veneto,quali sono i migliori hotel a Verona?,hotel verona,268800
OBS-I-a0260531-EN,en,grandi-citta,internal,hotel,lusso,Salerno,Campania,what are the best luxury hotels in Salerno?,luxury hotels in salerno,1040
OBS-I-a0612d80-IT,it,grandi-citta,internal,organizzazione,,Imperia,Liguria,cosa vedere a Imperia?,cosa vedere imperia,7830
OBS-I-a06dd9fe-EN,en,grandi-citta,internal,hotel,,Palermo,Sicilia,what are the best hotels in Palermo?,hotels in palermo,280200
OBS-I-a0c7c40d-EN,en,grandi-citta,internal,hotel,lusso,Palermo,Sicilia,what are the best luxury hotels in Palermo?,luxury hotels in palermo,15590
OBS-I-a15e65d4-IT,it,grandi-citta,internal,hotel,economici,Trieste,Friuli-Venezia Giulia,quali sono i migliori hotel economici a Trieste?,hotel economici trieste,4090
OBS-I-a169b71a-EN,en,grandi-citta,internal,hotel,,Viterbo,Lazio,what are the best hotels in Viterbo?,hotels in viterbo,11420
OBS-I-a25cc78b-IT,it,grandi-citta,internal,hotel,economici,Salerno,Campania,quali sono i migliori hotel economici a Salerno?,hotel economici salerno,1970
OBS-I-a3e10269-EN,en,grandi-citta,internal,organizzazione,,Bari,Puglia,what to see in Bari?,things to do in bari,51100
OBS-I-a6cd6ec2-IT,it,grandi-citta,internal,hotel,lusso,Pisa,Toscana,quali sono i migliori hotel di lusso a Pisa?,hotel 5 stelle pisa,1790
OBS-I-a6fa888f-EN,en,grandi-citta,internal,hotel,lusso,Matera,Basilicata,what are the best luxury hotels in Matera?,luxury hotels in matera,3590
OBS-I-a7f99dad-IT,it,grandi-citta,internal,hotel,,Asti,Piemonte,quali sono i migliori hotel ad Asti?,hotel asti,18700
OBS-I-a81c38bc-IT,it,grandi-citta,internal,hotel,economici,Venezia,Veneto,quali sono i migliori hotel economici a Venezia?,hotel economici venezia,11780
OBS-I-a8b04c28-EN,en,grandi-citta,internal,hotel,,Modena,Emilia-Romagna,what are the best hotels in Modena?,hotels in modena,107200
OBS-I-a8fc8a68-IT,it,grandi-citta,internal,hotel,lusso,Matera,Basilicata,quali sono i migliori hotel di lusso a Matera?,hotel 5 stelle matera,4390
OBS-I-aac0dd63-EN,en,grandi-citta,internal,hotel,,Modica,Sicilia,what are the best hotels in Modica?,hotels in modica,13680
OBS-I-ab6088c2-IT,it,grandi-citta,internal,organizzazione,,Lucca,Toscana,cosa vedere a Lucca?,cosa vedere a lucca,61800
OBS-I-abb2813b-EN,en,grandi-citta,internal,organizzazione,,Torino,Piemonte,what to see in Torino?,things to do in torino,76200
OBS-I-ac4d65eb-EN,en,grandi-citta,internal,hotel,,Trapani,Sicilia,what are the best hotels in Trapani?,hotels in trapani,29300
OBS-I-ac55d539-IT,it,grandi-citta,internal,organizzazione,,Modica,Sicilia,cosa vedere a Modica?,cosa vedere a modica,17890
OBS-I-ad9f0b8d-IT,it,grandi-citta,internal,hotel,,Lollove; Nuoro ,Sardegna,quali sono i migliori hotel a Nuoro?,hotel nuoro,9470
OBS-I-ae7bde0a-IT,it,grandi-citta,internal,hotel,economici,Firenze,Toscana,quali sono i migliori hotel economici a Firenze?,hotel economici firenze,21160
OBS-I-aeecfd9c-EN,en,grandi-citta,internal,hotel,,Vicenza,Veneto,what are the best hotels in Vicenza?,hotels in vicenza,18800
OBS-I-afd28c03-IT,it,grandi-citta,internal,hotel,coppie,Napoli,Campania,quali sono i migliori hotel romantici per coppie a Napoli?,hotel romantici napoli,1100
OBS-I-b2a25324-IT,it,grandi-citta,internal,hotel,famiglie,Venezia,Veneto,quali sono i migliori hotel per famiglie a Venezia?,family hotel venezia,1060
OBS-I-b2e950c4-EN,en,grandi-citta,internal,hotel,famiglie,Verona,Veneto,what are the best family-friendly hotels in Verona?,family hotels in verona,3640
OBS-I-b58a4cc8-EN,en,grandi-citta,internal,hotel,,La Spezia,Liguria,what are the best hotels in La Spezia?,hotels in la spezia,16900
OBS-I-b5a11e42-EN,en,grandi-citta,internal,hotel,,Napoli,Campania,what are the best hotels in Napoli?,hotels in napoli,227000
OBS-I-b7396752-EN,en,grandi-citta,internal,hotel,economici,Genova,Liguria,what are the best budget hotels in Genova?,cheap hotels in genova,3200
OBS-I-b7a3f99c-EN,en,grandi-citta,internal,organizzazione,,Trapani,Sicilia,what to see in Trapani?,things to do in trapani,14670
OBS-I-b7dc9f66-IT,it,grandi-citta,internal,hotel,economici,Caserta,Campania,quali sono i migliori hotel economici a Caserta?,hotel economici caserta,2230
OBS-I-b859ffd7-EN,en,grandi-citta,internal,hotel,economici,Padova,Veneto,what are the best budget hotels in Padova?,cheap hotels in padova,1600
OBS-I-b8d05aca-EN,en,grandi-citta,internal,hotel,economici,Torino,Piemonte,what are the best budget hotels in Torino?,torino cheap hotels,3020
OBS-I-b968540f-EN,en,grandi-citta,internal,hotel,,Lecco,Lombardia,what are the best hotels in Lecco?,lecco hotels,5390
OBS-I-ba01b2f9-IT,it,grandi-citta,internal,hotel,economici,Grosseto,Toscana,quali sono i migliori hotel economici a Grosseto?,hotel economici grosseto,2110
OBS-I-ba463ad4-EN,en,grandi-citta,internal,hotel,lusso,Bari,Puglia,what are the best luxury hotels in Bari?,luxury hotels in bari,5260
OBS-I-bb423a7f-IT,it,grandi-citta,internal,hotel,economici,Bologna,Emilia-Romagna,quali sono i migliori hotel economici a Bologna?,hotel economici bologna,11560
OBS-I-bbea818b-IT,it,grandi-citta,internal,organizzazione,,Piacenza,Emilia-Romagna,cosa vedere a Piacenza?,cosa vedere piacenza,31500
OBS-I-bc2a03ab-EN,en,grandi-citta,internal,hotel,economici,Trieste,Friuli-Venezia Giulia,what are the best budget hotels in Trieste?,cheap hotels in trieste,2200
OBS-I-bc3f8852-IT,it,grandi-citta,internal,hotel,lusso,Padova,Veneto,quali sono i migliori hotel di lusso a Padova?,hotel 5 stelle padova,2800
OBS-I-bcd2b43e-IT,it,grandi-citta,internal,hotel,lusso,Parma,Emilia-Romagna,quali sono i migliori hotel di lusso a Parma?,hotel 5 stelle parma,3780
OBS-I-bd6ba2e3-EN,en,grandi-citta,internal,hotel,lusso,Siracusa,Sicilia,what are the best luxury hotels in Siracusa?,siracusa luxury hotels,2000
OBS-I-bec977f3-EN,en,grandi-citta,internal,hotel,,Siena,Toscana,what are the best hotels in Siena?,hotels in siena,160100
OBS-I-bfd28a17-EN,en,grandi-citta,internal,hotel,,Ragusa,Sicilia,what are the best hotels in Ragusa?,hotels in ragusa,27300
OBS-I-c042bdda-IT,it,grandi-citta,internal,hotel,lusso,Arezzo,Toscana,quali sono i migliori hotel di lusso ad Arezzo?,hotel 5 stelle arezzo,1110
OBS-I-c0799566-EN,en,grandi-citta,internal,hotel,economici,Roma,Lazio,what are the best budget hotels in Roma?,cheap hotels in roma,99000
OBS-I-c08091c2-IT,it,grandi-citta,internal,hotel,,Avellino,Campania,quali sono i migliori hotel ad Avellino?,hotel avellino,13040
OBS-I-c081e567-EN,en,grandi-citta,internal,hotel,,Salerno,Campania,what are the best hotels in Salerno?,hotels in salerno,91500
OBS-I-c0f5361c-EN,en,grandi-citta,internal,hotel,lusso,Lucca,Toscana,what are the best luxury hotels in Lucca?,luxury hotels in lucca,1940
OBS-I-c18832c7-IT,it,grandi-citta,internal,organizzazione,,Bologna,Emilia-Romagna,cosa vedere a Bologna?,cosa vedere a bologna,151200
OBS-I-c1e9dfcf-IT,it,grandi-citta,internal,organizzazione,,Padova,Veneto,cosa vedere a Padova?,cosa vedere a padova,88400
OBS-I-c2580f6e-IT,it,grandi-citta,internal,organizzazione,,Livorno,Toscana,cosa vedere a Livorno?,cosa vedere a livorno,35900
OBS-I-c26d0f66-EN,en,grandi-citta,internal,hotel,,Biella,Piemonte,what are the best hotels in Biella?,hotels in biella,1070
OBS-I-c330c869-IT,it,grandi-citta,internal,hotel,,Agrigento,Sicilia,quali sono i migliori hotel ad Agrigento?,hotel agrigento,18800
OBS-I-c33f1c92-IT,it,grandi-citta,internal,organizzazione,,Modena,Emilia-Romagna,cosa vedere a Modena?,cosa vedere a modena,57700
OBS-I-c4f2d543-EN,en,grandi-citta,internal,organizzazione,,Asti,Piemonte,what to see in Asti?,what to do in asti,2390
OBS-I-c57637a8-IT,it,grandi-citta,internal,hotel,,Cagliari,Sardegna,quali sono i migliori hotel a Cagliari?,hotel cagliari,59700
OBS-I-c59fe67c-IT,it,grandi-citta,internal,organizzazione,,Trieste,Friuli-Venezia Giulia,cosa vedere a Trieste?,cosa vedere a trieste,87600
OBS-I-c5d8f5ca-EN,en,grandi-citta,internal,hotel,famiglie,Bologna,Emilia-Romagna,what are the best family-friendly hotels in Bologna?,bologna family hotels,1790
OBS-I-c67dac6b-IT,it,grandi-citta,internal,hotel,economici,Siena,Toscana,quali sono i migliori hotel economici a Siena?,hotel economici siena,3520
OBS-I-c741b619-EN,en,grandi-citta,internal,hotel,,Padova,Veneto,what are the best hotels in Padova?,hotels in padova,77400
OBS-I-c75c4be6-IT,it,grandi-citta,internal,organizzazione,,Ragusa,Sicilia,cosa vedere a Ragusa?,cosa vedere a ragusa,15490
OBS-I-c7a734f7-IT,it,grandi-citta,internal,organizzazione,,Asti,Piemonte,cosa vedere ad Asti?,cosa vedere asti,23700
OBS-I-c84a71b6-IT,it,grandi-citta,internal,hotel,,Bergamo,Lombardia,quali sono i migliori hotel a Bergamo?,hotel bergamo,63400
OBS-I-c85f5a3c-IT,it,grandi-citta,internal,hotel,famiglie,Roma,Lazio,quali sono i migliori hotel per famiglie a Roma?,family hotel roma,3340
OBS-I-c87fabcc-IT,it,grandi-citta,internal,hotel,,Piacenza,Emilia-Romagna,quali sono i migliori hotel a Piacenza?,hotel piacenza,50100
OBS-I-c89f5ecb-IT,it,grandi-citta,internal,hotel,,Pisa,Toscana,quali sono i migliori hotel a Pisa?,hotel pisa,72000
OBS-I-c8bae69c-IT,it,grandi-citta,internal,hotel,lusso,Torino,Piemonte,quali sono i migliori hotel di lusso a Torino?,hotel 5 stelle torino,11720
OBS-I-c8dfd7b4-EN,en,grandi-citta,internal,hotel,lusso,Siena,Toscana,what are the best luxury hotels in Siena?,luxury hotels in siena,5500
OBS-I-c8e367b9-EN,en,grandi-citta,internal,hotel,,Mantova,Lombardia,what are the best hotels in Mantova?,hotels in mantova,11550
OBS-I-c92d134e-IT,it,grandi-citta,internal,organizzazione,,Cagliari,Sardegna,cosa vedere a Cagliari?,cosa vedere a cagliari,51400
OBS-I-ca6c6d5f-IT,it,grandi-citta,internal,hotel,economici,Brescia,Lombardia,quali sono i migliori hotel economici a Brescia?,hotel economici brescia,1530
OBS-I-cac63faf-EN,en,grandi-citta,internal,hotel,lusso,Venezia,Veneto,what are the best luxury hotels in Venezia?,venezia luxury hotels,116200
OBS-I-cdccd045-EN,en,grandi-citta,internal,hotel,,Catania,Sicilia,what are the best hotels in Catania?,catania hotels,114800
OBS-I-cdd2c05f-IT,it,grandi-citta,internal,organizzazione,,Varese,Lombardia,cosa vedere a Varese?,cosa vedere a varese,13110
OBS-I-cec89e75-EN,en,grandi-citta,internal,hotel,lusso,Perugia,Umbria,what are the best luxury hotels in Perugia?,luxury hotels in perugia,1370
OBS-I-cee04e98-IT,it,grandi-citta,internal,hotel,,Modica,Sicilia,quali sono i migliori hotel a Modica?,hotel modica,11200
OBS-I-cfa1e0e8-IT,it,grandi-citta,internal,hotel,,Brescia,Lombardia,quali sono i migliori hotel a Brescia?,hotel brescia,72400
OBS-I-d005ba98-IT,it,grandi-citta,internal,organizzazione,,Parma,Emilia-Romagna,cosa vedere a Parma?,cosa vedere a parma,81100
OBS-I-d06e2ac7-EN,en,grandi-citta,internal,hotel,,Trani,Puglia,what are the best hotels in Trani?,hotels in trani,15240
OBS-I-d097a9ed-EN,en,grandi-citta,internal,organizzazione,,Siracusa,Sicilia,what to see in Siracusa?,things to do in siracusa,20880
OBS-I-d0fe4dcf-EN,en,grandi-citta,internal,hotel,economici,Pisa,Toscana,what are the best budget hotels in Pisa?,cheap hotels in pisa,3360
OBS-I-d10aa452-EN,en,grandi-citta,internal,hotel,,Cremona,Lombardia,what are the best hotels in Cremona?,cremona hotels,14160
OBS-I-d140a83e-IT,it,grandi-citta,internal,hotel,lusso,Mantova,Lombardia,quali sono i migliori hotel di lusso a Mantova?,hotel 5 stelle mantova,1420
OBS-I-d1c8b3a0-IT,it,grandi-citta,internal,organizzazione,,Lollove; Nuoro ,Sardegna,cosa vedere a Nuoro?,cosa vedere a nuoro,5420
OBS-I-d37409c5-EN,en,grandi-citta,internal,hotel,lusso,Torino,Piemonte,what are the best luxury hotels in Torino?,5 star hotels in torino,3930
OBS-I-d43fa909-EN,en,grandi-citta,internal,organizzazione,,Brescia,Lombardia,what to see in Brescia?,things to do in brescia,11360
OBS-I-d5317942-IT,it,grandi-citta,internal,organizzazione,,Cremona,Lombardia,cosa vedere a Cremona?,cosa vedere a cremona,34880
OBS-I-d7a9da13-IT,it,grandi-citta,internal,hotel,economici,Vicenza,Veneto,quali sono i migliori hotel economici a Vicenza?,hotel economici vicenza,2450
OBS-I-d84ae747-IT,it,grandi-citta,internal,hotel,lusso,Lecce,Puglia,quali sono i migliori hotel di lusso a Lecce?,hotel 5 stelle lecce,3380
OBS-I-d8c0f99c-IT,it,grandi-citta,internal,hotel,,Monza,Lombardia,quali sono i migliori hotel a Monza?,hotel monza,53300
OBS-I-d9aa09eb-IT,it,grandi-citta,internal,hotel,,Lecce,Puglia,quali sono i migliori hotel a Lecce?,hotel lecce,40900
OBS-I-d9cf7ce3-EN,en,grandi-citta,internal,hotel,,Perugia,Umbria,what are the best hotels in Perugia?,hotels in perugia,34400
OBS-I-da3f1894-IT,it,grandi-citta,internal,hotel,economici,Perugia,Umbria,quali sono i migliori hotel economici a Perugia?,hotel economici perugia,4320
OBS-I-da85eec1-IT,it,grandi-citta,internal,hotel,,Vicenza,Veneto,quali sono i migliori hotel a Vicenza?,hotel vicenza,32900
OBS-I-db323262-EN,en,grandi-citta,internal,hotel,,Imperia,Liguria,what are the best hotels in Imperia?,imperia hotels,1525000
OBS-I-dca29e56-IT,it,grandi-citta,internal,hotel,,Padova,Veneto,quali sono i migliori hotel a Padova?,hotel padova,74600
OBS-I-dcd1a17b-IT,it,grandi-citta,internal,hotel,lusso,Trapani,Sicilia,quali sono i migliori hotel di lusso a Trapani?,hotel 5 stelle trapani,1090
OBS-I-dd12bb47-IT,it,grandi-citta,internal,hotel,lusso,Venezia,Veneto,quali sono i migliori hotel di lusso a Venezia?,hotel 5 stelle venezia,16580
OBS-I-dd40a211-EN,en,grandi-citta,internal,hotel,lusso,Trieste,Friuli-Venezia Giulia,what are the best luxury hotels in Trieste?,luxury hotels in trieste,2830
OBS-I-dddf928b-IT,it,grandi-citta,internal,organizzazione,,Taranto,Puglia,cosa vedere a Taranto?,cosa vedere a taranto,18360
OBS-I-de964997-EN,en,grandi-citta,internal,organizzazione,,La Spezia,Liguria,what to see in La Spezia?,what to do in la spezia,13560
OBS-I-dede6f7a-IT,it,grandi-citta,internal,organizzazione,,Milano,Lombardia,cosa vedere a Milano?,cosa vedere a milano,98900
OBS-I-e121629f-EN,en,grandi-citta,internal,hotel,,Ferrara,Emilia-Romagna,what are the best hotels in Ferrara?,hotels in ferrara,162000
OBS-I-e18eae4c-IT,it,grandi-citta,internal,organizzazione,,Lecce,Puglia,cosa vedere a Lecce?,cosa vedere a lecce,45100
OBS-I-e2d7626b-IT,it,grandi-citta,internal,organizzazione,,Mantova,Lombardia,cosa vedere a Mantova?,cosa vedere mantova,78800
OBS-I-e2e4947c-EN,en,grandi-citta,internal,organizzazione,,Pavia,Lombardia,what to see in Pavia?,things to do in pavia,3010
OBS-I-e3502661-IT,it,grandi-citta,internal,organizzazione,,Pavia,Lombardia,cosa vedere a Pavia?,cosa vedere a pavia,32600
OBS-I-e4246cec-IT,it,grandi-citta,internal,organizzazione,,Genova,Liguria,cosa vedere a Genova?,cosa vedere a genova,87600
OBS-I-e543e5b4-EN,en,grandi-citta,internal,organizzazione,,Bologna,Emilia-Romagna,what to see in Bologna?,things to do in bologna,187300
OBS-I-e58afb3e-EN,en,grandi-citta,internal,hotel,,Arezzo,Toscana,what are the best hotels in Arezzo?,hotels in arezzo,40500
OBS-I-e5a8b5e8-EN,en,grandi-citta,internal,hotel,economici,Bologna,Emilia-Romagna,what are the best budget hotels in Bologna?,cheap hotels in bologna,7230
OBS-I-e65a2b69-IT,it,grandi-citta,internal,organizzazione,,Roma,Lazio,cosa vedere a Roma?,cosa vedere a roma,165900
OBS-I-e66181de-IT,it,grandi-citta,internal,hotel,economici,Biella,Piemonte,quali sono i migliori hotel economici a Biella?,hotel economici biella,1260
OBS-I-e67a7f1d-IT,it,grandi-citta,internal,organizzazione,,Napoli,Campania,cosa vedere a Napoli?,cosa vedere a napoli,196400
OBS-I-e75be9df-IT,it,grandi-citta,internal,hotel,lusso,Marsala,Sicilia,quali sono i migliori hotel di lusso a Marsala?,hotel 5 stelle marsala,1010
OBS-I-e7ae8678-EN,en,grandi-citta,internal,hotel,,Bari,Puglia,what are the best hotels in Bari?,hotels in bari,117600
OBS-I-e87d585a-EN,en,grandi-citta,internal,hotel,lavoro,Bologna,Emilia-Romagna,what are the best business hotels in Bologna?,business hotels in bologna,1000
OBS-I-e9601ab6-IT,it,grandi-citta,internal,hotel,lusso,Catania,Sicilia,quali sono i migliori hotel di lusso a Catania?,hotel 5 stelle catania,4970
OBS-I-e9eb1f65-IT,it,grandi-citta,internal,organizzazione,,Cesena,Emilia-Romagna,cosa vedere a Cesena?,cosa vedere a cesena,10400
OBS-I-eb4149fc-EN,en,grandi-citta,internal,organizzazione,,Vicenza,Veneto,what to see in Vicenza?,things to do in vicenza,10720
OBS-I-ebeea0d2-IT,it,grandi-citta,internal,hotel,,Cuneo,Piemonte,quali sono i migliori hotel a Cuneo?,hotel cuneo,38600
OBS-I-ec1ac589-EN,en,grandi-citta,internal,hotel,,Avellino,Campania,what are the best hotels in Avellino?,hotels in avellino,1590
OBS-I-ed586537-IT,it,grandi-citta,internal,hotel,economici,Siracusa,Sicilia,quali sono i migliori hotel economici a Siracusa?,hotel economici siracusa,1650
OBS-I-ed74f962-EN,en,grandi-citta,internal,organizzazione,,Perugia,Umbria,what to see in Perugia?,things to do in perugia,11630
OBS-I-edd5e2f8-IT,it,grandi-citta,internal,hotel,economici,Pavia,Lombardia,quali sono i migliori hotel economici a Pavia?,hotel economici pavia,1900
OBS-I-ede2f99e-IT,it,grandi-citta,internal,hotel,lusso,Roma,Lazio,quali sono i migliori hotel di lusso a Roma?,hotel 5 stelle roma,27500
OBS-I-eead3132-IT,it,grandi-citta,internal,hotel,,Milano,Lombardia,quali sono i migliori hotel a Milano?,hotel milano,434200
OBS-I-ef2bdfed-IT,it,grandi-citta,internal,hotel,lusso,Bologna,Emilia-Romagna,quali sono i migliori hotel di lusso a Bologna?,hotel 5 stelle bologna,6510
OBS-I-ef522968-EN,en,grandi-citta,internal,hotel,,Parma,Emilia-Romagna,what are the best hotels in Parma?,hotels in parma,79500
OBS-I-efb2db2a-EN,en,grandi-citta,internal,hotel,,Asti,Piemonte,what are the best hotels in Asti?,hotels in asti,15180
OBS-I-efe47333-IT,it,grandi-citta,internal,hotel,,Lucca,Toscana,quali sono i migliori hotel a Lucca?,hotel lucca,45200
OBS-I-effe68c8-EN,en,grandi-citta,internal,organizzazione,,Monza,Lombardia,what to see in Monza?,things to do in monza,7990
OBS-I-f05fd5e1-EN,en,grandi-citta,internal,organizzazione,,Catania,Sicilia,what to see in Catania?,things to do in catania,86200
OBS-I-f21dd660-IT,it,grandi-citta,internal,hotel,economici,Modena,Emilia-Romagna,quali sono i migliori hotel economici a Modena?,hotel economici modena,4790
OBS-I-f234a23d-EN,en,grandi-citta,internal,hotel,animali,Milano,Lombardia,what are the best pet-friendly hotels in Milano?,pet friendly hotels in milano,1250
OBS-I-f64d6c19-IT,it,grandi-citta,internal,hotel,,Cesena,Emilia-Romagna,quali sono i migliori hotel a Cesena?,hotel cesena,25500
OBS-I-f665f590-IT,it,grandi-citta,internal,hotel,lusso,Vicenza,Veneto,quali sono i migliori hotel di lusso a Vicenza?,hotel 5 stelle vicenza,1000
OBS-I-f6d3692d-IT,it,grandi-citta,internal,hotel,,Mantova,Lombardia,quali sono i migliori hotel a Mantova?,hotel mantova,50000
OBS-I-f79fe0d0-EN,en,grandi-citta,internal,organizzazione,,Belluno,Veneto,what to see in Belluno?,things to do in belluno,1350
OBS-I-f880f11d-IT,it,grandi-citta,internal,organizzazione,,Venezia,Veneto,cosa vedere a Venezia?,cosa vedere a venezia,97300
OBS-I-fa6ef6d1-IT,it,grandi-citta,internal,hotel,economici,Cagliari,Sardegna,quali sono i migliori hotel economici a Cagliari?,hotel economici cagliari,2720
OBS-I-fb1ed1c8-IT,it,grandi-citta,internal,hotel,,Taranto,Puglia,quali sono i migliori hotel a Taranto?,hotel taranto,26400
OBS-I-fc96c962-IT,it,grandi-citta,internal,organizzazione,,Avellino,Campania,cosa vedere ad Avellino?,avellino cosa vedere,4850
OBS-I-fe43dd72-EN,en,grandi-citta,internal,hotel,coppie,Verona,Veneto,what are the best romantic hotels in Verona?,romantic hotels in verona,1000
OBS-I-ff27980d-IT,it,grandi-citta,internal,organizzazione,,Salerno,Campania,cosa vedere a Salerno?,cosa vedere a salerno,33400
OBS-I-ff703c20-EN,en,grandi-citta,internal,hotel,lusso,Roma,Lazio,what are the best luxury hotels in Roma?,luxury hotels in roma,205800
OBS-I-ffbc8972-IT,it,grandi-citta,internal,hotel,lusso,Genova,Liguria,quali sono i migliori hotel di lusso a Genova?,hotel 5 stelle genova,5890
OBS-C-0d1abafc-EN,en,laghi,comparative,sogno,,Toscana,Toscana,what are the most beautiful lakes in Tuscany?,tuscany lakes,18600
OBS-C-11335643-EN,en,laghi,comparative,sogno,,Trentino-Alto Adige,Trentino-Alto Adige,what are the most beautiful lakes in Trentino-Alto Adige?,trentino lakes,1120
OBS-C-2f847831-EN,en,laghi,comparative,sogno,,Umbria,Umbria,what are the most beautiful lakes in Umbria?,lakes in umbria,2790
OBS-C-34ddb680-IT,it,laghi,comparative,sogno,,Veneto,Veneto,quali sono i laghi più belli in Veneto?,laghi veneto,35000
OBS-C-4d2f3bdd-EN,en,laghi,comparative,sogno,,Piemonte,Piemonte,what are the most beautiful lakes in Piedmont?,piedmont lakes,25320
OBS-C-4d9309bd-EN,en,laghi,comparative,hotel,,Italia,,what are the best lake hotels in Italy?,lake hotels italy,2390
OBS-C-73186625-IT,it,laghi,comparative,sogno,,Trentino-Alto Adige,Trentino-Alto Adige,quali sono i laghi più belli in Trentino-Alto Adige?,laghi trentino alto adige,25280
OBS-C-742d2e7c-IT,it,laghi,comparative,sogno,,Lazio,Lazio,quali sono i laghi più belli nel Lazio?,lago lazio,18340
OBS-C-b6533777-IT,it,laghi,comparative,sogno,,Puglia,Puglia,quali sono i laghi più belli in Puglia?,laghi puglia,10830
OBS-C-c107d5d5-IT,it,laghi,comparative,sogno,,Piemonte,Piemonte,quali sono i laghi più belli in Piemonte?,laghi piemonte,60500
OBS-C-cdb45e1e-IT,it,laghi,comparative,sogno,,Lombardia,Lombardia,quali sono i laghi più belli in Lombardia?,laghi lombardia,47400
OBS-C-cf3f3ea7-IT,it,laghi,comparative,sogno,,Toscana,Toscana,quali sono i laghi più belli in Toscana?,laghi toscana,25580
OBS-C-dc24a327-EN,en,laghi,comparative,sogno,,Italia,,what are the most beautiful lakes in Italy?,italy lakes,138200
OBS-C-dd4c6152-EN,en,laghi,comparative,sogno,,Lombardia,Lombardia,what are the most beautiful lakes in Lombardy?,lakes in lombardy,6830
OBS-C-de681ef2-IT,it,laghi,comparative,sogno,,Umbria,Umbria,quali sono i laghi più belli in Umbria?,laghi umbria,30000
OBS-C-f1a78702-IT,it,laghi,comparative,sogno,,Italia,,quali sono i laghi più belli in Italia?,laghi italia,51500
OBS-I-01c65324-IT,it,laghi,internal,hotel,,Tremosine sul Garda,Lombardia,quali sono i migliori hotel a Tremosine sul Garda?,hotel tremosine sul garda,2250
OBS-I-01e0a363-EN,en,laghi,internal,hotel,,Lovere,Lombardia,what are the best hotels in Lovere?,lovere hotels,19800
OBS-I-03dc476b-IT,it,laghi,internal,organizzazione,,Lago di Bolsena,Lazio,cosa vedere e cosa fare in zona Lago di Bolsena?,cosa vedere lago di bolsena,25900
OBS-I-047a1f24-IT,it,laghi,internal,organizzazione,,Lago di Tovel,Trentino-Alto Adige,cosa vedere e cosa fare in zona Lago di Tovel?,escursioni lago di tovel,1190
OBS-I-0a62a60e-IT,it,laghi,internal,organizzazione,,Lago di Vico,Lazio,cosa vedere e cosa fare in zona Lago di Vico?,lago di vico cosa vedere,5440
OBS-I-0aa1d7d8-IT,it,laghi,internal,organizzazione,,Tremezzo ,Lombardia,cosa vedere a Tremezzo?,tremezzo cosa vedere,1210
OBS-I-0bf011a3-IT,it,laghi,internal,organizzazione,,Lago di Viverone,Piemonte,cosa vedere e cosa fare in zona Lago di Viverone?,lago di viverone cosa vedere,6680
OBS-I-0ddfefe1-IT,it,laghi,internal,organizzazione,,Cannobio,Piemonte,cosa vedere a Cannobio?,cannobio cosa vedere,4970
OBS-I-0f19058a-EN,en,laghi,internal,organizzazione,,Gardone Riviera,Lombardia,what to see in Gardone Riviera?,things to do in gardone riviera,1010
OBS-I-169d1bdd-IT,it,laghi,internal,hotel,,Montefiascone,Lazio,quali sono i migliori hotel a Montefiascone?,hotel montefiascone,5140
OBS-I-16a267bb-EN,en,laghi,internal,hotel,,Bellano,Lombardia,what are the best hotels in Bellano?,bellano hotels,7110
OBS-I-189f02e4-IT,it,laghi,internal,hotel,,Tremezzo ,Lombardia,quali sono i migliori hotel a Tremezzo?,hotel tremezzo,18490
OBS-I-19900155-IT,it,laghi,internal,organizzazione,,Passignano sul Trasimeno,Umbria,cosa vedere a Passignano sul Trasimeno?,cosa vedere passignano sul trasimeno,6080
OBS-I-1c4809c9-EN,en,laghi,internal,hotel,,Tuoro sul Trasimeno,Umbria,what are the best hotels in Tuoro sul Trasimeno?,tuoro sul trasimeno hotels,1280
OBS-I-1ca54be7-IT,it,laghi,internal,hotel,lusso,Sirmione,Lombardia,quali sono i migliori hotel di lusso a Sirmione?,hotel 5 stelle sirmione,2190
OBS-I-1ce7ac04-IT,it,laghi,internal,hotel,lusso,Lazise,Veneto,quali sono i migliori hotel di lusso a Lazise?,hotel 5 stelle lazise,2240
OBS-I-1d112615-IT,it,laghi,internal,hotel,economici,Lazise,Veneto,quali sono i migliori hotel economici a Lazise?,hotel economici lazise,2240
OBS-I-1e3238a8-IT,it,laghi,internal,hotel,,Tuoro sul Trasimeno,Umbria,quali sono i migliori hotel a Tuoro sul Trasimeno?,hotel tuoro sul trasimeno,1000
OBS-I-1e444b66-IT,it,laghi,internal,organizzazione,,Lago di Nemi,Lazio,cosa vedere e cosa fare in zona Lago di Nemi?,lago di nemi cosa vedere,2060
OBS-I-1ec2eeb9-IT,it,laghi,internal,organizzazione,,Nago-Torbole,Trentino-Alto Adige,cosa vedere a Nago-Torbole?,nago-torbole cosa vedere,1170
OBS-I-1f3b0eaf-EN,en,laghi,internal,organizzazione,,Bardolino,Veneto,what to see in Bardolino?,things to do in bardolino,4920
OBS-I-20c01efc-IT,it,laghi,internal,hotel,lusso,Limone sul Garda,Lombardia,quali sono i migliori hotel di lusso a Limone sul Garda?,hotel 5 stelle limone sul garda,2110
OBS-I-216e17d1-IT,it,laghi,internal,organizzazione,,Lovere,Lombardia,cosa vedere a Lovere?,cosa vedere lovere,14940
OBS-I-218930fe-IT,it,laghi,internal,hotel,,Lago Trasimeno,Umbria,dove dormire in zona Lago Trasimeno?,dove dormire lago trasimeno,6010
OBS-I-21d2dfbe-IT,it,laghi,internal,hotel,lusso,Como,Lombardia,quali sono i migliori hotel di lusso a Como?,hotel 5 stelle como,2850
OBS-I-24b20fca-IT,it,laghi,internal,hotel,,Lago di Bolsena,Lazio,dove dormire in zona Lago di Bolsena?,dove dormire lago di bolsena,5790
OBS-I-24eb1e9d-IT,it,laghi,internal,organizzazione,,Varenna,Lombardia,cosa vedere a Varenna?,cosa vedere varenna,15930
OBS-I-259636e7-IT,it,laghi,internal,organizzazione,,Lago di Ledro,Trentino-Alto Adige,cosa vedere e cosa fare in zona Lago di Ledro?,lago di ledro cosa vedere,4440
OBS-I-26547a2f-IT,it,laghi,internal,organizzazione,,Bracciano,Lazio,cosa vedere a Bracciano?,cosa vedere a bracciano,4360
OBS-I-270553c1-IT,it,laghi,internal,organizzazione,,Bolsena,Lazio,cosa vedere a Bolsena?,cosa vedere bolsena,9410
OBS-I-276413ba-EN,en,laghi,internal,hotel,,Manerba del Garda,Lombardia,what are the best hotels in Manerba del Garda?,manerba del garda hotels,3950
OBS-I-2b9092c2-IT,it,laghi,internal,organizzazione,,Bellano,Lombardia,cosa vedere a Bellano?,cosa vedere a bellano,3190
OBS-I-2b940b97-IT,it,laghi,internal,organizzazione,,Lago di Caldonazzo,Trentino-Alto Adige,cosa vedere e cosa fare in zona Lago di Caldonazzo?,lago di caldonazzo cosa vedere,3900
OBS-I-2e73f3c5-EN,en,laghi,internal,hotel,,Riva del Garda,Trentino-Alto Adige,what are the best hotels in Riva del Garda?,riva del garda hotels,13680
OBS-I-2fb22f4a-EN,en,laghi,internal,hotel,,Nago-Torbole,Trentino-Alto Adige,what are the best hotels in Nago-Torbole?,nago-torbole hotels,8310
OBS-I-3102d3db-IT,it,laghi,internal,organizzazione,,Desenzano del Garda,Lombardia,cosa vedere a Desenzano del Garda?,cosa vedere desenzano del garda,12010
OBS-I-32e2c854-IT,it,laghi,internal,hotel,,Peschiera del Garda,Veneto,quali sono i migliori hotel a Peschiera del Garda?,hotel peschiera del garda,57300
OBS-I-34208807-IT,it,laghi,internal,hotel,,Bardolino,Veneto,quali sono i migliori hotel a Bardolino?,hotel bardolino,46400
OBS-I-3443899c-IT,it,laghi,internal,hotel,,Lovere,Lombardia,quali sono i migliori hotel a Lovere?,hotel lovere,15900
OBS-I-387c7693-EN,en,laghi,internal,organizzazione,,Bracciano,Lazio,what to see in Bracciano?,things to do in bracciano,1350
OBS-I-3cdc2cdf-EN,en,laghi,internal,organizzazione,,Lago di Como,Lombardia,what to see and do around Lago di Como?,things to do lago di como,127600
OBS-I-3d7d1405-EN,en,laghi,internal,organizzazione,,Limone sul Garda,Lombardia,what to see in Limone sul Garda?,things to do in limone sul garda,5630
OBS-I-3e708750-IT,it,laghi,internal,organizzazione,,Tuoro sul Trasimeno,Umbria,cosa vedere a Tuoro sul Trasimeno?,tuoro sul trasimeno cosa vedere,1190
OBS-I-3fa522e8-EN,en,laghi,internal,organizzazione,,Lago di Garda,Lombardia,what to see and do around Lago di Garda?,things to do lago di garda,66500
OBS-I-40c3b044-IT,it,laghi,internal,organizzazione,,Lago di Bracciano,Lazio,cosa vedere e cosa fare in zona Lago di Bracciano?,cosa vedere lago di bracciano,10210
OBS-I-44dfb5e4-EN,en,laghi,internal,hotel,,Malcesine,Veneto,what are the best hotels in Malcesine?,hotels in malcesine,8780
OBS-I-456db9d1-IT,it,laghi,internal,hotel,,Malcesine,Veneto,quali sono i migliori hotel a Malcesine?,hotel malcesine,38640
OBS-I-470501ab-IT,it,laghi,internal,organizzazione,,Lago di Molveno,Trentino-Alto Adige,cosa vedere e cosa fare in zona Lago di Molveno?,lago di molveno cosa vedere,4030
OBS-I-489d6720-EN,en,laghi,internal,organizzazione,,Bellano,Lombardia,what to see in Bellano?,things to do in bellano,2080
OBS-I-495e447c-EN,en,laghi,internal,hotel,,Desenzano del Garda,Lombardia,what are the best hotels in Desenzano del Garda?,desenzano del garda hotels,85200
OBS-I-49cda6a8-IT,it,laghi,internal,organizzazione,,Levico Terme,Trentino-Alto Adige,cosa vedere a Levico Terme?,cosa vedere levico terme,10380
OBS-I-49d3cfdf-IT,it,laghi,internal,organizzazione,,Lazise,Veneto,cosa vedere a Lazise?,cosa vedere lazise,15440
OBS-I-4abb74bf-IT,it,laghi,internal,organizzazione,,Lago di Mergozzo,Piemonte,cosa vedere e cosa fare in zona Lago di Mergozzo?,lago di mergozzo cosa vedere,1920
OBS-I-4c48dedb-IT,it,laghi,internal,organizzazione,,Malcesine,Veneto,cosa vedere a Malcesine?,cosa vedere malcesine,13400
OBS-I-4d01d404-EN,en,laghi,internal,organizzazione,,Riva del Garda,Trentino-Alto Adige,what to see in Riva del Garda?,things to do in riva del garda,8720
OBS-I-512a4ce0-EN,en,laghi,internal,organizzazione,,Peschiera del Garda,Veneto,what to see in Peschiera del Garda?,things to do in peschiera del garda,7360
OBS-I-51d8aa25-IT,it,laghi,internal,hotel,,Lazise,Veneto,quali sono i migliori hotel a Lazise?,hotel lazise,40400
OBS-I-5249ee3e-EN,en,laghi,internal,hotel,,Castelnuovo del Garda,Veneto,what are the best hotels in Castelnuovo del Garda?,castelnuovo del garda hotels,9780
OBS-I-54d052a1-IT,it,laghi,internal,hotel,economici,Riva del Garda,Trentino-Alto Adige,quali sono i migliori hotel economici a Riva del Garda?,hotel economici riva del garda,4400
OBS-I-55117c5e-IT,it,laghi,internal,organizzazione,,Orta San Giulio,Piemonte,cosa vedere a Orta San Giulio?,cosa vedere orta san giulio,8190
OBS-I-55c9f205-IT,it,laghi,internal,hotel,,Lago di Garda,Lombardia,dove dormire in zona Lago di Garda?,dove dormire lago di garda,12590
OBS-I-57076246-IT,it,laghi,internal,hotel,lusso,Riva del Garda,Trentino-Alto Adige,quali sono i migliori hotel di lusso a Riva del Garda?,hotel 5 stelle riva del garda,2180
OBS-I-5869e516-IT,it,laghi,internal,hotel,economici,Peschiera del Garda,Veneto,quali sono i migliori hotel economici a Peschiera del Garda?,hotel economici peschiera del garda,3940
OBS-I-5c794557-IT,it,laghi,internal,hotel,,Lesina,Puglia,quali sono i migliori hotel a Lesina?,hotel lesina,8670
OBS-I-5ca136b1-EN,en,laghi,internal,hotel,,Sirmione,Lombardia,what are the best hotels in Sirmione?,sirmione hotels,63800
OBS-I-61310132-IT,it,laghi,internal,hotel,,Lago Maggiore,Piemonte,dove dormire in zona Lago Maggiore?,dove dormire lago maggiore,7370
OBS-I-640d00d6-EN,en,laghi,internal,hotel,,Limone sul Garda,Lombardia,what are the best hotels in Limone sul Garda?,hotels in limone sul garda,13650
OBS-I-6433821c-IT,it,laghi,internal,organizzazione,,Baveno,Piemonte,cosa vedere a Baveno?,baveno cosa vedere,2780
OBS-I-64433cb4-IT,it,laghi,internal,hotel,famiglie,Riva del Garda,Trentino-Alto Adige,quali sono i migliori hotel per famiglie a Riva del Garda?,family hotel riva del garda,2130
OBS-I-6474934b-IT,it,laghi,internal,hotel,,Nago-Torbole,Trentino-Alto Adige,quali sono i migliori hotel a Nago-Torbole?,hotel nago-torbole,3870
OBS-I-67e1a1ee-IT,it,laghi,internal,organizzazione,,Lago Sorapis,Veneto,cosa vedere e cosa fare in zona Lago Sorapis?,escursioni lago sorapis,1910
OBS-I-68c61b82-EN,en,laghi,internal,organizzazione,,Lazise,Veneto,what to see in Lazise?,things to do in lazise,2540
OBS-I-6adf09c2-IT,it,laghi,internal,organizzazione,,Limone sul Garda,Lombardia,cosa vedere a Limone sul Garda?,cosa vedere limone sul garda,16690
OBS-I-6e999c4f-IT,it,laghi,internal,organizzazione,,Lago d'Orta,Piemonte,cosa vedere e cosa fare in zona Lago d'Orta?,lago d'orta cosa vedere,22660
OBS-I-6f206883-EN,en,laghi,internal,organizzazione,,Como,Lombardia,what to see in Como?,things to do in como,38900
OBS-I-732d3210-EN,en,laghi,internal,hotel,,Peschiera del Garda,Veneto,what are the best hotels in Peschiera del Garda?,hotels in peschiera del garda,8700
OBS-I-7349a499-EN,en,laghi,internal,hotel,,Castiglione del Lago,Umbria,what are the best hotels in Castiglione del Lago?,castiglione del lago hotels,20400
OBS-I-73b7783e-EN,en,laghi,internal,hotel,,Lago di Como,Lombardia,where to stay near Lago di Como?,where to stay lago di como,46200
OBS-I-73e7ffb8-IT,it,laghi,internal,hotel,,Ledro,Trentino-Alto Adige,quali sono i migliori hotel a Ledro?,hotel ledro,8140
OBS-I-757070eb-IT,it,laghi,internal,hotel,,Limone sul Garda,Lombardia,quali sono i migliori hotel a Limone sul Garda?,hotel limone sul garda,31200
OBS-I-79ce519c-EN,en,laghi,internal,hotel,,Varenna,Lombardia,what are the best hotels in Varenna?,hotels in varenna,89100
OBS-I-7a24b124-EN,en,laghi,internal,hotel,lusso,Sirmione,Lombardia,what are the best luxury hotels in Sirmione?,luxury hotels in sirmione,1870
OBS-I-7adea312-EN,en,laghi,internal,hotel,lusso,Como,Lombardia,what are the best luxury hotels in Como?,luxury hotels in como,5570
OBS-I-7d07ab57-EN,en,laghi,internal,hotel,,Levico Terme,Trentino-Alto Adige,what are the best hotels in Levico Terme?,levico terme hotels,23100
OBS-I-7d5a3c59-EN,en,laghi,internal,organizzazione,,Sirmione,Lombardia,what to see in Sirmione?,things to do in sirmione,13630
OBS-I-7d5abc3a-IT,it,laghi,internal,organizzazione,,Bardolino,Veneto,cosa vedere a Bardolino?,cosa vedere bardolino,12290
OBS-I-7e653cc1-EN,en,laghi,internal,hotel,,Bolsena,Lazio,what are the best hotels in Bolsena?,bolsena hotels,5280
OBS-I-7ff86997-IT,it,laghi,internal,organizzazione,,Lago di Varano,Puglia,cosa vedere e cosa fare in zona Lago di Varano?,lago di varano cosa vedere,1180
OBS-I-8000e4fe-IT,it,laghi,internal,organizzazione,,Lago di Varese,Lombardia,cosa vedere e cosa fare in zona Lago di Varese?,lago di varese cosa vedere,7230
OBS-I-815849e8-EN,en,laghi,internal,hotel,,Verbania,Piemonte,what are the best hotels in Verbania?,verbania hotels,1770
OBS-I-868e67ba-IT,it,laghi,internal,hotel,,Riva del Garda,Trentino-Alto Adige,quali sono i migliori hotel a Riva del Garda?,hotel riva del garda,79900
OBS-I-871ba4fb-IT,it,laghi,internal,organizzazione,,Como,Lombardia,cosa vedere a Como?,cosa vedere a como,35900
OBS-I-8749090d-IT,it,laghi,internal,organizzazione,,Tremosine sul Garda,Lombardia,cosa vedere a Tremosine sul Garda?,tremosine sul garda cosa vedere,1860
OBS-I-875a8aa8-EN,en,laghi,internal,hotel,,Lazise,Veneto,what are the best hotels in Lazise?,lazise hotels,42500
OBS-I-89a5a5fa-IT,it,laghi,internal,organizzazione,,Lago di Resia,Trentino-Alto Adige,cosa vedere e cosa fare in zona Lago di Resia?,lago di resia cosa vedere,1790
OBS-I-8bda8b28-EN,en,laghi,internal,hotel,,Baveno,Piemonte,what are the best hotels in Baveno?,hotels in baveno,3560
OBS-I-8e69e998-IT,it,laghi,internal,organizzazione,,Lago del Turano,Lazio,cosa vedere e cosa fare in zona Lago del Turano?,lago del turano cosa vedere,7720
OBS-I-8eae2985-IT,it,laghi,internal,organizzazione,,Lesina,Puglia,cosa vedere a Lesina?,lesina cosa vedere,1570
OBS-I-8ed44581-IT,it,laghi,internal,organizzazione,,Lago di Pusiano,Lombardia,cosa vedere e cosa fare in zona Lago di Pusiano?,lago di pusiano cosa vedere,1720
OBS-I-8f010af3-IT,it,laghi,internal,organizzazione,,Lago di Lesina,Puglia,cosa vedere e cosa fare in zona Lago di Lesina?,lago di lesina cosa vedere,1770
OBS-I-8f4c42a9-EN,en,laghi,internal,organizzazione,,Malcesine,Veneto,what to see in Malcesine?,things to do in malcesine,4740
OBS-I-8fccc864-IT,it,laghi,internal,hotel,,Bellano,Lombardia,quali sono i migliori hotel a Bellano?,hotel bellano,4190
OBS-I-91aa82eb-IT,it,laghi,internal,hotel,,Manerba del Garda,Lombardia,quali sono i migliori hotel a Manerba del Garda?,hotel manerba del garda,5430
OBS-I-92a7fdec-EN,en,laghi,internal,hotel,,Como,Lombardia,what are the best hotels in Como?,como hotels,310500
OBS-I-95cc7c6a-IT,it,laghi,internal,hotel,,Varenna,Lombardia,quali sono i migliori hotel a Varenna?,hotel varenna,12120
OBS-I-9619edf3-EN,en,laghi,internal,hotel,,Stresa,Piemonte,what are the best hotels in Stresa?,hotels in stresa,84000
OBS-I-9761dbf3-IT,it,laghi,internal,organizzazione,,Verbania,Piemonte,cosa vedere a Verbania?,cosa vedere verbania,6930
OBS-I-9a435f9e-IT,it,laghi,internal,hotel,,Levico Terme,Trentino-Alto Adige,quali sono i migliori hotel a Levico Terme?,hotel levico terme,37500
OBS-I-9b2ea60f-EN,en,laghi,internal,organizzazione,,Verbania,Piemonte,what to see in Verbania?,things to do in verbania,1080
OBS-I-9cbd9544-EN,en,laghi,internal,organizzazione,,Stresa,Piemonte,what to see in Stresa?,things to do in stresa,9260
OBS-I-9cda0b33-EN,en,laghi,internal,organizzazione,,Desenzano del Garda,Lombardia,what to see in Desenzano del Garda?,things to do in desenzano del garda,6340
OBS-I-9d6bd3d3-IT,it,laghi,internal,organizzazione,,Lago di Piediluco,Umbria,cosa vedere e cosa fare in zona Lago di Piediluco?,lago di piediluco cosa vedere,4780
OBS-I-9e661985-IT,it,laghi,internal,hotel,,Sirmione,Lombardia,quali sono i migliori hotel a Sirmione?,hotel sirmione,95500
OBS-I-9eff081e-IT,it,laghi,internal,hotel,,Orta San Giulio,Piemonte,quali sono i migliori hotel a Orta San Giulio?,hotel orta san giulio,11400
OBS-I-9fa3c650-IT,it,laghi,internal,hotel,economici,Levico Terme,Trentino-Alto Adige,quali sono i migliori hotel economici a Levico Terme?,hotel economici levico terme,1310
OBS-I-a26a3c63-IT,it,laghi,internal,organizzazione,,Stresa,Piemonte,cosa vedere a Stresa?,cosa vedere stresa,13920
OBS-I-a3161a00-IT,it,laghi,internal,organizzazione,,Lago di Endine,Lombardia,cosa vedere e cosa fare in zona Lago di Endine?,lago di endine cosa vedere,1880
OBS-I-a360915f-IT,it,laghi,internal,organizzazione,,Lago di Lugano,Lombardia,cosa vedere e cosa fare in zona Lago di Lugano?,lago di lugano cosa vedere,2390
OBS-I-a3a763d2-EN,en,laghi,internal,organizzazione,,Baveno,Piemonte,what to see in Baveno?,things to do in baveno,1130
OBS-I-a5b249ab-IT,it,laghi,internal,organizzazione,,Lago Trasimeno,Umbria,cosa vedere e cosa fare in zona Lago Trasimeno?,cosa vedere lago trasimeno,39500
OBS-I-a6d7217f-IT,it,laghi,internal,organizzazione,,Riva del Garda,Trentino-Alto Adige,cosa vedere a Riva del Garda?,cosa vedere riva del garda,19880
OBS-I-a71635d1-EN,en,laghi,internal,hotel,,Bardolino,Veneto,what are the best hotels in Bardolino?,hotels in bardolino,87900
OBS-I-a860a52a-EN,en,laghi,internal,hotel,,Orta San Giulio,Piemonte,what are the best hotels in Orta San Giulio?,hotels in orta san giulio,3440
OBS-I-aabf0393-IT,it,laghi,internal,hotel,lusso,Stresa,Piemonte,quali sono i migliori hotel di lusso a Stresa?,hotel 5 stelle stresa,1150
OBS-I-ab6e2f90-EN,en,laghi,internal,hotel,,Passignano sul Trasimeno,Umbria,what are the best hotels in Passignano sul Trasimeno?,passignano sul trasimeno hotels,10870
OBS-I-adc050d4-IT,it,laghi,internal,organizzazione,,Gardone Riviera,Lombardia,cosa vedere a Gardone Riviera?,gardone riviera cosa vedere,3440
OBS-I-aec3fec8-IT,it,laghi,internal,hotel,,Castiglione del Lago,Umbria,quali sono i migliori hotel a Castiglione del Lago?,hotel castiglione del lago,17260
OBS-I-b265fab0-EN,en,laghi,internal,hotel,,Lago Maggiore,Piemonte,where to stay near Lago Maggiore?,where to stay lago maggiore,3310
OBS-I-b2774197-IT,it,laghi,internal,organizzazione,,Montefiascone,Lazio,cosa vedere a Montefiascone?,cosa vedere montefiascone,10020
OBS-I-b30c400a-IT,it,laghi,internal,organizzazione,,Lago del Salto,Lazio,cosa vedere e cosa fare in zona Lago del Salto?,lago del salto cosa vedere,2170
OBS-I-b348e6f9-EN,en,laghi,internal,organizzazione,,Lago Trasimeno,Umbria,what to see and do around Lago Trasimeno?,lago trasimeno things to do,1830
OBS-I-b3571b90-IT,it,laghi,internal,organizzazione,,Peschiera del Garda,Veneto,cosa vedere a Peschiera del Garda?,cosa vedere peschiera del garda,20600
OBS-I-b3b2973e-IT,it,laghi,internal,organizzazione,,Lago d'Idro,Lombardia,cosa vedere e cosa fare in zona Lago d'Idro?,lago d'idro cosa vedere,5950
OBS-I-b44df8a2-IT,it,laghi,internal,hotel,,Stresa,Piemonte,quali sono i migliori hotel a Stresa?,hotel stresa,35600
OBS-I-bbac8624-IT,it,laghi,internal,hotel,,Como,Lombardia,quali sono i migliori hotel a Como?,hotel como,93700
OBS-I-bcf82c6d-EN,en,laghi,internal,organizzazione,,Lago Maggiore,Piemonte,what to see and do around Lago Maggiore?,things to do lago maggiore,4750
OBS-I-bd04c164-IT,it,laghi,internal,organizzazione,,Lago Maggiore,Piemonte,cosa vedere e cosa fare in zona Lago Maggiore?,cosa vedere lago maggiore,50700
OBS-I-bd184039-IT,it,laghi,internal,hotel,,Castelnuovo del Garda,Veneto,quali sono i migliori hotel a Castelnuovo del Garda?,hotel castelnuovo del garda,7960
OBS-I-bec82cad-EN,en,laghi,internal,hotel,,Bracciano,Lazio,what are the best hotels in Bracciano?,hotels in bracciano,1510
OBS-I-bf81ebdf-IT,it,laghi,internal,organizzazione,,Lago di Santa Croce,Veneto,cosa vedere e cosa fare in zona Lago di Santa Croce?,lago di santa croce cosa vedere,1800
OBS-I-c183b710-EN,en,laghi,internal,hotel,,Cannobio,Piemonte,what are the best hotels in Cannobio?,cannobio hotels,21440
OBS-I-c374c0f3-IT,it,laghi,internal,hotel,,Cannobio,Piemonte,quali sono i migliori hotel a Cannobio?,hotel cannobio,7570
OBS-I-c8bf5600-IT,it,laghi,internal,organizzazione,,Lago di Garda,Lombardia,cosa vedere e cosa fare in zona Lago di Garda?,cosa vedere lago di garda,61000
OBS-I-c8c005af-IT,it,laghi,internal,hotel,,Magione,Umbria,quali sono i migliori hotel a Magione?,hotel magione,1930
OBS-I-ccd29803-IT,it,laghi,internal,organizzazione,,Corenno Plinio,Lombardia,cosa vedere a Corenno Plinio?,corenno plinio cosa vedere,3840
OBS-I-ceefb186-IT,it,laghi,internal,hotel,,Desenzano del Garda,Lombardia,quali sono i migliori hotel a Desenzano del Garda?,hotel desenzano del garda,62600
OBS-I-cf3e7b74-IT,it,laghi,internal,hotel,,Bolsena,Lazio,quali sono i migliori hotel a Bolsena?,hotel bolsena,8380
OBS-I-d164a05d-IT,it,laghi,internal,hotel,,Lago di Molveno,Trentino-Alto Adige,dove dormire in zona Lago di Molveno?,hotel vicino lago di molveno,3080
OBS-I-d61ac6c6-IT,it,laghi,internal,hotel,,Baveno,Piemonte,quali sono i migliori hotel a Baveno?,hotel baveno,5570
OBS-I-d72ebae4-IT,it,laghi,internal,hotel,,Gardone Riviera,Lombardia,quali sono i migliori hotel a Gardone Riviera?,hotel gardone riviera,12160
OBS-I-d8f8db00-IT,it,laghi,internal,organizzazione,,Lago di Corbara,Umbria,cosa vedere e cosa fare in zona Lago di Corbara?,lago di corbara cosa vedere,2580
OBS-I-dfdc7586-IT,it,laghi,internal,hotel,famiglie,Levico Terme,Trentino-Alto Adige,quali sono i migliori hotel per famiglie a Levico Terme?,family hotel levico terme,1160
OBS-I-dff074aa-IT,it,laghi,internal,organizzazione,,Lago d'Iseo,Lombardia,cosa vedere e cosa fare in zona Lago d'Iseo?,lago d'iseo cosa vedere,28500
OBS-I-e22fa2a3-EN,en,laghi,internal,hotel,,Tremezzo ,Lombardia,what are the best hotels in Tremezzo?,hotels in tremezzo,6150
OBS-I-e4ad6f65-IT,it,laghi,internal,organizzazione,,Lago di Massaciuccoli,Toscana,cosa vedere e cosa fare in zona Lago di Massaciuccoli?,lago di massaciuccoli cosa vedere,1780
OBS-I-e7d1c392-IT,it,laghi,internal,hotel,economici,Desenzano del Garda,Lombardia,quali sono i migliori hotel economici a Desenzano del Garda?,hotel economici desenzano del garda,2440
OBS-I-e9ebc671-EN,en,laghi,internal,hotel,,Montefiascone,Lazio,what are the best hotels in Montefiascone?,montefiascone hotels,5850
OBS-I-ea552dcf-EN,en,laghi,internal,hotel,,Gardone Riviera,Lombardia,what are the best hotels in Gardone Riviera?,gardone riviera hotels,2240
OBS-I-eb7c9f59-IT,it,laghi,internal,hotel,,Massarosa,Toscana,quali sono i migliori hotel a Massarosa?,hotel massarosa,1810
OBS-I-ec0e58f4-IT,it,laghi,internal,hotel,,Verbania,Piemonte,quali sono i migliori hotel a Verbania?,hotel verbania,13560
OBS-I-eebccf7b-IT,it,laghi,internal,organizzazione,,Manerba del Garda,Lombardia,cosa vedere a Manerba del Garda?,cosa vedere a manerba del garda,1260
OBS-I-f1572d42-IT,it,laghi,internal,hotel,,Passignano sul Trasimeno,Umbria,quali sono i migliori hotel a Passignano sul Trasimeno?,hotel passignano sul trasimeno,10430
OBS-I-f15d9820-IT,it,laghi,internal,organizzazione,,Castiglione del Lago,Umbria,cosa vedere a Castiglione del Lago?,cosa vedere castiglione del lago,14570
OBS-I-f33a7bd9-IT,it,laghi,internal,hotel,,Dormelletto,Piemonte,quali sono i migliori hotel a Dormelletto?,hotel dormelletto,1100
OBS-I-f42c8a61-EN,en,laghi,internal,organizzazione,,Varenna,Lombardia,what to see in Varenna?,things to do in varenna,14290
OBS-I-f45323c8-IT,it,laghi,internal,organizzazione,,Magione,Umbria,cosa vedere a Magione?,magione cosa vedere,1390
OBS-I-f4c40a89-IT,it,laghi,internal,hotel,,Lago di Como,Lombardia,dove dormire in zona Lago di Como?,dove dormire lago di como,9810
OBS-I-f6916dfc-EN,en,laghi,internal,hotel,economici,Como,Lombardia,what are the best budget hotels in Como?,cheap hotels in como,2300
OBS-I-f6b20b37-EN,en,laghi,internal,organizzazione,,Lago d'Iseo,Lombardia,what to see and do around Lago d'Iseo?,lago d'iseo things to do,1150
OBS-I-f6d115ab-EN,en,laghi,internal,organizzazione,,Tremezzo ,Lombardia,what to see in Tremezzo?,things to do in tremezzo,1880
OBS-I-f84acea8-EN,en,laghi,internal,hotel,lusso,Stresa,Piemonte,what are the best luxury hotels in Stresa?,luxury hotels in stresa,1420
OBS-I-f98e1b92-IT,it,laghi,internal,hotel,,Bracciano,Lazio,quali sono i migliori hotel a Bracciano?,hotel bracciano,7290
OBS-I-fa1878f8-IT,it,laghi,internal,organizzazione,,Lago di Como,Lombardia,cosa vedere e cosa fare in zona Lago di Como?,cosa vedere lago di como,65600
OBS-I-fe1696ec-IT,it,laghi,internal,organizzazione,,Sirmione,Lombardia,cosa vedere a Sirmione?,cosa vedere sirmione,26000
OBS-I-fe378a96-EN,en,laghi,internal,hotel,,Tremosine sul Garda,Lombardia,what are the best hotels in Tremosine sul Garda?,tremosine sul garda hotels,2100
OBS-C-0c1d794d-EN,en,mare,comparative,hotel,,Sardegna,Sardegna,what are the best beach hotels in Sardinia?,beach hotels sardinia,28600
OBS-C-0f6f36be-EN,en,mare,comparative,hotel,,Toscana,Toscana,what are the best beach hotels in Tuscany?,beach resorts tuscany,6980
OBS-C-14b51a81-IT,it,mare,comparative,hotel,,Abruzzo,Abruzzo,quali sono i migliori hotel al mare in Abruzzo?,hotel mare abruzzo,27800
OBS-C-182f214c-IT,it,mare,comparative,sogno,,Campania,Campania,dove andare al mare per un weekend in Campania?,weekend al mare campania,2070
OBS-C-1a46faf3-EN,en,mare,comparative,sogno,,Sardegna,Sardegna,what are the best seaside destinations in Sardinia?,sardinia beaches,254300
OBS-C-1cae0aaa-EN,en,mare,comparative,hotel,,Calabria,Calabria,what are the best beach hotels in Calabria?,beach hotels calabria,1310
OBS-C-208cbb35-EN,en,mare,comparative,sogno,,Sicilia,Sicilia,what are the best seaside destinations in Sicily?,sicily beaches,162300
OBS-C-251661f7-IT,it,mare,comparative,hotel,lusso,Sicilia,Sicilia,quali sono i migliori hotel di lusso al mare in Sicilia?,hotel 5 stelle mare sicilia,1360
OBS-C-2b3ad9b8-EN,en,mare,comparative,sogno,,Puglia,Puglia,what are the best seaside destinations in Puglia?,puglia beaches,120800
OBS-C-2da645b6-IT,it,mare,comparative,hotel,,Sicilia,Sicilia,quali sono i migliori hotel al mare in Sicilia?,resort mare sicilia,29090
OBS-C-3a37a424-IT,it,mare,comparative,sogno,,Abruzzo,Abruzzo,quali sono le località di mare più belle in Abruzzo?,mare abruzzo,39790
OBS-C-3de34564-IT,it,mare,comparative,hotel,famiglie,Sardegna,Sardegna,quali sono i migliori hotel per famiglie al mare in Sardegna?,family hotel mare sardegna,2560
OBS-C-3e8ae0bd-IT,it,mare,comparative,hotel,economici,Liguria,Liguria,quali sono i migliori hotel economici al mare in Liguria?,hotel economici mare liguria,4900
OBS-C-3ef3c887-IT,it,mare,comparative,sogno,,Emilia-Romagna,Emilia-Romagna,quali sono le località di mare più belle in Emilia-Romagna?,mare emilia romagna,17850
OBS-C-40ba15de-IT,it,mare,comparative,hotel,,Puglia,Puglia,quali sono i migliori hotel al mare in Puglia?,hotel mare puglia,56600
OBS-C-42709b97-EN,en,mare,comparative,hotel,,Puglia,Puglia,what are the best beach hotels in Puglia?,beach hotels puglia,9740
OBS-C-44861020-EN,en,mare,comparative,sogno,,Emilia-Romagna,Emilia-Romagna,what are the best seaside destinations in Emilia-Romagna?,emilia romagna beaches,2290
OBS-C-4619562e-EN,en,mare,comparative,hotel,,Sicilia,Sicilia,what are the best beach hotels in Sicily?,beach hotels sicily,13730
OBS-C-465db31c-IT,it,mare,comparative,hotel,economici,Puglia,Puglia,quali sono i migliori hotel economici al mare in Puglia?,hotel economici mare puglia,1650
OBS-C-46d3f773-IT,it,mare,comparative,hotel,,Basilicata,Basilicata,quali sono i migliori hotel al mare in Basilicata?,hotel mare basilicata,10730
OBS-C-4c09d487-IT,it,mare,comparative,hotel,,Liguria,Liguria,quali sono i migliori hotel al mare in Liguria?,hotel mare liguria,50500
OBS-C-4fabe949-IT,it,mare,comparative,hotel,,Toscana,Toscana,quali sono i migliori hotel al mare in Toscana?,hotel mare toscana,52540
OBS-C-53d242da-IT,it,mare,comparative,sogno,,Lazio,Lazio,quali sono le località di mare più belle nel Lazio?,mare lazio,11270
OBS-C-5ce6b6dc-EN,en,mare,comparative,sogno,,Liguria,Liguria,what are the best seaside destinations in Liguria?,liguria beaches,9720
OBS-C-5f43c71f-IT,it,mare,comparative,hotel,lusso,Toscana,Toscana,quali sono i migliori hotel di lusso al mare in Toscana?,hotel 5 stelle mare toscana,1970
OBS-C-5f539130-EN,en,mare,comparative,sogno,,Calabria,Calabria,what are the best seaside destinations in Calabria?,calabria beaches,26700
OBS-C-5f7bfc76-IT,it,mare,comparative,sogno,,Toscana,Toscana,dove andare al mare per un weekend in Toscana?,weekend al mare toscana,3010
OBS-C-650c34f2-EN,en,mare,comparative,hotel,lusso,Italia,,what are the best luxury beach hotels in Italy?,5 star beach hotels italy,1850
OBS-C-66465a50-IT,it,mare,comparative,hotel,,Calabria,Calabria,quali sono i migliori hotel al mare in Calabria?,hotel mare calabria,31590
OBS-C-6c2ad27c-IT,it,mare,comparative,sogno,,Friuli-Venezia Giulia,Friuli-Venezia Giulia,quali sono le località di mare più belle in Friuli-Venezia Giulia?,mare friuli venezia giulia,15930
OBS-C-6c9f72b7-EN,en,mare,comparative,hotel,,Italia,,what are the best beach hotels in Italy?,beach resorts italy,23100
OBS-C-6cec98d0-IT,it,mare,comparative,organizzazione,,Toscana,Toscana,qual è il miglior itinerario per una vacanza al mare in Toscana?,itinerario costa toscana,5140
OBS-C-71cf61dd-EN,en,mare,comparative,sogno,,Basilicata,Basilicata,what are the best seaside destinations in Basilicata?,basilicata beaches,1250
OBS-C-79b8373e-IT,it,mare,comparative,sogno,,Calabria,Calabria,quali sono le località di mare più belle in Calabria?,mare calabria,34680
OBS-C-7c6d8b09-IT,it,mare,comparative,hotel,economici,Toscana,Toscana,quali sono i migliori hotel economici al mare in Toscana?,hotel economici mare toscana,2570
OBS-C-855df823-IT,it,mare,comparative,hotel,,Italia,,quali sono i migliori hotel al mare in Italia?,resort mare italia,5350
OBS-C-856e8534-IT,it,mare,comparative,hotel,,Sardegna,Sardegna,quali sono i migliori hotel al mare in Sardegna?,hotel mare sardegna,37280
OBS-C-8595be6b-IT,it,mare,comparative,hotel,famiglie,Toscana,Toscana,quali sono i migliori hotel per famiglie al mare in Toscana?,family hotel mare toscana,12710
OBS-C-8a735b0e-IT,it,mare,comparative,sogno,,Italia,,quali sono le località di mare più belle in Italia?,mare italia,49300
OBS-C-8a832b97-IT,it,mare,comparative,hotel,economici,Abruzzo,Abruzzo,quali sono i migliori hotel economici al mare in Abruzzo?,hotel economici mare abruzzo,1530
OBS-C-8db626c3-IT,it,mare,comparative,sogno,,Puglia,Puglia,quali sono le località di mare più belle in Puglia?,mare puglia,114700
OBS-C-8e635fdb-IT,it,mare,comparative,hotel,,Marche,Marche,quali sono i migliori hotel al mare nelle Marche?,hotel al mare marche,20460
OBS-C-90e3fd3f-IT,it,mare,comparative,sogno,,Italia,,dove andare al mare per un weekend in Italia?,weekend al mare italia,2090
OBS-C-91747d73-EN,en,mare,comparative,sogno,,Lazio,Lazio,what are the best seaside destinations in Lazio?,lazio beaches,2800
OBS-C-94ec506f-IT,it,mare,comparative,sogno,,Sicilia,Sicilia,quali sono le località di mare più belle in Sicilia?,spiagge più belle sicilia,47360
OBS-C-98b1b5ec-IT,it,mare,comparative,sogno,,Veneto,Veneto,quali sono le località di mare più belle in Veneto?,mare veneto,19560
OBS-C-a62a10f6-IT,it,mare,comparative,hotel,famiglie,Abruzzo,Abruzzo,quali sono i migliori hotel per famiglie al mare in Abruzzo?,family hotel mare abruzzo,5980
OBS-C-a79b2e5d-IT,it,mare,comparative,hotel,,Veneto,Veneto,quali sono i migliori hotel al mare in Veneto?,hotel mare veneto,1700
OBS-C-a7a287aa-IT,it,mare,comparative,sogno,,Toscana,Toscana,quali sono le località di mare più belle in Toscana?,mare toscana,59500
OBS-C-a7ee66e5-IT,it,mare,comparative,sogno,,Liguria,Liguria,quali sono le località di mare più belle in Liguria?,mare liguria,48400
OBS-C-aa6ace65-IT,it,mare,comparative,sogno,,Molise,Molise,quali sono le località di mare più belle in Molise?,mare molise,64800
OBS-C-aaf6207c-EN,en,mare,comparative,sogno,,Campania,Campania,what are the best seaside destinations in Campania?,campania beaches,1660
OBS-C-ab73e2bd-EN,en,mare,comparative,sogno,,Marche,Marche,what are the best seaside destinations in Marche?,beaches in marche,4210
OBS-C-ad30fd9e-EN,en,mare,comparative,hotel,lusso,Sicilia,Sicilia,what are the best luxury beach hotels in Sicily?,luxury beach hotels sicily,1060
OBS-C-bb02a9e2-IT,it,mare,comparative,hotel,,Campania,Campania,quali sono i migliori hotel al mare in Campania?,hotel sul mare campania,8090
OBS-C-c05b4bbf-IT,it,mare,comparative,hotel,,Emilia-Romagna,Emilia-Romagna,quali sono i migliori hotel al mare in Emilia-Romagna?,hotel mare emilia romagna,3910
OBS-C-c2fafc7c-IT,it,mare,comparative,sogno,,Campania,Campania,quali sono le località di mare più belle in Campania?,mare campania,11440
OBS-C-c896174f-IT,it,mare,comparative,hotel,famiglie,Italia,,quali sono i migliori hotel per famiglie al mare in Italia?,family hotel mare italia,3030
OBS-C-d290b21d-IT,it,mare,comparative,hotel,lusso,Puglia,Puglia,quali sono i migliori hotel di lusso al mare in Puglia?,hotel 5 stelle mare puglia,2420
OBS-C-d78766f2-IT,it,mare,comparative,hotel,,Molise,Molise,quali sono i migliori hotel al mare in Molise?,hotel mare molise,6480
OBS-C-d864eba5-IT,it,mare,comparative,hotel,famiglie,Puglia,Puglia,quali sono i migliori hotel per famiglie al mare in Puglia?,family hotel mare puglia,3480
OBS-C-dc9c8a0f-IT,it,mare,comparative,sogno,,Basilicata,Basilicata,quali sono le località di mare più belle in Basilicata?,mare basilicata,90300
OBS-C-e19efaa1-EN,en,mare,comparative,sogno,,Abruzzo,Abruzzo,what are the best seaside destinations in Abruzzo?,abruzzo beaches,5620
OBS-C-e89b5c57-EN,en,mare,comparative,sogno,,Italia,,what are the best seaside destinations in Italy?,best beaches in italy,196100
OBS-C-eebeb0b2-IT,it,mare,comparative,hotel,lusso,Abruzzo,Abruzzo,quali sono i migliori hotel di lusso al mare in Abruzzo?,hotel 5 stelle mare abruzzo,1180
OBS-C-efc1e303-EN,en,mare,comparative,sogno,,Toscana,Toscana,what are the best seaside destinations in Tuscany?,tuscany beaches,108300
OBS-C-efebae09-IT,it,mare,comparative,hotel,,Lazio,Lazio,quali sono i migliori hotel al mare nel Lazio?,hotel mare lazio,4970
OBS-C-f204fdc7-IT,it,mare,comparative,sogno,,Sardegna,Sardegna,quali sono le località di mare più belle in Sardegna?,spiagge sardegna,113700
OBS-C-f50bdc8b-IT,it,mare,comparative,sogno,,Liguria,Liguria,dove andare al mare per un weekend in Liguria?,weekend al mare liguria,2840
OBS-C-f8acfce5-IT,it,mare,comparative,sogno,,Marche,Marche,quali sono le località di mare più belle nelle Marche?,mare marche,28870
OBS-C-fa0ecf03-EN,en,mare,comparative,hotel,lusso,Sardegna,Sardegna,what are the best luxury beach hotels in Sardinia?,5 star beach hotels sardinia,3710
OBS-I-003b877e-IT,it,mare,internal,hotel,,Orosei,Sardegna,quali sono i migliori hotel a Orosei?,hotel orosei,12450
OBS-I-00ef6ac5-EN,en,mare,internal,hotel,,Terracina,Lazio,what are the best hotels in Terracina?,hotels in terracina,41700
OBS-I-010efc3b-IT,it,mare,internal,hotel,economici,Castellabate,Campania,quali sono i migliori hotel economici a Castellabate?,hotel economici castellabate,1300
OBS-I-020cf667-IT,it,mare,internal,organizzazione,,Diamante,Calabria,cosa vedere a Diamante?,cosa vedere a diamante,5120
OBS-I-020d34d1-IT,it,mare,internal,hotel,lusso,Punta Ala,Toscana,quali sono i migliori hotel di lusso a Punta Ala?,hotel 5 stelle punta ala,1370
OBS-I-02fcb915-EN,en,mare,internal,hotel,,Fermo; Torre di Palme ,Marche,what are the best hotels in Fermo?,fermo hotels,10280
OBS-I-03158545-EN,en,mare,internal,hotel,,Fasano,Puglia,what are the best hotels in Fasano?,fasano hotels,90600
OBS-I-0336af44-IT,it,mare,internal,organizzazione,,Soverato,Calabria,cosa vedere a Soverato?,cosa vedere soverato,4030
OBS-I-03d223f2-IT,it,mare,internal,hotel,,Cavallino-Treporti,Veneto,quali sono i migliori hotel a Cavallino-Treporti?,hotel cavallino-treporti,12580
OBS-I-048226ed-IT,it,mare,internal,hotel,,Comacchio,Emilia-Romagna,quali sono i migliori hotel a Comacchio?,hotel comacchio,15980
OBS-I-04c0aa5b-IT,it,mare,internal,organizzazione,,Sperlonga,Lazio,cosa vedere a Sperlonga?,cosa vedere sperlonga,17030
OBS-I-04c29108-IT,it,mare,internal,hotel,,Santa Teresa Gallura,Sardegna,quali sono i migliori hotel a Santa Teresa Gallura?,hotel santa teresa gallura,21700
OBS-I-0504360e-IT,it,mare,internal,hotel,animali,Cervia,Emilia-Romagna,quali sono i migliori hotel che accettano animali a Cervia?,hotel pet friendly cervia,1400
OBS-I-05863d82-IT,it,mare,internal,hotel,economici,Caorle,Veneto,quali sono i migliori hotel economici a Caorle?,hotel economici caorle,5760
OBS-I-05c323bf-IT,it,mare,internal,hotel,,Bellaria-Igea Marina,Emilia-Romagna,quali sono i migliori hotel a Bellaria-Igea Marina?,hotel bellaria-igea marina,37090
OBS-I-05f87765-IT,it,mare,internal,hotel,,Senigallia,Marche,quali sono i migliori hotel a Senigallia?,hotel senigallia,112200
OBS-I-064d39d5-IT,it,mare,internal,organizzazione,,Salento,Puglia,cosa vedere e cosa fare in zona Salento?,cosa vedere salento,12720
OBS-I-06972f8b-IT,it,mare,internal,hotel,,Fano,Marche,quali sono i migliori hotel a Fano?,hotel fano,22880
OBS-I-069894c8-EN,en,mare,internal,hotel,famiglie,Alassio,Liguria,what are the best family-friendly hotels in Alassio?,alassio family hotels,1570
OBS-I-071d733a-IT,it,mare,internal,hotel,,Gabicce Mare,Marche,quali sono i migliori hotel a Gabicce Mare?,hotel gabicce mare,86000
OBS-I-08012438-EN,en,mare,internal,organizzazione,,Alassio,Liguria,what to see in Alassio?,things to do in alassio,1140
OBS-I-08cee86f-IT,it,mare,internal,hotel,,San Teodoro,Sardegna,quali sono i migliori hotel a San Teodoro?,hotel san teodoro,51700
OBS-I-092e27bb-IT,it,mare,internal,hotel,,San Benedetto del Tronto,Marche,quali sono i migliori hotel a San Benedetto del Tronto?,hotel san benedetto del tronto,138000
OBS-I-09afeccb-IT,it,mare,internal,hotel,,San Felice Circeo,Lazio,quali sono i migliori hotel a San Felice Circeo?,hotel san felice circeo,22090
OBS-I-09d6db41-IT,it,mare,internal,organizzazione,,Duino,Friuli-Venezia Giulia,cosa vedere a Duino?,duino cosa vedere,1430
OBS-I-0a67e43f-EN,en,mare,internal,hotel,,Bellaria-Igea Marina,Emilia-Romagna,what are the best hotels in Bellaria-Igea Marina?,hotels in bellaria-igea marina,1240
OBS-I-0aaa539f-EN,en,mare,internal,hotel,,Alassio,Liguria,what are the best hotels in Alassio?,alassio hotels,5870
OBS-I-0ab0902d-IT,it,mare,internal,hotel,lusso,Milano Marittima,Emilia-Romagna,quali sono i migliori hotel di lusso a Milano Marittima?,hotel 5 stelle milano marittima,6700
OBS-I-0ab2f465-EN,en,mare,internal,hotel,,Duino,Friuli-Venezia Giulia,what are the best hotels in Duino?,duino hotels,2140
OBS-I-0b598942-IT,it,mare,internal,hotel,,Lido DI Dante,Emilia-Romagna,quali sono i migliori hotel a Lido DI Dante?,hotel lido di dante,2810
OBS-I-0b79de67-IT,it,mare,internal,hotel,economici,Castiglione della Pescaia,Toscana,quali sono i migliori hotel economici a Castiglione della Pescaia?,hotel economici castiglione della pescaia,1530
OBS-I-0c2c4593-EN,en,mare,internal,hotel,,Lerici; Tellaro ,Liguria,what are the best hotels in Lerici?,hotels in lerici,25400
OBS-I-0c8a381f-EN,en,mare,internal,hotel,famiglie,Forte dei Marmi,Toscana,what are the best family-friendly hotels in Forte dei Marmi?,forte dei marmi family hotels,2300
OBS-I-0c98a72f-EN,en,mare,internal,hotel,,Pescara,Abruzzo,what are the best hotels in Pescara?,hotels in pescara,12820
OBS-I-0d33ba40-IT,it,mare,internal,organizzazione,,San Vincenzo,Toscana,cosa vedere a San Vincenzo?,cosa vedere san vincenzo,2180
OBS-I-0e1650fd-IT,it,mare,internal,organizzazione,,Chioggia,Veneto,cosa vedere a Chioggia?,chioggia cosa vedere,40600
OBS-I-0ec8316a-IT,it,mare,internal,organizzazione,,Rosolina Mare,Veneto,cosa vedere a Rosolina Mare?,cosa vedere a rosolina mare,1050
OBS-I-0f0e0cbc-EN,en,mare,internal,organizzazione,,Olbia,Sardegna,what to see in Olbia?,things to do in olbia,20360
OBS-I-0fcfdbdc-IT,it,mare,internal,hotel,lusso,Vieste,Puglia,quali sono i migliori hotel di lusso a Vieste?,hotel 5 stelle vieste,1760
OBS-I-0fe1e8be-EN,en,mare,internal,hotel,economici,Positano,Campania,what are the best budget hotels in Positano?,cheap hotels in positano,4670
OBS-I-1075d2bc-EN,en,mare,internal,hotel,,Portofino,Liguria,what are the best hotels in Portofino?,portofino hotels,200500
OBS-I-10780407-EN,en,mare,internal,hotel,,Isola di Capo Rizzuto ,Calabria,what are the best hotels in Isola di Capo Rizzuto?,isola di capo rizzuto hotels,5470
OBS-I-1166d36e-EN,en,mare,internal,hotel,,Procida,Campania,what are the best hotels in Procida?,hotels in procida,46600
OBS-I-11fc0ce1-IT,it,mare,internal,hotel,economici,Viareggio,Toscana,quali sono i migliori hotel economici a Viareggio?,hotel economici viareggio,7330
OBS-I-120791c6-EN,en,mare,internal,hotel,lusso,Sanremo,Liguria,what are the best luxury hotels in Sanremo?,sanremo luxury hotels,2300
OBS-I-12596ca4-EN,en,mare,internal,hotel,,Fano,Marche,what are the best hotels in Fano?,hotels in fano,12340
OBS-I-128506f6-IT,it,mare,internal,hotel,,Maiori,Campania,quali sono i migliori hotel a Maiori?,hotel maiori,17500
OBS-I-13765bc8-IT,it,mare,internal,hotel,,Costiera Amalfitana,Campania,dove dormire in zona Costiera Amalfitana?,dove alloggiare costiera amalfitana,7090
OBS-I-13e16466-IT,it,mare,internal,hotel,famiglie,Vasto,Abruzzo,quali sono i migliori hotel per famiglie a Vasto?,family hotel vasto,1450
OBS-I-144b8558-IT,it,mare,internal,hotel,economici,Sestri Levante,Liguria,quali sono i migliori hotel economici a Sestri Levante?,hotel economici sestri levante,3500
OBS-I-144e2de8-IT,it,mare,internal,hotel,economici,Scalea,Calabria,quali sono i migliori hotel economici a Scalea?,hotel economici scalea,1360
OBS-I-153fc63d-IT,it,mare,internal,organizzazione,,Policoro,Basilicata,cosa vedere a Policoro?,cosa vedere policoro,4740
OBS-I-159d2936-EN,en,mare,internal,hotel,,La Maddalena,Sardegna,what are the best hotels in La Maddalena?,hotels in la maddalena,3890
OBS-I-159f9634-EN,en,mare,internal,hotel,,Punta Ala,Toscana,what are the best hotels in Punta Ala?,hotels in punta ala,2120
OBS-I-15b57095-IT,it,mare,internal,hotel,,Bernalda,Basilicata,quali sono i migliori hotel a Bernalda?,hotel bernalda,2820
OBS-I-15c0bad6-IT,it,mare,internal,hotel,,Cervia,Emilia-Romagna,quali sono i migliori hotel a Cervia?,hotel cervia,178400
OBS-I-18980e30-EN,en,mare,internal,hotel,,Amalfi,Campania,what are the best hotels in Amalfi?,amalfi hotels,102300
OBS-I-18a3eef4-IT,it,mare,internal,organizzazione,,Isola d'Elba ,Toscana,cosa vedere a Isola d'Elba?,isola d'elba cosa vedere,24020
OBS-I-18bbb775-EN,en,mare,internal,hotel,,Cervia,Emilia-Romagna,what are the best hotels in Cervia?,hotels in cervia,3830
OBS-I-18daf877-EN,en,mare,internal,hotel,,Maiori,Campania,what are the best hotels in Maiori?,hotels in maiori,6670
OBS-I-1996c51a-IT,it,mare,internal,organizzazione,,Vieste,Puglia,cosa vedere a Vieste?,cosa vedere vieste,24830
OBS-I-1b729f47-IT,it,mare,internal,hotel,,Arbatax,Sardegna,quali sono i migliori hotel ad Arbatax?,hotel arbatax,8850
OBS-I-1c37643a-IT,it,mare,internal,organizzazione,,Roseto degli Abruzzi,Abruzzo,cosa vedere a Roseto degli Abruzzi?,cosa vedere roseto degli abruzzi,3940
OBS-I-1c473812-IT,it,mare,internal,hotel,,Monopoli,Puglia,quali sono i migliori hotel a Monopoli?,hotel monopoli,24280
OBS-I-1c535007-EN,en,mare,internal,hotel,,Capri,Campania,what are the best hotels in Capri?,hotels in capri,351200
OBS-I-1ca96c09-IT,it,mare,internal,organizzazione,,Mattinata,Puglia,cosa vedere a Mattinata?,cosa vedere a mattinata,3290
OBS-I-1cd39329-IT,it,mare,internal,organizzazione,,Sanremo,Liguria,cosa vedere a Sanremo?,cosa vedere a sanremo,15210
OBS-I-1cfbbc32-IT,it,mare,internal,hotel,lusso,Positano,Campania,quali sono i migliori hotel di lusso a Positano?,hotel 5 stelle positano,4400
OBS-I-1d14cd81-EN,en,mare,internal,hotel,famiglie,Amalfi,Campania,what are the best family-friendly hotels in Amalfi?,amalfi family hotels,1810
OBS-I-1d17320c-EN,en,mare,internal,organizzazione,,Positano,Campania,what to see in Positano?,things to do in positano,51200
OBS-I-1e17147e-IT,it,mare,internal,hotel,,Rosolina,Veneto,quali sono i migliori hotel a Rosolina?,hotel rosolina,5030
OBS-I-1efb9072-EN,en,mare,internal,organizzazione,,Giardini-Naxos,Sicilia,what to see in Giardini-Naxos?,things to do in giardini-naxos,3470
OBS-I-1f2f876c-IT,it,mare,internal,hotel,famiglie,Numana,Marche,quali sono i migliori hotel per famiglie a Numana?,family hotel numana,2050
OBS-I-1f475c51-IT,it,mare,internal,organizzazione,,Pesaro,Marche,cosa vedere a Pesaro?,cosa vedere a pesaro,22900
OBS-I-1f4e75cd-EN,en,mare,internal,hotel,,Rapallo,Liguria,what are the best hotels in Rapallo?,hotels in rapallo,32200
OBS-I-1f7c0efa-EN,en,mare,internal,hotel,,Santa Severa,Lazio,what are the best hotels in Santa Severa?,santa severa hotels,2490
OBS-I-1ffab9e6-IT,it,mare,internal,hotel,,Chioggia,Veneto,quali sono i migliori hotel a Chioggia?,hotel chioggia,21080
OBS-I-20160688-EN,en,mare,internal,hotel,lusso,Sorrento,Campania,what are the best luxury hotels in Sorrento?,luxury hotels in sorrento,26220
OBS-I-20895693-IT,it,mare,internal,organizzazione,,Maiori,Campania,cosa vedere a Maiori?,cosa vedere a maiori,3660
OBS-I-21316b35-EN,en,mare,internal,hotel,,San Benedetto del Tronto,Marche,what are the best hotels in San Benedetto del Tronto?,hotels in san benedetto del tronto,2400
OBS-I-21612d8b-IT,it,mare,internal,hotel,,Villasimius,Sardegna,quali sono i migliori hotel a Villasimius?,hotel villasimius,31400
OBS-I-216d5f93-EN,en,mare,internal,hotel,,Vasto,Abruzzo,what are the best hotels in Vasto?,hotels in vasto,1640
OBS-I-2172d39b-IT,it,mare,internal,hotel,,Monterosso al Mare,Liguria,quali sono i migliori hotel a Monterosso al Mare?,hotel monterosso al mare,26940
OBS-I-218cd159-IT,it,mare,internal,hotel,,Gaeta,Lazio,quali sono i migliori hotel a Gaeta?,hotel gaeta,63000
OBS-I-21ff6caa-IT,it,mare,internal,organizzazione,,Comacchio,Emilia-Romagna,cosa vedere a Comacchio?,cosa vedere comacchio,39800
OBS-I-237867b6-IT,it,mare,internal,hotel,,Jesolo,Veneto,quali sono i migliori hotel a Jesolo?,hotel jesolo,201800
OBS-I-23b0b7e8-IT,it,mare,internal,organizzazione,,Maremma,Toscana,cosa vedere e cosa fare in zona Maremma?,maremma cosa vedere,3330
OBS-I-2576ec8a-EN,en,mare,internal,hotel,economici,Capri,Campania,what are the best budget hotels in Capri?,cheap hotels in capri,1760
OBS-I-25b13f12-IT,it,mare,internal,organizzazione,,Jesolo,Veneto,cosa vedere a Jesolo?,cosa fare a jesolo,6090
OBS-I-2622949b-EN,en,mare,internal,hotel,,Gaeta,Lazio,what are the best hotels in Gaeta?,hotels in gaeta,46100
OBS-I-26e1497b-IT,it,mare,internal,organizzazione,,Moneglia,Liguria,cosa vedere a Moneglia?,moneglia cosa vedere,3440
OBS-I-26ee8288-IT,it,mare,internal,hotel,economici,San Vito Lo Capo,Sicilia,quali sono i migliori hotel economici a San Vito Lo Capo?,hotel economici san vito lo capo,2030
OBS-I-26fd8804-IT,it,mare,internal,organizzazione,,Riviera del Conero,Marche,cosa vedere e cosa fare in zona Riviera del Conero?,riviera del conero cosa vedere,3260
OBS-I-276d5212-IT,it,mare,internal,organizzazione,,Capo Vaticano,Calabria,cosa vedere a Capo Vaticano?,capo vaticano cosa vedere,7220
OBS-I-27ef156e-EN,en,mare,internal,hotel,,Sirolo,Marche,what are the best hotels in Sirolo?,sirolo hotels,18880
OBS-I-27fd874f-IT,it,mare,internal,hotel,,Roseto degli Abruzzi,Abruzzo,quali sono i migliori hotel a Roseto degli Abruzzi?,hotel roseto degli abruzzi,45400
OBS-I-280b50e2-IT,it,mare,internal,hotel,lusso,Isola d'Elba ,Toscana,quali sono i migliori hotel di lusso a Isola d'Elba?,hotel 5 stelle isola d'elba,2640
OBS-I-285579b8-IT,it,mare,internal,organizzazione,,Forio,Campania,cosa vedere a Forio?,cosa vedere a forio,1680
OBS-I-286711fc-EN,en,mare,internal,organizzazione,,Polignano a Mare,Puglia,what to see in Polignano a Mare?,things to do in polignano a mare,10730
OBS-I-290318dd-IT,it,mare,internal,hotel,,Termoli,Molise,quali sono i migliori hotel a Termoli?,hotel termoli,61700
OBS-I-2a36972c-IT,it,mare,internal,hotel,,Arzachena,Sardegna,quali sono i migliori hotel ad Arzachena?,hotel arzachena,8250
OBS-I-2a44240d-IT,it,mare,internal,hotel,famiglie,Villasimius,Sardegna,quali sono i migliori hotel per famiglie a Villasimius?,family hotel villasimius,1190
OBS-I-2a5548cf-EN,en,mare,internal,organizzazione,,Portofino,Liguria,what to see in Portofino?,things to do in portofino,16780
OBS-I-2af0c0b0-IT,it,mare,internal,hotel,,Praia a Mare,Calabria,quali sono i migliori hotel a Praia a Mare?,hotel praia a mare,28070
OBS-I-2af2103d-EN,en,mare,internal,hotel,,Termoli,Molise,what are the best hotels in Termoli?,termoli hotels,67100
OBS-I-2b26123d-IT,it,mare,internal,organizzazione,,Cefalù,Sicilia,cosa vedere a Cefalù?,cefalù cosa vedere,17810
OBS-I-2b684fb8-EN,en,mare,internal,hotel,,Forte dei Marmi,Toscana,what are the best hotels in Forte dei Marmi?,forte dei marmi hotels,15750
OBS-I-2bd62831-EN,en,mare,internal,hotel,,Cesenatico,Emilia-Romagna,what are the best hotels in Cesenatico?,hotels in cesenatico,5500
OBS-I-2daf334e-IT,it,mare,internal,organizzazione,,Vico del Gargano,Puglia,cosa vedere a Vico del Gargano?,cosa vedere vico del gargano,1750
OBS-I-2ddd11ff-EN,en,mare,internal,hotel,,Torre dell'Orso,Puglia,what are the best hotels in Torre dell'Orso?,torre dell'orso hotels,7890
OBS-I-2edb4cf9-EN,en,mare,internal,organizzazione,,Forte dei Marmi,Toscana,what to see in Forte dei Marmi?,things to do in forte dei marmi,2090
OBS-I-2eddaafd-EN,en,mare,internal,hotel,,Chioggia,Veneto,what are the best hotels in Chioggia?,hotels in chioggia,7100
OBS-I-2f07817b-EN,en,mare,internal,hotel,economici,Rimini,Emilia-Romagna,what are the best budget hotels in Rimini?,cheap hotels in rimini,1850
OBS-I-2f0cfaa2-IT,it,mare,internal,hotel,lusso,Bibione,Veneto,quali sono i migliori hotel di lusso a Bibione?,hotel 5 stelle bibione,1500
OBS-I-3012a2ef-EN,en,mare,internal,hotel,,Ameglia; Montemarcello ,Liguria,what are the best hotels in Ameglia?,ameglia hotels,1630
OBS-I-306f2a64-IT,it,mare,internal,hotel,economici,Finalborgo; Finale Ligure ,Liguria,quali sono i migliori hotel economici a Finale Ligure?,hotel economici finale ligure,3000
OBS-I-30a2a72c-IT,it,mare,internal,hotel,famiglie,Finalborgo; Finale Ligure ,Liguria,quali sono i migliori hotel per famiglie a Finale Ligure?,family hotel finale ligure,1430
OBS-I-30ba0a57-EN,en,mare,internal,hotel,lusso,Olbia,Sardegna,what are the best luxury hotels in Olbia?,luxury hotels in olbia,1580
OBS-I-3194645e-IT,it,mare,internal,hotel,,Positano,Campania,quali sono i migliori hotel a Positano?,hotel positano,49700
OBS-I-326bbdc5-IT,it,mare,internal,hotel,famiglie,Vieste,Puglia,quali sono i migliori hotel per famiglie a Vieste?,family hotel vieste,2400
OBS-I-32870b6e-IT,it,mare,internal,hotel,famiglie,Bibione,Veneto,quali sono i migliori hotel per famiglie a Bibione?,family hotel bibione,6330
OBS-I-32b61bea-IT,it,mare,internal,organizzazione,,Porto Cesareo,Puglia,cosa vedere a Porto Cesareo?,cosa vedere porto cesareo,7850
OBS-I-32e08065-IT,it,mare,internal,organizzazione,,Terracina,Lazio,cosa vedere a Terracina?,cosa vedere a terracina,6370
OBS-I-3355ee87-IT,it,mare,internal,hotel,famiglie,Lignano Sabbiadoro,Friuli-Venezia Giulia,quali sono i migliori hotel per famiglie a Lignano Sabbiadoro?,family hotel lignano sabbiadoro,3870
OBS-I-335f49c2-EN,en,mare,internal,organizzazione,,Gallipoli,Puglia,what to see in Gallipoli?,what to do in gallipoli,5240
OBS-I-341a7977-IT,it,mare,internal,organizzazione,,Castagneto Carducci,Toscana,cosa vedere a Castagneto Carducci?,cosa vedere castagneto carducci,5840
OBS-I-3434da81-IT,it,mare,internal,hotel,,Alassio,Liguria,quali sono i migliori hotel ad Alassio?,hotel alassio,133600
OBS-I-34415ff6-EN,en,mare,internal,hotel,,Taormina,Sicilia,what are the best hotels in Taormina?,hotels in taormina,269300
OBS-I-34974c95-IT,it,mare,internal,organizzazione,,Taormina,Sicilia,cosa vedere a Taormina?,cosa vedere taormina,32300
OBS-I-357eabc2-IT,it,mare,internal,hotel,,Costa Rei,Sardegna,quali sono i migliori hotel a Costa Rei?,hotel costa rei,6710
OBS-I-36978638-IT,it,mare,internal,hotel,,Castellabate,Campania,quali sono i migliori hotel a Castellabate?,hotel castellabate,20380
OBS-I-374beacd-IT,it,mare,internal,hotel,famiglie,Milano Marittima,Emilia-Romagna,quali sono i migliori hotel per famiglie a Milano Marittima?,family hotel milano marittima,87080
OBS-I-377a65a7-IT,it,mare,internal,hotel,economici,Diano Marina,Liguria,quali sono i migliori hotel economici a Diano Marina?,hotel economici diano marina,2240
OBS-I-37ca047a-IT,it,mare,internal,hotel,,Marina di Ravenna,Emilia-Romagna,quali sono i migliori hotel a Marina di Ravenna?,hotel marina di ravenna,19140
OBS-I-38089910-EN,en,mare,internal,hotel,,Costa Rei,Sardegna,what are the best hotels in Costa Rei?,hotels in costa rei,1870
OBS-I-3829d2f3-IT,it,mare,internal,organizzazione,,Castiglione della Pescaia,Toscana,cosa vedere a Castiglione della Pescaia?,cosa vedere castiglione della pescaia,7390
OBS-I-39381929-EN,en,mare,internal,hotel,,Monfalcone,Friuli-Venezia Giulia,what are the best hotels in Monfalcone?,monfalcone hotels,15360
OBS-I-39b96d92-IT,it,mare,internal,hotel,,Isola di Capo Rizzuto ,Calabria,quali sono i migliori hotel a Isola di Capo Rizzuto?,hotel isola di capo rizzuto,4810
OBS-I-39dc3ddd-IT,it,mare,internal,hotel,,Pescara,Abruzzo,quali sono i migliori hotel a Pescara?,hotel pescara,67600
OBS-I-3ab85f55-IT,it,mare,internal,organizzazione,,Porto Ercole,Toscana,cosa vedere a Porto Ercole?,porto ercole cosa vedere,7390
OBS-I-3afddfa2-EN,en,mare,internal,hotel,,Polignano a Mare,Puglia,what are the best hotels in Polignano a Mare?,hotels in polignano a mare,12420
OBS-I-3b1ffb21-EN,en,mare,internal,hotel,,San Nicola Arcella,Calabria,what are the best hotels in San Nicola Arcella?,san nicola arcella hotels,7000
OBS-I-3b692034-IT,it,mare,internal,hotel,,Piombino; Populonia ,Toscana,quali sono i migliori hotel a Piombino?,hotel piombino,11330
OBS-I-3bae4a3d-EN,en,mare,internal,hotel,,Sciacca,Sicilia,what are the best hotels in Sciacca?,hotels in sciacca,17300
OBS-I-3bb7094f-EN,en,mare,internal,hotel,,Riccione,Emilia-Romagna,what are the best hotels in Riccione?,hotels in riccione,9780
OBS-I-3c09cab0-EN,en,mare,internal,hotel,economici,Taormina,Sicilia,what are the best budget hotels in Taormina?,cheap hotels in taormina,1110
OBS-I-3cd1d146-EN,en,mare,internal,hotel,,Fondi,Lazio,what are the best hotels in Fondi?,fondi hotels,1250
OBS-I-3cd53ae1-IT,it,mare,internal,organizzazione,,Peschici,Puglia,cosa vedere a Peschici?,cosa vedere peschici,14140
OBS-I-3cdcdf65-EN,en,mare,internal,hotel,lusso,Positano,Campania,what are the best luxury hotels in Positano?,luxury hotels in positano,45900
OBS-I-3cf647aa-IT,it,mare,internal,hotel,,Francavilla al Mare,Abruzzo,quali sono i migliori hotel a Francavilla al Mare?,hotel francavilla al mare,19750
OBS-I-3d0146d6-IT,it,mare,internal,hotel,famiglie,Castiglione della Pescaia,Toscana,quali sono i migliori hotel per famiglie a Castiglione della Pescaia?,family hotel castiglione della pescaia,2090
OBS-I-3d2f4e82-IT,it,mare,internal,hotel,famiglie,San Vito Lo Capo,Sicilia,quali sono i migliori hotel per famiglie a San Vito Lo Capo?,family hotel san vito lo capo,1080
OBS-I-3e1cbd4e-IT,it,mare,internal,organizzazione,,San Teodoro,Sardegna,cosa vedere a San Teodoro?,cosa vedere san teodoro,3510
OBS-I-3e8096de-IT,it,mare,internal,hotel,economici,Lignano Sabbiadoro,Friuli-Venezia Giulia,quali sono i migliori hotel economici a Lignano Sabbiadoro?,hotel economici lignano sabbiadoro,4320
OBS-I-3ee54ed1-IT,it,mare,internal,hotel,,La Maddalena,Sardegna,quali sono i migliori hotel alla Maddalena?,hotel la maddalena,12390
OBS-I-3f461e58-EN,en,mare,internal,organizzazione,,Orosei,Sardegna,what to see in Orosei?,things to do in orosei,1040
OBS-I-406a368c-EN,en,mare,internal,organizzazione,,Pesaro,Marche,what to see in Pesaro?,things to do in pesaro,1510
OBS-I-40d00112-EN,en,mare,internal,hotel,,Jesolo,Veneto,what are the best hotels in Jesolo?,hotels in jesolo,18430
OBS-I-414e6efd-IT,it,mare,internal,hotel,lusso,Cefalù,Sicilia,quali sono i migliori hotel di lusso a Cefalù?,hotel 5 stelle cefalù,1440
OBS-I-4198dd55-EN,en,mare,internal,hotel,famiglie,Cesenatico,Emilia-Romagna,what are the best family-friendly hotels in Cesenatico?,cesenatico family hotels,3140
OBS-I-42336b2e-IT,it,mare,internal,hotel,lusso,Tropea,Calabria,quali sono i migliori hotel di lusso a Tropea?,hotel 5 stelle tropea,2550
OBS-I-4250bec2-IT,it,mare,internal,organizzazione,,Fano,Marche,cosa vedere a Fano?,cosa vedere a fano,9840
OBS-I-4259433c-IT,it,mare,internal,hotel,economici,Gaeta,Lazio,quali sono i migliori hotel economici a Gaeta?,hotel economici gaeta,2920
OBS-I-427a3ef3-IT,it,mare,internal,organizzazione,,Cesenatico,Emilia-Romagna,cosa vedere a Cesenatico?,cosa vedere a cesenatico,11280
OBS-I-4286b87e-IT,it,mare,internal,hotel,lusso,Rapallo,Liguria,quali sono i migliori hotel di lusso a Rapallo?,hotel 5 stelle rapallo,3060
OBS-I-4318e93e-EN,en,mare,internal,organizzazione,,Forio,Campania,what to see in Forio?,things to do in forio,1080
OBS-I-438cf5cf-IT,it,mare,internal,hotel,,Bibione,Veneto,quali sono i migliori hotel a Bibione?,hotel bibione,65800
OBS-I-43e174f7-IT,it,mare,internal,hotel,economici,Positano,Campania,quali sono i migliori hotel economici a Positano?,hotel economici positano,1690
OBS-I-45b890fe-IT,it,mare,internal,hotel,famiglie,Bellaria-Igea Marina,Emilia-Romagna,quali sono i migliori hotel per famiglie a Bellaria-Igea Marina?,family hotel bellaria-igea marina,3510
OBS-I-45bca495-IT,it,mare,internal,hotel,,Marina Romea,Emilia-Romagna,quali sono i migliori hotel a Marina Romea?,hotel marina romea,5340
OBS-I-45e7d0f5-EN,en,mare,internal,hotel,,Forio,Campania,what are the best hotels in Forio?,forio hotels,12180
OBS-I-46088afd-IT,it,mare,internal,organizzazione,,Torre dell'Orso,Puglia,cosa vedere a Torre dell'Orso?,torre dell'orso cosa vedere,3020
OBS-I-4696401f-IT,it,mare,internal,organizzazione,,Viareggio,Toscana,cosa vedere a Viareggio?,cosa vedere a viareggio,11460
OBS-I-47d832d9-IT,it,mare,internal,organizzazione,,Versilia,Toscana,cosa vedere e cosa fare in zona Versilia?,versilia cosa vedere,2850
OBS-I-47f3017c-EN,en,mare,internal,hotel,,Porto Ercole,Toscana,what are the best hotels in Porto Ercole?,porto ercole hotels,4500
OBS-I-48256da1-EN,en,mare,internal,hotel,famiglie,Isola d'Elba ,Toscana,what are the best family-friendly hotels in Isola d'Elba?,isola d'elba family hotels,1260
OBS-I-496173b3-IT,it,mare,internal,hotel,,Capo Vaticano,Calabria,quali sono i migliori hotel a Capo Vaticano?,hotel capo vaticano,19180
OBS-I-49952e44-IT,it,mare,internal,hotel,,Giardini-Naxos,Sicilia,quali sono i migliori hotel a Giardini-Naxos?,hotel giardini-naxos,36000
OBS-I-4ac401d3-IT,it,mare,internal,hotel,,Sabaudia,Lazio,quali sono i migliori hotel a Sabaudia?,hotel sabaudia,31240
OBS-I-4b2b5a57-IT,it,mare,internal,hotel,lusso,Senigallia,Marche,quali sono i migliori hotel di lusso a Senigallia?,hotel 5 stelle senigallia,1830
OBS-I-4b4b3400-IT,it,mare,internal,hotel,economici,Milano Marittima,Emilia-Romagna,quali sono i migliori hotel economici a Milano Marittima?,hotel economici milano marittima,4350
OBS-I-4bab3f43-IT,it,mare,internal,hotel,,Soverato,Calabria,quali sono i migliori hotel a Soverato?,hotel soverato,13200
OBS-I-4bdab7f7-IT,it,mare,internal,hotel,,Ortona,Abruzzo,quali sono i migliori hotel a Ortona?,hotel ortona,11680
OBS-I-4d0a0c5e-EN,en,mare,internal,hotel,,Senigallia,Marche,what are the best hotels in Senigallia?,hotels in senigallia,3080
OBS-I-4d0a9e58-IT,it,mare,internal,organizzazione,,Forte dei Marmi,Toscana,cosa vedere a Forte dei Marmi?,cosa vedere forte dei marmi,13140
OBS-I-4d97083a-IT,it,mare,internal,hotel,,Riccione,Emilia-Romagna,quali sono i migliori hotel a Riccione?,hotel riccione,267600
OBS-I-4d9816a0-IT,it,mare,internal,hotel,,Cattolica,Emilia-Romagna,quali sono i migliori hotel a Cattolica?,hotel cattolica,177100
OBS-I-50c9043a-IT,it,mare,internal,hotel,lusso,Jesolo,Veneto,quali sono i migliori hotel di lusso a Jesolo?,hotel 5 stelle jesolo,5150
OBS-I-51345ddc-EN,en,mare,internal,organizzazione,,Sorrento,Campania,what to see in Sorrento?,things to do in sorrento,151500
OBS-I-51f63f8a-EN,en,mare,internal,hotel,lusso,Capri,Campania,what are the best luxury hotels in Capri?,luxury hotels in capri,34180
OBS-I-521bf7f5-EN,en,mare,internal,hotel,famiglie,Sorrento,Campania,what are the best family-friendly hotels in Sorrento?,family hotels in sorrento,3330
OBS-I-526f7648-IT,it,mare,internal,organizzazione,,Costa degli Dei,Calabria,cosa vedere e cosa fare in zona Costa degli Dei?,escursioni costa degli dei,1220
OBS-I-5327352e-IT,it,mare,internal,hotel,,Diamante,Calabria,quali sono i migliori hotel a Diamante?,hotel diamante,81700
OBS-I-5367add4-IT,it,mare,internal,organizzazione,,Paestum,Campania,cosa vedere a Paestum?,cosa vedere paestum,14810
OBS-I-53a19a0c-IT,it,mare,internal,hotel,famiglie,Giulianova,Abruzzo,quali sono i migliori hotel per famiglie a Giulianova?,family hotel giulianova,1690
OBS-I-54714bba-IT,it,mare,internal,organizzazione,,Rodi Garganico,Puglia,cosa vedere a Rodi Garganico?,cosa vedere rodi garganico,7730
OBS-I-54b8bb95-EN,en,mare,internal,hotel,coppie,Amalfi,Campania,what are the best romantic hotels in Amalfi?,romantic hotels in amalfi,1340
OBS-I-55ddfa1f-IT,it,mare,internal,hotel,,Amalfi,Campania,quali sono i migliori hotel ad Amalfi?,hotel amalfi,115800
OBS-I-5604200e-IT,it,mare,internal,organizzazione,,Costa dei Trabocchi,Abruzzo,cosa vedere e cosa fare in zona Costa dei Trabocchi?,costa dei trabocchi cosa vedere,5040
OBS-I-56bfabc8-EN,en,mare,internal,hotel,,Monopoli,Puglia,what are the best hotels in Monopoli?,hotels in monopoli,248300
OBS-I-5747c842-EN,en,mare,internal,hotel,,Marina di Camerota,Campania,what are the best hotels in Marina di Camerota?,marina di camerota hotels,61290
OBS-I-5771a798-EN,en,mare,internal,hotel,,Maratea,Basilicata,what are the best hotels in Maratea?,hotels in maratea,38700
OBS-I-589aaec5-IT,it,mare,internal,hotel,,Santa Marinella,Lazio,quali sono i migliori hotel a Santa Marinella?,hotel santa marinella,13920
OBS-I-58acded4-IT,it,mare,internal,hotel,,Policoro,Basilicata,quali sono i migliori hotel a Policoro?,hotel policoro,16220
OBS-I-593e8302-IT,it,mare,internal,hotel,,Ugento,Puglia,quali sono i migliori hotel a Ugento?,hotel ugento,5500
OBS-I-5960ea45-IT,it,mare,internal,hotel,famiglie,Rimini,Emilia-Romagna,quali sono i migliori hotel per famiglie a Rimini?,family hotel rimini,24030
OBS-I-59b75327-EN,en,mare,internal,hotel,,Sabaudia,Lazio,what are the best hotels in Sabaudia?,sabaudia hotels,32960
OBS-I-5a8befba-EN,en,mare,internal,organizzazione,,Jesolo,Veneto,what to see in Jesolo?,things to do in jesolo,1880
OBS-I-5ab38145-IT,it,mare,internal,hotel,,Portofino,Liguria,quali sono i migliori hotel a Portofino?,hotel portofino,58500
OBS-I-5ae05804-IT,it,mare,internal,hotel,,Sestri Levante,Liguria,quali sono i migliori hotel a Sestri Levante?,hotel sestri levante,57000
OBS-I-5afa1566-EN,en,mare,internal,hotel,,Marina di Ravenna,Emilia-Romagna,what are the best hotels in Marina di Ravenna?,marina di ravenna hotels,20600
OBS-I-5c5f2c32-IT,it,mare,internal,hotel,,Terracina,Lazio,quali sono i migliori hotel a Terracina?,hotel terracina,37680
OBS-I-5c96cc00-IT,it,mare,internal,hotel,,Silvi,Abruzzo,quali sono i migliori hotel a Silvi?,hotel silvi,14620
OBS-I-5cf4c112-IT,it,mare,internal,organizzazione,,Montalto di Castro,Lazio,cosa vedere a Montalto di Castro?,cosa vedere montalto di castro,1420
OBS-I-5e49fdc9-IT,it,mare,internal,hotel,,Bibbona,Toscana,quali sono i migliori hotel a Bibbona?,hotel bibbona,2680
OBS-I-5f1375f4-EN,en,mare,internal,hotel,,Vieste,Puglia,what are the best hotels in Vieste?,vieste hotels,1870
OBS-I-611200a1-EN,en,mare,internal,hotel,,Sanremo,Liguria,what are the best hotels in Sanremo?,hotels in sanremo,42500
OBS-I-618763dd-IT,it,mare,internal,organizzazione,,Santa Teresa Gallura,Sardegna,cosa vedere a Santa Teresa Gallura?,cosa vedere santa teresa gallura,3440
OBS-I-61af06a7-IT,it,mare,internal,hotel,,Polignano a Mare,Puglia,quali sono i migliori hotel a Polignano a Mare?,hotel polignano a mare,41500
OBS-I-6231cd5d-EN,en,mare,internal,organizzazione,,Riccione,Emilia-Romagna,what to see in Riccione?,things to do in riccione,1310
OBS-I-628b3ae3-EN,en,mare,internal,hotel,,Cattolica,Emilia-Romagna,what are the best hotels in Cattolica?,hotels in cattolica,2180
OBS-I-62e654a7-EN,en,mare,internal,hotel,,Numana,Marche,what are the best hotels in Numana?,numana hotels,27700
OBS-I-62f73c0d-IT,it,mare,internal,hotel,,Portopiccolo,Friuli-Venezia Giulia,quali sono i migliori hotel a Portopiccolo?,hotel portopiccolo,3460
OBS-I-63e51455-IT,it,mare,internal,hotel,lusso,San Vito Lo Capo,Sicilia,quali sono i migliori hotel di lusso a San Vito Lo Capo?,hotel 5 stelle san vito lo capo,2000
OBS-I-64c222de-IT,it,mare,internal,organizzazione,,Senigallia,Marche,cosa vedere a Senigallia?,cosa vedere senigallia,11430
OBS-I-64e10faf-EN,en,mare,internal,hotel,,San Teodoro,Sardegna,what are the best hotels in San Teodoro?,hotels in san teodoro,42680
OBS-I-65e91f5b-IT,it,mare,internal,organizzazione,,Alassio,Liguria,cosa vedere ad Alassio?,cosa vedere alassio,5880
OBS-I-6688cda4-IT,it,mare,internal,hotel,,Monte Argentario,Toscana,quali sono i migliori hotel a Monte Argentario?,hotel monte argentario,4780
OBS-I-66d803ba-IT,it,mare,internal,hotel,economici,Alassio,Liguria,quali sono i migliori hotel economici ad Alassio?,hotel economici alassio,4670
OBS-I-66db94e5-EN,en,mare,internal,hotel,,Ugento,Puglia,what are the best hotels in Ugento?,ugento hotels,6790
OBS-I-6738e903-IT,it,mare,internal,organizzazione,,Ischia,Campania,cosa vedere a Ischia?,cosa vedere a ischia,25200
OBS-I-67bddbd7-IT,it,mare,internal,organizzazione,,Riccione,Emilia-Romagna,cosa vedere a Riccione?,cosa vedere a riccione,9770
OBS-I-68464126-EN,en,mare,internal,organizzazione,,Procida,Campania,what to see in Procida?,things to do in procida,4020
OBS-I-68b29f26-EN,en,mare,internal,hotel,lusso,Amalfi,Campania,what are the best luxury hotels in Amalfi?,luxury hotels in amalfi,79300
OBS-I-68ec6b4c-IT,it,mare,internal,organizzazione,,Follonica,Toscana,cosa vedere a Follonica?,cosa vedere follonica,7530
OBS-I-68f921f7-EN,en,mare,internal,hotel,,San Felice Circeo,Lazio,what are the best hotels in San Felice Circeo?,san felice circeo hotels,23460
OBS-I-694e4856-IT,it,mare,internal,hotel,,Anzio,Lazio,quali sono i migliori hotel ad Anzio?,hotel anzio,14840
OBS-I-69db9c49-EN,en,mare,internal,organizzazione,,Sestri Levante,Liguria,what to see in Sestri Levante?,things to do in sestri levante,1750
OBS-I-6a2d476a-EN,en,mare,internal,hotel,,Rodi Garganico,Puglia,what are the best hotels in Rodi Garganico?,rodi garganico hotels,34090
OBS-I-6a3541cd-EN,en,mare,internal,hotel,,Capo Vaticano,Calabria,what are the best hotels in Capo Vaticano?,capo vaticano hotels,28700
OBS-I-6a816ed6-IT,it,mare,internal,organizzazione,,Monterosso al Mare,Liguria,cosa vedere a Monterosso al Mare?,cosa fare a monterosso al mare,1550
OBS-I-6aed82c6-EN,en,mare,internal,hotel,famiglie,Jesolo,Veneto,what are the best family-friendly hotels in Jesolo?,jesolo family hotels,2010
OBS-I-6bd11d01-IT,it,mare,internal,hotel,,Caorle,Veneto,quali sono i migliori hotel a Caorle?,hotel caorle,100100
OBS-I-6c605169-IT,it,mare,internal,hotel,animali,Jesolo,Veneto,quali sono i migliori hotel che accettano animali a Jesolo?,hotel pet friendly jesolo,2150
OBS-I-6c849326-IT,it,mare,internal,organizzazione,,Castellabate,Campania,cosa vedere a Castellabate?,castellabate cosa vedere,7860
OBS-I-6d1db205-EN,en,mare,internal,organizzazione,,Salento,Puglia,what to see and do around Salento?,things to do salento,5570
OBS-I-6d66cd82-EN,en,mare,internal,hotel,,Viareggio,Toscana,what are the best hotels in Viareggio?,hotels in viareggio,14960
OBS-I-6deb600e-IT,it,mare,internal,organizzazione,,Costiera Amalfitana,Campania,cosa vedere e cosa fare in zona Costiera Amalfitana?,cosa vedere costiera amalfitana,33900
OBS-I-6df2a3a3-EN,en,mare,internal,hotel,,Vico del Gargano,Puglia,what are the best hotels in Vico del Gargano?,vico del gargano hotels,2710
OBS-I-6df55583-EN,en,mare,internal,hotel,lusso,Rimini,Emilia-Romagna,what are the best luxury hotels in Rimini?,5 star hotels in rimini,1970
OBS-I-6e378643-IT,it,mare,internal,hotel,economici,Fano,Marche,quali sono i migliori hotel economici a Fano?,hotel economici fano,2700
OBS-I-6e4dab2a-EN,en,mare,internal,hotel,famiglie,Riccione,Emilia-Romagna,what are the best family-friendly hotels in Riccione?,riccione family hotels,44380
OBS-I-6ebe60ac-EN,en,mare,internal,hotel,,Sestri Levante,Liguria,what are the best hotels in Sestri Levante?,sestri levante hotels,5770
OBS-I-6f5b81fe-IT,it,mare,internal,organizzazione,,Cervia,Emilia-Romagna,cosa vedere a Cervia?,cosa vedere a cervia,8190
OBS-I-6f89dc9e-IT,it,mare,internal,organizzazione,,Marina di Camerota,Campania,cosa vedere a Marina di Camerota?,cosa vedere marina di camerota,4320
OBS-I-7030882e-IT,it,mare,internal,hotel,,Capri,Campania,quali sono i migliori hotel a Capri?,hotel capri,162700
OBS-I-70530831-EN,en,mare,internal,organizzazione,,Chia,Sardegna,what to see in Chia?,what to do in chia,20400
OBS-I-70a588cf-IT,it,mare,internal,hotel,,Capaccio Paestum,Campania,quali sono i migliori hotel a Capaccio Paestum?,hotel capaccio paestum,6320
OBS-I-70b25ca0-IT,it,mare,internal,hotel,,Porto Ercole,Toscana,quali sono i migliori hotel a Porto Ercole?,hotel porto ercole,13260
OBS-I-71faf0fd-IT,it,mare,internal,hotel,economici,Pesaro,Marche,quali sono i migliori hotel economici a Pesaro?,hotel economici pesaro,5190
OBS-I-723f18a1-IT,it,mare,internal,hotel,,Alba Adriatica,Abruzzo,quali sono i migliori hotel ad Alba Adriatica?,hotel alba adriatica,88600
OBS-I-72825290-IT,it,mare,internal,organizzazione,,Orosei,Sardegna,cosa vedere a Orosei?,cosa vedere orosei,4550
OBS-I-72a6fe16-EN,en,mare,internal,organizzazione,,Monterosso al Mare,Liguria,what to see in Monterosso al Mare?,things to do in monterosso al mare,6710
OBS-I-72cfd305-IT,it,mare,internal,hotel,economici,Capri,Campania,quali sono i migliori hotel economici a Capri?,hotel economici capri,5600
OBS-I-73e288b3-IT,it,mare,internal,hotel,lusso,Rimini,Emilia-Romagna,quali sono i migliori hotel di lusso a Rimini?,hotel 5 stelle rimini,10300
OBS-I-75349560-EN,en,mare,internal,organizzazione,,Chioggia,Veneto,what to see in Chioggia?,things to do in chioggia,1480
OBS-I-75c17656-EN,en,mare,internal,organizzazione,,Piombino; Populonia ,Toscana,what to see in Piombino?,things to do in piombino,1260
OBS-I-7660273f-IT,it,mare,internal,organizzazione,,Monfalcone,Friuli-Venezia Giulia,cosa vedere a Monfalcone?,monfalcone cosa vedere,2910
OBS-I-770f6444-IT,it,mare,internal,hotel,,Campomarino,Molise,quali sono i migliori hotel a Campomarino?,hotel campomarino,9570
OBS-I-778fa181-IT,it,mare,internal,hotel,,Santa Severa,Lazio,quali sono i migliori hotel a Santa Severa?,hotel santa severa,4140
OBS-I-7791c846-EN,en,mare,internal,hotel,lusso,Monopoli,Puglia,what are the best luxury hotels in Monopoli?,monopoli luxury hotels,1400
OBS-I-77b6c43e-IT,it,mare,internal,hotel,lusso,Alghero,Sardegna,quali sono i migliori hotel di lusso ad Alghero?,hotel 5 stelle alghero,2300
OBS-I-77cc9d20-EN,en,mare,internal,organizzazione,,Pescara,Abruzzo,what to see in Pescara?,things to do in pescara,11560
OBS-I-7849fcd8-IT,it,mare,internal,organizzazione,,Punta Ala,Toscana,cosa vedere a Punta Ala?,cosa vedere punta ala,2880
OBS-I-7a8c834d-IT,it,mare,internal,organizzazione,,Fondi,Lazio,cosa vedere a Fondi?,cosa vedere a fondi,1620
OBS-I-7aae9486-IT,it,mare,internal,organizzazione,,Alghero,Sardegna,cosa vedere ad Alghero?,cosa vedere alghero,19110
OBS-I-7b1d6162-IT,it,mare,internal,hotel,,Grottammare,Marche,quali sono i migliori hotel a Grottammare?,hotel grottammare,54200
OBS-I-7b59f483-IT,it,mare,internal,hotel,,San Nicola Arcella,Calabria,quali sono i migliori hotel a San Nicola Arcella?,hotel san nicola arcella,6870
OBS-I-7b7836a7-EN,en,mare,internal,organizzazione,,Rimini,Emilia-Romagna,what to see in Rimini?,what to do in rimini,13350
OBS-I-7c4fb578-IT,it,mare,internal,hotel,lusso,Cattolica,Emilia-Romagna,quali sono i migliori hotel di lusso a Cattolica?,hotel 5 stelle cattolica,2800
OBS-I-7d2f28f7-IT,it,mare,internal,organizzazione,,Alba Adriatica,Abruzzo,cosa vedere ad Alba Adriatica?,cosa vedere alba adriatica,3500
OBS-I-7d6b66ad-EN,en,mare,internal,hotel,,Gabicce Mare,Marche,what are the best hotels in Gabicce Mare?,hotels in gabicce mare,1150
OBS-I-7de05882-IT,it,mare,internal,hotel,lusso,Alassio,Liguria,quali sono i migliori hotel di lusso ad Alassio?,hotel 5 stelle alassio,2390
OBS-I-7def96ca-EN,en,mare,internal,hotel,,Rimini,Emilia-Romagna,what are the best hotels in Rimini?,hotels in rimini,280200
OBS-I-7e25052b-IT,it,mare,internal,organizzazione,,San Felice Circeo,Lazio,cosa vedere a San Felice Circeo?,san felice circeo cosa vedere,3660
OBS-I-7e97459f-EN,en,mare,internal,organizzazione,,Gaeta,Lazio,what to see in Gaeta?,things to do in gaeta,3140
OBS-I-7e9dc7a3-IT,it,mare,internal,organizzazione,,Diano Marina,Liguria,cosa vedere a Diano Marina?,diano marina cosa vedere,4760
OBS-I-7eee1a6b-IT,it,mare,internal,organizzazione,,Praiano,Campania,cosa vedere a Praiano?,praiano cosa vedere,1540
OBS-I-7fed41e7-IT,it,mare,internal,organizzazione,,Laigueglia,Liguria,cosa vedere a Laigueglia?,cosa vedere laigueglia,3600
OBS-I-80786595-IT,it,mare,internal,hotel,,Zambrone,Calabria,quali sono i migliori hotel a Zambrone?,hotel zambrone,2560
OBS-I-80ca3f7c-EN,en,mare,internal,hotel,,Tropea,Calabria,what are the best hotels in Tropea?,hotels in tropea,155300
OBS-I-818dfe6b-IT,it,mare,internal,hotel,famiglie,Grottammare,Marche,quali sono i migliori hotel per famiglie a Grottammare?,family hotel grottammare,1560
OBS-I-81a5ea3c-IT,it,mare,internal,hotel,lusso,Amalfi,Campania,quali sono i migliori hotel di lusso ad Amalfi?,hotel 5 stelle amalfi,1430
OBS-I-81ee18b3-IT,it,mare,internal,hotel,economici,Ischia,Campania,quali sono i migliori hotel economici a Ischia?,hotel economici ischia,4830
OBS-I-820a3a1b-IT,it,mare,internal,hotel,economici,Forte dei Marmi,Toscana,quali sono i migliori hotel economici a Forte dei Marmi?,hotel economici forte dei marmi,2850
OBS-I-822da089-IT,it,mare,internal,hotel,,Forio,Campania,quali sono i migliori hotel a Forio?,hotel forio,9300
OBS-I-823915f2-IT,it,mare,internal,hotel,famiglie,Cesenatico,Emilia-Romagna,quali sono i migliori hotel per famiglie a Cesenatico?,family hotel cesenatico,18060
OBS-I-82bb7047-EN,en,mare,internal,hotel,,Costa Smeralda,Sardegna,where to stay near Costa Smeralda?,where to stay costa smeralda,1570
OBS-I-82c967c3-IT,it,mare,internal,organizzazione,,Anzio,Lazio,cosa vedere ad Anzio?,cosa vedere anzio,3680
OBS-I-82fad7d1-IT,it,mare,internal,organizzazione,,Cattolica,Emilia-Romagna,cosa vedere a Cattolica?,cosa vedere a cattolica,6990
OBS-I-831ba44e-IT,it,mare,internal,hotel,,Praiano,Campania,quali sono i migliori hotel a Praiano?,hotel praiano,8770
OBS-I-8343c1c1-IT,it,mare,internal,hotel,lusso,Santa Margherita Ligure,Liguria,quali sono i migliori hotel di lusso a Santa Margherita Ligure?,hotel 5 stelle santa margherita ligure,2450
OBS-I-8343eece-EN,en,mare,internal,organizzazione,,Amalfi,Campania,what to see in Amalfi?,things to do in amalfi,54600
OBS-I-8349f15e-IT,it,mare,internal,hotel,famiglie,Riccione,Emilia-Romagna,quali sono i migliori hotel per famiglie a Riccione?,family hotel riccione,42320
OBS-I-83d72c45-IT,it,mare,internal,hotel,famiglie,Senigallia,Marche,quali sono i migliori hotel per famiglie a Senigallia?,family hotel senigallia,4990
OBS-I-84240fc9-IT,it,mare,internal,organizzazione,,Bibione,Veneto,cosa vedere a Bibione?,cosa fare a bibione,2620
OBS-I-8426b4a7-EN,en,mare,internal,hotel,,Ischia,Campania,what are the best hotels in Ischia?,hotels in ischia,221000
OBS-I-845718c0-IT,it,mare,internal,hotel,famiglie,Alassio,Liguria,quali sono i migliori hotel per famiglie ad Alassio?,family hotel alassio,1410
OBS-I-8503fb74-IT,it,mare,internal,hotel,lusso,Caorle,Veneto,quali sono i migliori hotel di lusso a Caorle?,hotel 5 stelle caorle,2560
OBS-I-85695053-IT,it,mare,internal,hotel,,Rapallo,Liguria,quali sono i migliori hotel a Rapallo?,hotel rapallo,60200
OBS-I-85eb6d81-EN,en,mare,internal,hotel,lusso,Portofino,Liguria,what are the best luxury hotels in Portofino?,luxury hotels in portofino,17500
OBS-I-85f923a3-IT,it,mare,internal,hotel,,Diano Marina,Liguria,quali sono i migliori hotel a Diano Marina?,hotel diano marina,92800
OBS-I-8648e55b-IT,it,mare,internal,hotel,,Civitanova Marche,Marche,quali sono i migliori hotel a Civitanova Marche?,hotel civitanova marche,39900
OBS-I-86880fa2-IT,it,mare,internal,hotel,famiglie,Alba Adriatica,Abruzzo,quali sono i migliori hotel per famiglie ad Alba Adriatica?,family hotel alba adriatica,4180
OBS-I-869aff09-EN,en,mare,internal,hotel,,Santa Teresa Gallura,Sardegna,what are the best hotels in Santa Teresa Gallura?,santa teresa gallura hotels,4660
OBS-I-86d66eac-IT,it,mare,internal,hotel,,Castagneto Carducci,Toscana,quali sono i migliori hotel a Castagneto Carducci?,hotel castagneto carducci,8840
OBS-I-8701fe1e-IT,it,mare,internal,organizzazione,,Gallipoli,Puglia,cosa vedere a Gallipoli?,cosa vedere a gallipoli,15380
OBS-I-87f28fd6-IT,it,mare,internal,hotel,lusso,Cesenatico,Emilia-Romagna,quali sono i migliori hotel di lusso a Cesenatico?,hotel 5 stelle cesenatico,3720
OBS-I-883a848e-IT,it,mare,internal,hotel,,Taormina,Sicilia,quali sono i migliori hotel a Taormina?,hotel taormina,137400
OBS-I-883e69f2-EN,en,mare,internal,hotel,,Santa Margherita Ligure,Liguria,what are the best hotels in Santa Margherita Ligure?,hotels in santa margherita ligure,12920
OBS-I-88adb1b2-IT,it,mare,internal,hotel,lusso,Pescara,Abruzzo,quali sono i migliori hotel di lusso a Pescara?,hotel 5 stelle pescara,2040
OBS-I-89150fb8-EN,en,mare,internal,hotel,,Eraclea Mare,Veneto,what are the best hotels in Eraclea Mare?,eraclea mare hotels,6600
OBS-I-896484b8-IT,it,mare,internal,hotel,lusso,Riccione,Emilia-Romagna,quali sono i migliori hotel di lusso a Riccione?,hotel 5 stelle riccione,14860
OBS-I-8b976377-IT,it,mare,internal,organizzazione,,Arzachena,Sardegna,cosa vedere ad Arzachena?,cosa vedere arzachena,4870
OBS-I-8c5388fa-IT,it,mare,internal,hotel,lusso,Gallipoli,Puglia,quali sono i migliori hotel di lusso a Gallipoli?,hotel 5 stelle gallipoli,1810
OBS-I-8cbb4f86-IT,it,mare,internal,hotel,,Scalea,Calabria,quali sono i migliori hotel a Scalea?,hotel scalea,15270
OBS-I-8cc999b9-IT,it,mare,internal,organizzazione,,Ortona,Abruzzo,cosa vedere a Ortona?,cosa vedere ortona,17320
OBS-I-8d0a6870-IT,it,mare,internal,organizzazione,,Portofino,Liguria,cosa vedere a Portofino?,cosa vedere a portofino,7390
OBS-I-8d28ae27-EN,en,mare,internal,hotel,,Ortona,Abruzzo,what are the best hotels in Ortona?,ortona hotels,6760
OBS-I-8d35b8b1-IT,it,mare,internal,hotel,,Marina di Castagneto Carducci,Toscana,quali sono i migliori hotel a Marina di Castagneto Carducci?,hotel marina di castagneto carducci,8790
OBS-I-8da143d1-EN,en,mare,internal,hotel,,Sperlonga,Lazio,what are the best hotels in Sperlonga?,hotels in sperlonga,7810
OBS-I-8ddabde1-IT,it,mare,internal,hotel,economici,Terracina,Lazio,quali sono i migliori hotel economici a Terracina?,hotel economici terracina,1630
OBS-I-8ddbf18b-IT,it,mare,internal,organizzazione,,Lerici; Tellaro ,Liguria,cosa vedere a Lerici?,cosa vedere lerici,17630
OBS-I-8eafffa0-IT,it,mare,internal,hotel,,Pesaro,Marche,quali sono i migliori hotel a Pesaro?,hotel pesaro,47900
OBS-I-8f0a37af-EN,en,mare,internal,hotel,,Paraggi,Liguria,what are the best hotels in Paraggi?,paraggi hotels,2420
OBS-I-8f8ca40f-IT,it,mare,internal,hotel,,Cesenatico,Emilia-Romagna,quali sono i migliori hotel a Cesenatico?,hotel cesenatico,162100
OBS-I-8faa61a9-EN,en,mare,internal,organizzazione,,Praiano,Campania,what to see in Praiano?,things to do in praiano,5390
OBS-I-8fdb0c27-EN,en,mare,internal,hotel,famiglie,Cattolica,Emilia-Romagna,what are the best family-friendly hotels in Cattolica?,cattolica family hotels,17510
OBS-I-90107652-EN,en,mare,internal,hotel,,Porto Cesareo,Puglia,what are the best hotels in Porto Cesareo?,hotels in porto cesareo,65700
OBS-I-9012e537-IT,it,mare,internal,organizzazione,,Ameglia; Montemarcello ,Liguria,cosa vedere a Montemarcello?,montemarcello cosa vedere,1180
OBS-I-903ea820-IT,it,mare,internal,hotel,,Milano Marittima,Emilia-Romagna,quali sono i migliori hotel a Milano Marittima?,hotel milano marittima,127900
OBS-I-90413e55-EN,en,mare,internal,hotel,,Mattinata,Puglia,what are the best hotels in Mattinata?,mattinata hotels,4020
OBS-I-90f0748f-IT,it,mare,internal,hotel,,Procida,Campania,quali sono i migliori hotel a Procida?,hotel procida,32160
OBS-I-90f5b11c-IT,it,mare,internal,hotel,economici,Sperlonga,Lazio,quali sono i migliori hotel economici a Sperlonga?,hotel economici sperlonga,2820
OBS-I-914a2524-IT,it,mare,internal,hotel,,Fermo; Torre di Palme ,Marche,quali sono i migliori hotel a Fermo?,hotel fermo,8650
OBS-I-91b4bac9-EN,en,mare,internal,hotel,lusso,Taormina,Sicilia,what are the best luxury hotels in Taormina?,luxury hotels in taormina,44480
OBS-I-921983a0-IT,it,mare,internal,hotel,economici,Gabicce Mare,Marche,quali sono i migliori hotel economici a Gabicce Mare?,hotel economici gabicce mare,2340
OBS-I-92709667-EN,en,mare,internal,hotel,lusso,Isola d'Elba ,Toscana,what are the best luxury hotels in Elba?,luxury hotels in elba,1510
OBS-I-9271596d-EN,en,mare,internal,organizzazione,,Santa Teresa Gallura,Sardegna,what to see in Santa Teresa Gallura?,things to do in santa teresa gallura,1090
OBS-I-92966dbe-EN,en,mare,internal,hotel,,Sorrento,Campania,what are the best hotels in Sorrento?,sorrento hotels,561700
OBS-I-92dd3a25-EN,en,mare,internal,hotel,lusso,Alghero,Sardegna,what are the best luxury hotels in Alghero?,luxury hotels in alghero,1520
OBS-I-931b3604-EN,en,mare,internal,hotel,,Lignano Sabbiadoro,Friuli-Venezia Giulia,what are the best hotels in Lignano Sabbiadoro?,hotels in lignano sabbiadoro,6440
OBS-I-932c29db-IT,it,mare,internal,hotel,,Montesilvano,Abruzzo,quali sono i migliori hotel a Montesilvano?,hotel montesilvano,64500
OBS-I-940b2d17-IT,it,mare,internal,hotel,,Sanremo,Liguria,quali sono i migliori hotel a Sanremo?,hotel sanremo,97100
OBS-I-94166fd1-IT,it,mare,internal,hotel,,Paestum,Campania,quali sono i migliori hotel a Paestum?,hotel paestum,42800
OBS-I-944a1b19-IT,it,mare,internal,organizzazione,,Monte Conero,Marche,cosa vedere e cosa fare in zona Monte Conero?,escursioni monte conero,1320
OBS-I-949211df-IT,it,mare,internal,organizzazione,,Caorle,Veneto,cosa vedere a Caorle?,caorle cosa vedere,7690
OBS-I-9544d06b-EN,en,mare,internal,organizzazione,,Alghero,Sardegna,what to see in Alghero?,things to do in alghero,14810
OBS-I-9565164a-EN,en,mare,internal,hotel,,Cefalù,Sicilia,what are the best hotels in Cefalù?,hotels in cefalù,2800
OBS-I-956cf6ff-EN,en,mare,internal,hotel,,Giardini-Naxos,Sicilia,what are the best hotels in Giardini-Naxos?,hotels in giardini-naxos,7510
OBS-I-9583e2d5-IT,it,mare,internal,organizzazione,,San Benedetto del Tronto,Marche,cosa vedere a San Benedetto del Tronto?,cosa vedere a san benedetto del tronto,13700
OBS-I-95a37d7c-EN,en,mare,internal,hotel,,Praia a Mare,Calabria,what are the best hotels in Praia a Mare?,praia a mare hotels,10210
OBS-I-95b2fff1-IT,it,mare,internal,hotel,economici,Cesenatico,Emilia-Romagna,quali sono i migliori hotel economici a Cesenatico?,hotel economici cesenatico,7290
OBS-I-9614bd3f-IT,it,mare,internal,hotel,,Moneglia,Liguria,quali sono i migliori hotel a Moneglia?,hotel moneglia,14500
OBS-I-96bf77c3-IT,it,mare,internal,organizzazione,,Tropea,Calabria,cosa vedere a Tropea?,cosa vedere a tropea,18930
OBS-I-970efe27-EN,en,mare,internal,hotel,famiglie,Rimini,Emilia-Romagna,what are the best family-friendly hotels in Rimini?,family hotels in rimini,25590
OBS-I-982080ac-IT,it,mare,internal,hotel,,Varigotti,Liguria,quali sono i migliori hotel a Varigotti?,hotel varigotti,31550
OBS-I-9838da09-IT,it,mare,internal,hotel,,Rosolina Mare,Veneto,quali sono i migliori hotel a Rosolina Mare?,hotel rosolina mare,23860
OBS-I-9878cb80-EN,en,mare,internal,hotel,lusso,Porto Ercole,Toscana,what are the best luxury hotels in Porto Ercole?,luxury hotels in porto ercole,1160
OBS-I-988043a6-IT,it,mare,internal,organizzazione,,Giulianova,Abruzzo,cosa vedere a Giulianova?,giulianova cosa vedere,3570
OBS-I-98d04830-IT,it,mare,internal,organizzazione,,Lido di Venezia,Veneto,cosa vedere e cosa fare in zona Lido di Venezia?,cosa vedere lido di venezia,4910
OBS-I-98f940c7-IT,it,mare,internal,hotel,famiglie,Caorle,Veneto,quali sono i migliori hotel per famiglie a Caorle?,family hotel caorle,5710
OBS-I-992f83f5-IT,it,mare,internal,hotel,lusso,Capri,Campania,quali sono i migliori hotel di lusso a Capri?,hotel di lusso capri,3710
OBS-I-99bd5722-EN,en,mare,internal,hotel,lusso,Ischia,Campania,what are the best luxury hotels in Ischia?,luxury hotels in ischia,10590
OBS-I-9a174c33-IT,it,mare,internal,hotel,lusso,Ischia,Campania,quali sono i migliori hotel di lusso a Ischia?,hotel 5 stelle ischia,4800
OBS-I-9a5656a2-IT,it,mare,internal,hotel,famiglie,San Benedetto del Tronto,Marche,quali sono i migliori hotel per famiglie a San Benedetto del Tronto?,family hotel san benedetto del tronto,12480
OBS-I-9a70493c-IT,it,mare,internal,hotel,animali,Milano Marittima,Emilia-Romagna,quali sono i migliori hotel che accettano animali a Milano Marittima?,hotel pet friendly milano marittima,1230
OBS-I-9a748e0a-IT,it,mare,internal,hotel,,Vico del Gargano,Puglia,quali sono i migliori hotel a Vico del Gargano?,hotel vico del gargano,2340
OBS-I-9aa5aa14-EN,en,mare,internal,organizzazione,,Cefalù,Sicilia,what to see in Cefalù?,things to do in cefalù,3450
OBS-I-9aee0989-IT,it,mare,internal,organizzazione,,Rapallo,Liguria,cosa vedere a Rapallo?,cosa vedere rapallo,9050
OBS-I-9b993e10-IT,it,mare,internal,hotel,economici,Paestum,Campania,quali sono i migliori hotel economici a Paestum?,hotel economici paestum,1970
OBS-I-9bccb9db-EN,en,mare,internal,hotel,,Pesaro,Marche,what are the best hotels in Pesaro?,hotels in pesaro,6170
OBS-I-9c537785-IT,it,mare,internal,hotel,economici,Jesolo,Veneto,quali sono i migliori hotel economici a Jesolo?,hotel economici jesolo,18990
OBS-I-9c7e0836-EN,en,mare,internal,hotel,,Cavallino-Treporti,Veneto,what are the best hotels in Cavallino-Treporti?,cavallino-treporti hotels,16410
OBS-I-9c96ac2b-IT,it,mare,internal,organizzazione,,Marina di Ravenna,Emilia-Romagna,cosa vedere a Marina di Ravenna?,marina di ravenna cosa vedere,1320
OBS-I-9ccbb04e-EN,en,mare,internal,hotel,famiglie,Diano Marina,Liguria,what are the best family-friendly hotels in Diano Marina?,diano marina family hotels,2890
OBS-I-9d38d37c-IT,it,mare,internal,organizzazione,,San Nicola Arcella,Calabria,cosa vedere a San Nicola Arcella?,cosa vedere san nicola arcella,1570
OBS-I-9da64792-EN,en,mare,internal,hotel,,Paestum,Campania,what are the best hotels in Paestum?,hotels in paestum,15250
OBS-I-9db3b376-IT,it,mare,internal,organizzazione,,Sabaudia,Lazio,cosa vedere a Sabaudia?,sabaudia cosa vedere,2830
OBS-I-9e38c667-IT,it,mare,internal,hotel,,San Vincenzo,Toscana,quali sono i migliori hotel a San Vincenzo?,hotel san vincenzo,18070
OBS-I-9ee8f18f-IT,it,mare,internal,hotel,famiglie,Follonica,Toscana,quali sono i migliori hotel per famiglie a Follonica?,family hotel follonica,1250
OBS-I-9f83c007-IT,it,mare,internal,hotel,,Rodi Garganico,Puglia,quali sono i migliori hotel a Rodi Garganico?,hotel rodi garganico,30870
OBS-I-9ff2766f-IT,it,mare,internal,hotel,animali,Cesenatico,Emilia-Romagna,quali sono i migliori hotel che accettano animali a Cesenatico?,hotel pet friendly cesenatico,2580
OBS-I-9ffe7893-IT,it,mare,internal,hotel,lusso,Lignano Sabbiadoro,Friuli-Venezia Giulia,quali sono i migliori hotel di lusso a Lignano Sabbiadoro?,hotel 5 stelle lignano sabbiadoro,2140
OBS-I-a2fe37a4-IT,it,mare,internal,organizzazione,,Costa Rei,Sardegna,cosa vedere a Costa Rei?,cosa vedere costa rei,1390
OBS-I-a35ba54d-IT,it,mare,internal,hotel,economici,Alba Adriatica,Abruzzo,quali sono i migliori hotel economici ad Alba Adriatica?,hotel economici alba adriatica,2770
OBS-I-a388544b-EN,en,mare,internal,hotel,,Monte Argentario,Toscana,what are the best hotels in Monte Argentario?,monte argentario hotels,7690
OBS-I-a3bd032f-IT,it,mare,internal,hotel,economici,Rimini,Emilia-Romagna,quali sono i migliori hotel economici a Rimini?,hotel economici rimini,24260
OBS-I-a3c83e24-IT,it,mare,internal,hotel,economici,Monopoli,Puglia,quali sono i migliori hotel economici a Monopoli?,hotel economici monopoli,1540
OBS-I-a4717c8f-IT,it,mare,internal,organizzazione,,Zambrone,Calabria,cosa vedere a Zambrone?,zambrone cosa vedere,1080
OBS-I-a477f016-IT,it,mare,internal,hotel,economici,Pescara,Abruzzo,quali sono i migliori hotel economici a Pescara?,hotel economici pescara,3650
OBS-I-a48b3f45-IT,it,mare,internal,organizzazione,,Ugento,Puglia,cosa vedere a Ugento?,cosa vedere ugento,3870
OBS-I-a50ef8ee-EN,en,mare,internal,hotel,famiglie,Bibione,Veneto,what are the best family-friendly hotels in Bibione?,bibione family hotels,7410
OBS-I-a5a212b4-IT,it,mare,internal,hotel,,Fondi,Lazio,quali sono i migliori hotel a Fondi?,hotel fondi,5260
OBS-I-a69bdc44-IT,it,mare,internal,hotel,,Paraggi,Liguria,quali sono i migliori hotel a Paraggi?,hotel paraggi,12890
OBS-I-a6d85029-EN,en,mare,internal,hotel,,Villasimius,Sardegna,what are the best hotels in Villasimius?,hotels in villasimius,27980
OBS-I-a7dc9394-EN,en,mare,internal,organizzazione,,Capri,Campania,what to see in Capri?,things to do in capri,65200
OBS-I-a819940e-IT,it,mare,internal,hotel,,Pisticci,Basilicata,quali sono i migliori hotel a Pisticci?,hotel pisticci,2580
OBS-I-a864f987-IT,it,mare,internal,hotel,,Capoliveri,Toscana,quali sono i migliori hotel a Capoliveri?,hotel capoliveri,8660
OBS-I-a86fd9f6-IT,it,mare,internal,hotel,,Isola d'Elba ,Toscana,quali sono i migliori hotel a Isola d'Elba?,hotel isola d'elba,85700
OBS-I-a8d0f51d-IT,it,mare,internal,organizzazione,,Pisticci,Basilicata,cosa vedere a Pisticci?,pisticci cosa vedere,3870
OBS-I-a903e086-IT,it,mare,internal,organizzazione,,Francavilla al Mare,Abruzzo,cosa vedere a Francavilla al Mare?,cosa vedere francavilla al mare,1390
OBS-I-a91b6a6e-EN,en,mare,internal,organizzazione,,Sanremo,Liguria,what to see in Sanremo?,what to see in sanremo,5760
OBS-I-a9f3566b-EN,en,mare,internal,organizzazione,,San Vito Lo Capo,Sicilia,what to see in San Vito Lo Capo?,things to do in san vito lo capo,2850
OBS-I-aa2dcbb6-IT,it,mare,internal,hotel,,Alghero,Sardegna,quali sono i migliori hotel ad Alghero?,hotel alghero,55600
OBS-I-aab4bf6b-IT,it,mare,internal,hotel,economici,San Benedetto del Tronto,Marche,quali sono i migliori hotel economici a San Benedetto del Tronto?,hotel economici san benedetto del tronto,5270
OBS-I-aabbb959-IT,it,mare,internal,organizzazione,,Capri,Campania,cosa vedere a Capri?,cosa vedere a capri,19230
OBS-I-ab2dfdcc-EN,en,mare,internal,hotel,,San Vincenzo,Toscana,what are the best hotels in San Vincenzo?,san vincenzo hotels,11350
OBS-I-ab397f88-IT,it,mare,internal,hotel,,Ventotene,Lazio,quali sono i migliori hotel a Ventotene?,hotel ventotene,28870
OBS-I-ab5580cb-EN,en,mare,internal,hotel,lusso,Forte dei Marmi,Toscana,what are the best luxury hotels in Forte dei Marmi?,luxury hotels in forte dei marmi,11180
OBS-I-aba9f4d7-IT,it,mare,internal,hotel,,Scanzano Jonico,Basilicata,quali sono i migliori hotel a Scanzano Jonico?,hotel scanzano jonico,4280
OBS-I-abb6a5fa-IT,it,mare,internal,organizzazione,,Acciaroli,Campania,cosa vedere ad Acciaroli?,cosa vedere acciaroli,6230
OBS-I-ac8dab2c-EN,en,mare,internal,hotel,,Giulianova,Abruzzo,what are the best hotels in Giulianova?,giulianova hotels,44300
OBS-I-acd64f7d-IT,it,mare,internal,hotel,,Petacciato Marina,Molise,quali sono i migliori hotel a Petacciato Marina?,hotel petacciato marina,2360
OBS-I-acfcf887-EN,en,mare,internal,organizzazione,,Santa Margherita Ligure,Liguria,what to see in Santa Margherita Ligure?,things to do in santa margherita ligure,6970
OBS-I-ae561086-EN,en,mare,internal,hotel,,Diano Marina,Liguria,what are the best hotels in Diano Marina?,hotels in diano marina,3000
OBS-I-af5593f8-IT,it,mare,internal,hotel,,Numana,Marche,quali sono i migliori hotel a Numana?,hotel numana,60260
OBS-I-af9112a1-IT,it,mare,internal,hotel,economici,Riccione,Emilia-Romagna,quali sono i migliori hotel economici a Riccione?,hotel economici riccione,18150
OBS-I-b0486082-IT,it,mare,internal,hotel,animali,Isola d'Elba ,Toscana,quali sono i migliori hotel che accettano animali a Isola d'Elba?,hotel pet friendly isola d'elba,1010
OBS-I-b058824e-IT,it,mare,internal,hotel,,Vasto,Abruzzo,quali sono i migliori hotel a Vasto?,hotel vasto,24720
OBS-I-b0e48029-IT,it,mare,internal,hotel,economici,Olbia,Sardegna,quali sono i migliori hotel economici a Olbia?,hotel economici olbia,4060
OBS-I-b0eb5dfa-IT,it,mare,internal,organizzazione,,Termoli,Molise,cosa vedere a Termoli?,termoli cosa vedere,13220
OBS-I-b0fa8632-IT,it,mare,internal,hotel,economici,Rapallo,Liguria,quali sono i migliori hotel economici a Rapallo?,hotel economici rapallo,1990
OBS-I-b102afda-IT,it,mare,internal,organizzazione,,Ventotene,Lazio,cosa vedere a Ventotene?,ventotene cosa vedere,3790
OBS-I-b1caa340-IT,it,mare,internal,organizzazione,,La Maddalena,Sardegna,cosa vedere alla Maddalena?,cosa vedere alla maddalena,5740
OBS-I-b1d089a2-IT,it,mare,internal,hotel,,San Vito Lo Capo,Sicilia,quali sono i migliori hotel a San Vito Lo Capo?,hotel san vito lo capo,84600
OBS-I-b23ed850-IT,it,mare,internal,hotel,,Duino,Friuli-Venezia Giulia,quali sono i migliori hotel a Duino?,hotel duino,1190
OBS-I-b2b607cc-EN,en,mare,internal,hotel,,Chia,Sardegna,what are the best hotels in Chia?,chia hotels,4950
OBS-I-b33b85f3-EN,en,mare,internal,hotel,,Zambrone,Calabria,what are the best hotels in Zambrone?,zambrone hotels,2050
OBS-I-b35c5f8a-IT,it,mare,internal,hotel,economici,Cervia,Emilia-Romagna,quali sono i migliori hotel economici a Cervia?,hotel economici cervia,5380
OBS-I-b36b6a19-EN,en,mare,internal,hotel,,Diamante,Calabria,what are the best hotels in Diamante?,diamante hotels,23700
OBS-I-b37e4b00-IT,it,mare,internal,hotel,,Chia,Sardegna,quali sono i migliori hotel a Chia?,hotel chia,7190
OBS-I-b3ba3ea3-IT,it,mare,internal,hotel,,Rimini,Emilia-Romagna,quali sono i migliori hotel a Rimini?,hotel rimini,297200
OBS-I-b3d00e77-IT,it,mare,internal,hotel,economici,Lerici; Tellaro ,Liguria,quali sono i migliori hotel economici a Lerici?,hotel economici lerici,1520
OBS-I-b3d03c0c-IT,it,mare,internal,hotel,,Sirolo,Marche,quali sono i migliori hotel a Sirolo?,hotel sirolo,55480
OBS-I-b4f6b616-IT,it,mare,internal,hotel,lusso,San Benedetto del Tronto,Marche,quali sono i migliori hotel di lusso a San Benedetto del Tronto?,hotel 5 stelle san benedetto del tronto,1780
OBS-I-b578b702-IT,it,mare,internal,hotel,,Ischia,Campania,quali sono i migliori hotel a Ischia?,hotel ischia,128400
OBS-I-b5ba8af4-IT,it,mare,internal,hotel,,Forte dei Marmi,Toscana,quali sono i migliori hotel a Forte dei Marmi?,hotel forte dei marmi,82400
OBS-I-b5e3aa2a-IT,it,mare,internal,hotel,economici,Procida,Campania,quali sono i migliori hotel economici a Procida?,hotel economici procida,1670
OBS-I-b64d77f6-IT,it,mare,internal,organizzazione,,Grottammare,Marche,cosa vedere a Grottammare?,grottammare cosa vedere,4820
OBS-I-b6e7d3f1-IT,it,mare,internal,hotel,famiglie,San Teodoro,Sardegna,quali sono i migliori hotel per famiglie a San Teodoro?,family hotel san teodoro,1090
OBS-I-b8343262-IT,it,mare,internal,organizzazione,,Piombino; Populonia ,Toscana,cosa vedere a Populonia?,cosa vedere populonia,7500
OBS-I-b84332b1-EN,en,mare,internal,hotel,,Alghero,Sardegna,what are the best hotels in Alghero?,hotels in alghero,54800
OBS-I-b8873892-EN,en,mare,internal,hotel,,Muggia,Friuli-Venezia Giulia,what are the best hotels in Muggia?,muggia hotels,3730
OBS-I-b8a6cb1f-IT,it,mare,internal,hotel,lusso,Cervia,Emilia-Romagna,quali sono i migliori hotel di lusso a Cervia?,hotel 5 stelle cervia,2190
OBS-I-b8bd61d6-IT,it,mare,internal,hotel,,Lignano Sabbiadoro,Friuli-Venezia Giulia,quali sono i migliori hotel a Lignano Sabbiadoro?,hotel lignano sabbiadoro,89700
OBS-I-b9d00158-IT,it,mare,internal,hotel,,Muggia,Friuli-Venezia Giulia,quali sono i migliori hotel a Muggia?,hotel muggia,6260
OBS-I-ba2b887c-IT,it,mare,internal,hotel,economici,Termoli,Molise,quali sono i migliori hotel economici a Termoli?,hotel economici termoli,2230
OBS-I-ba2ebfda-IT,it,mare,internal,hotel,,Maratea,Basilicata,quali sono i migliori hotel a Maratea?,hotel maratea,33790
OBS-I-bb2ed6ca-EN,en,mare,internal,hotel,,Pizzo,Calabria,what are the best hotels in Pizzo?,hotels in pizzo,3560
OBS-I-bb550f68-IT,it,mare,internal,organizzazione,,Civitanova Marche,Marche,cosa vedere a Civitanova Marche?,cosa vedere civitanova marche,3750
OBS-I-bb74891d-IT,it,mare,internal,organizzazione,,Praia a Mare,Calabria,cosa vedere a Praia a Mare?,cosa vedere praia a mare,3010
OBS-I-bb88f1b3-IT,it,mare,internal,organizzazione,,Pescara,Abruzzo,cosa vedere a Pescara?,cosa vedere a pescara,27900
OBS-I-bc198ba3-EN,en,mare,internal,hotel,,Campomarino,Molise,what are the best hotels in Campomarino?,campomarino hotels,9880
OBS-I-bc37caf9-EN,en,mare,internal,hotel,famiglie,Alghero,Sardegna,what are the best family-friendly hotels in Alghero?,alghero family hotels,1070
OBS-I-bc7e68e6-IT,it,mare,internal,hotel,famiglie,Isola d'Elba ,Toscana,quali sono i migliori hotel per famiglie a Isola d'Elba?,family hotel isola d'elba,5610
OBS-I-bd500bc9-IT,it,mare,internal,organizzazione,,Gargano,Puglia,cosa vedere e cosa fare in zona Gargano?,cosa vedere gargano,13430
OBS-I-bd883ac9-IT,it,mare,internal,hotel,lusso,Paestum,Campania,quali sono i migliori hotel di lusso a Paestum?,hotel 5 stelle paestum,2900
OBS-I-bdd64cc8-EN,en,mare,internal,hotel,,Acciaroli,Campania,what are the best hotels in Acciaroli?,acciaroli hotels,36960
OBS-I-be5fdddd-EN,en,mare,internal,organizzazione,,Anzio,Lazio,what to see in Anzio?,things to do in anzio,1730
OBS-I-be7b6004-IT,it,mare,internal,hotel,lusso,Forte dei Marmi,Toscana,quali sono i migliori hotel di lusso a Forte dei Marmi?,hotel 5 stelle forte dei marmi,7670
OBS-I-be810dd4-IT,it,mare,internal,hotel,lusso,Numana,Marche,quali sono i migliori hotel di lusso a Numana?,hotel 5 stelle numana,1860
OBS-I-befbbde5-EN,en,mare,internal,hotel,,Marina di Castagneto Carducci,Toscana,what are the best hotels in Marina di Castagneto Carducci?,marina di castagneto carducci hotels,9090
OBS-I-c0394f9e-IT,it,mare,internal,hotel,,Sperlonga,Lazio,quali sono i migliori hotel a Sperlonga?,hotel sperlonga,61960
OBS-I-c08e2607-IT,it,mare,internal,organizzazione,,Olbia,Sardegna,cosa vedere a Olbia?,cosa vedere a olbia,11080
OBS-I-c09315a3-EN,en,mare,internal,organizzazione,,Otranto,Puglia,what to see in Otranto?,things to do in otranto,4410
OBS-I-c13f7703-EN,en,mare,internal,hotel,,Bibbona,Toscana,what are the best hotels in Bibbona?,bibbona hotels,3390
OBS-I-c1422454-IT,it,mare,internal,hotel,,Peschici,Puglia,quali sono i migliori hotel a Peschici?,hotel peschici,48050
OBS-I-c1aa6d98-EN,en,mare,internal,hotel,,Finalborgo; Finale Ligure ,Liguria,what are the best hotels in Finalborgo?,finalborgo hotels,4470
OBS-I-c209c222-IT,it,mare,internal,hotel,lusso,Taormina,Sicilia,quali sono i migliori hotel di lusso a Taormina?,hotel 5 stelle taormina,4140
OBS-I-c228f854-IT,it,mare,internal,organizzazione,,Scalea,Calabria,cosa vedere a Scalea?,cosa vedere scalea,3750
OBS-I-c24a075c-IT,it,mare,internal,hotel,famiglie,Forte dei Marmi,Toscana,quali sono i migliori hotel per famiglie a Forte dei Marmi?,family hotel forte dei marmi,1760
OBS-I-c2bc2cb5-IT,it,mare,internal,hotel,famiglie,Ischia,Campania,quali sono i migliori hotel per famiglie a Ischia?,family hotel ischia,4900
OBS-I-c3110470-EN,en,mare,internal,organizzazione,,Maiori,Campania,what to see in Maiori?,things to do in maiori,4240
OBS-I-c33189b3-IT,it,mare,internal,organizzazione,,Finalborgo; Finale Ligure ,Liguria,cosa vedere a Finalborgo?,finalborgo cosa vedere,6370
OBS-I-c356e52a-IT,it,mare,internal,hotel,,Marina di Camerota,Campania,quali sono i migliori hotel a Marina di Camerota?,hotel marina di camerota,61160
OBS-I-c3a178be-IT,it,mare,internal,hotel,economici,Alghero,Sardegna,quali sono i migliori hotel economici ad Alghero?,hotel economici alghero,1480
OBS-I-c446dfd6-EN,en,mare,internal,hotel,,Piombino; Populonia ,Toscana,what are the best hotels in Piombino?,hotels in piombino,2320
OBS-I-c44aa7b1-EN,en,mare,internal,hotel,,Castagneto Carducci,Toscana,what are the best hotels in Castagneto Carducci?,castagneto carducci hotels,10050
OBS-I-c44ca43f-EN,en,mare,internal,organizzazione,,La Maddalena,Sardegna,what to see in La Maddalena?,things to do in la maddalena,1490
OBS-I-c519f127-IT,it,mare,internal,organizzazione,,Costa degli Etruschi,Toscana,cosa vedere e cosa fare in zona Costa degli Etruschi?,costa degli etruschi cosa vedere,1530
OBS-I-c53f2c45-IT,it,mare,internal,hotel,economici,Grottammare,Marche,quali sono i migliori hotel economici a Grottammare?,hotel economici grottammare,1080
OBS-I-c5a764f2-IT,it,mare,internal,hotel,,Giulianova,Abruzzo,quali sono i migliori hotel a Giulianova?,hotel giulianova,41800
OBS-I-c6624e1c-IT,it,mare,internal,hotel,,Loano,Liguria,quali sono i migliori hotel a Loano?,hotel loano,74100
OBS-I-c682437d-IT,it,mare,internal,hotel,economici,Eraclea Mare,Veneto,quali sono i migliori hotel economici a Eraclea Mare?,alberghi economici eraclea mare,1320
OBS-I-c83c7205-IT,it,mare,internal,organizzazione,,Rimini,Emilia-Romagna,cosa vedere a Rimini?,cosa vedere a rimini,30800
OBS-I-c83fd783-EN,en,mare,internal,organizzazione,,Viareggio,Toscana,what to see in Viareggio?,things to do in viareggio,6310
OBS-I-c8c5e51e-EN,en,mare,internal,organizzazione,,Paestum,Campania,what to see in Paestum?,things to do in paestum,1110
OBS-I-c96b6804-IT,it,mare,internal,hotel,animali,Cattolica,Emilia-Romagna,quali sono i migliori hotel che accettano animali a Cattolica?,hotel pet friendly cattolica,2060
OBS-I-c9bdc9e4-IT,it,mare,internal,organizzazione,,Fasano,Puglia,cosa vedere a Fasano?,cosa vedere a fasano,3030
OBS-I-ca1f7fe3-EN,en,mare,internal,hotel,,Praiano,Campania,what are the best hotels in Praiano?,praiano hotels,9570
OBS-I-ca5d999a-IT,it,mare,internal,organizzazione,,Cilento,Campania,cosa vedere e cosa fare in zona Cilento?,cilento cosa vedere,9940
OBS-I-ca644bff-EN,en,mare,internal,hotel,,Rosolina,Veneto,what are the best hotels in Rosolina?,rosolina hotels,5450
OBS-I-ca8407b5-EN,en,mare,internal,organizzazione,,Villasimius,Sardegna,what to see in Villasimius?,things to do in villasimius,1230
OBS-I-caefc9b8-IT,it,mare,internal,hotel,economici,Loano,Liguria,quali sono i migliori hotel economici a Loano?,hotel economici loano,2300
OBS-I-cb6a342a-IT,it,mare,internal,hotel,,Torre dell'Orso,Puglia,quali sono i migliori hotel a Torre dell'Orso?,hotel torre dell'orso,12240
OBS-I-cc4c5efb-IT,it,mare,internal,organizzazione,,Sirolo,Marche,cosa vedere a Sirolo?,cosa vedere sirolo,6890
OBS-I-ccbee11f-IT,it,mare,internal,hotel,coppie,Ischia,Campania,quali sono i migliori hotel romantici per coppie a Ischia?,hotel romantici ischia,14830
OBS-I-ccbf94ec-EN,en,mare,internal,hotel,,Gallipoli,Puglia,what are the best hotels in Gallipoli?,hotels in gallipoli,23640
OBS-I-ccc3fc23-IT,it,mare,internal,organizzazione,,Varigotti,Liguria,cosa vedere a Varigotti?,varigotti cosa vedere,4420
OBS-I-ccc488fa-IT,it,mare,internal,hotel,economici,Laigueglia,Liguria,quali sono i migliori hotel economici a Laigueglia?,hotel economici laigueglia,2020
OBS-I-cd4ad87f-EN,en,mare,internal,hotel,economici,Sorrento,Campania,what are the best budget hotels in Sorrento?,cheap hotels in sorrento,5350
OBS-I-cd9b3691-EN,en,mare,internal,hotel,,Scalea,Calabria,what are the best hotels in Scalea?,scalea hotels,4570
OBS-I-ce1346bf-IT,it,mare,internal,hotel,animali,Rimini,Emilia-Romagna,quali sono i migliori hotel che accettano animali a Rimini?,hotel pet friendly rimini,4360
OBS-I-ce3f6e38-IT,it,mare,internal,hotel,,Salento,Puglia,dove dormire in zona Salento?,dove alloggiare salento,3210
OBS-I-ce40fb66-IT,it,mare,internal,hotel,,Follonica,Toscana,quali sono i migliori hotel a Follonica?,hotel follonica,43280
OBS-I-ce85abfd-IT,it,mare,internal,hotel,,Mattinata,Puglia,quali sono i migliori hotel a Mattinata?,hotel mattinata,10650
OBS-I-cec86dd3-IT,it,mare,internal,organizzazione,,Milano Marittima,Emilia-Romagna,cosa vedere a Milano Marittima?,cosa fare a milano marittima,3810
OBS-I-cef94d5b-IT,it,mare,internal,hotel,famiglie,Jesolo,Veneto,quali sono i migliori hotel per famiglie a Jesolo?,family hotel jesolo,9380
OBS-I-cf8238bf-EN,en,mare,internal,hotel,,Castiglione della Pescaia,Toscana,what are the best hotels in Castiglione della Pescaia?,hotels in castiglione della pescaia,3390
OBS-I-d04b6d81-IT,it,mare,internal,hotel,,Acciaroli,Campania,quali sono i migliori hotel ad Acciaroli?,hotel acciaroli,35350
OBS-I-d0583e9f-EN,en,mare,internal,hotel,,Milano Marittima,Emilia-Romagna,what are the best hotels in Milano Marittima?,milano marittima hotels,2190
OBS-I-d0f7baaf-EN,en,mare,internal,hotel,,Arzachena,Sardegna,what are the best hotels in Arzachena?,arzachena hotels,10430
OBS-I-d1164912-IT,it,mare,internal,hotel,coppie,Gabicce Mare,Marche,quali sono i migliori hotel romantici per coppie a Gabicce Mare?,hotel romantico gabicce mare,4100
OBS-I-d1224302-IT,it,mare,internal,organizzazione,,Mondolfo,Marche,cosa vedere a Mondolfo?,mondolfo cosa vedere,2130
OBS-I-d1b31807-IT,it,mare,internal,organizzazione,,Cavallino-Treporti,Veneto,cosa vedere a Cavallino-Treporti?,cosa vedere cavallino-treporti,1710
OBS-I-d21deec0-IT,it,mare,internal,hotel,,Laigueglia,Liguria,quali sono i migliori hotel a Laigueglia?,hotel laigueglia,47900
OBS-I-d2aed360-IT,it,mare,internal,hotel,economici,Follonica,Toscana,quali sono i migliori hotel economici a Follonica?,hotel economici follonica,3160
OBS-I-d306db04-IT,it,mare,internal,organizzazione,,Tortoreto,Abruzzo,cosa vedere a Tortoreto?,cosa vedere tortoreto,1460
OBS-I-d35a3d63-IT,it,mare,internal,hotel,famiglie,Diano Marina,Liguria,quali sono i migliori hotel per famiglie a Diano Marina?,family hotel diano marina,2540
OBS-I-d3bfeb4e-IT,it,mare,internal,hotel,,Montenero di Bisaccia,Molise,quali sono i migliori hotel a Montenero di Bisaccia?,hotel montenero di bisaccia,1850
OBS-I-d3eb5e12-EN,en,mare,internal,organizzazione,,Finalborgo; Finale Ligure ,Liguria,what to see in Finale Ligure?,things to do in finale ligure,1130
OBS-I-d40c8f85-IT,it,mare,internal,organizzazione,,Giardini-Naxos,Sicilia,cosa vedere a Giardini-Naxos?,cosa vedere giardini-naxos,16640
OBS-I-d41b530a-IT,it,mare,internal,hotel,famiglie,Gabicce Mare,Marche,quali sono i migliori hotel per famiglie a Gabicce Mare?,family hotel gabicce mare,2580
OBS-I-d4456101-IT,it,mare,internal,hotel,famiglie,Cattolica,Emilia-Romagna,quali sono i migliori hotel per famiglie a Cattolica?,family hotel cattolica,16410
OBS-I-d56ec504-IT,it,mare,internal,organizzazione,,Monopoli,Puglia,cosa vedere a Monopoli?,cosa vedere a monopoli,20890
OBS-I-d73d7f22-IT,it,mare,internal,organizzazione,,Villasimius,Sardegna,cosa vedere a Villasimius?,cosa vedere a villasimius,3710
OBS-I-d772dee6-IT,it,mare,internal,hotel,coppie,Rimini,Emilia-Romagna,quali sono i migliori hotel romantici per coppie a Rimini?,hotel romantici rimini,4480
OBS-I-d79b2c16-EN,en,mare,internal,organizzazione,,Ischia,Campania,what to see in Ischia?,things to do in ischia,21700
OBS-I-d7a9ecd1-IT,it,mare,internal,hotel,,Pizzo,Calabria,quali sono i migliori hotel a Pizzo?,hotel pizzo,2110
OBS-I-d7bd2c07-EN,en,mare,internal,organizzazione,,Isola d'Elba ,Toscana,what to see in Elba?,things to do in elba,5270
OBS-I-d85bc2c1-EN,en,mare,internal,hotel,,Arbatax,Sardegna,what are the best hotels in Arbatax?,arbatax hotels,13140
OBS-I-d9239cac-EN,en,mare,internal,hotel,,Roseto degli Abruzzi,Abruzzo,what are the best hotels in Roseto degli Abruzzi?,roseto degli abruzzi hotels,45700
OBS-I-d96c44d4-IT,it,mare,internal,organizzazione,,Santa Marinella,Lazio,cosa vedere a Santa Marinella?,cosa vedere santa marinella,1590
OBS-I-d99b2ade-IT,it,mare,internal,hotel,,Finalborgo; Finale Ligure ,Liguria,quali sono i migliori hotel a Finale Ligure?,hotel finale ligure,94700
OBS-I-db08c5d3-IT,it,mare,internal,hotel,,Monfalcone,Friuli-Venezia Giulia,quali sono i migliori hotel a Monfalcone?,hotel monfalcone,11170
OBS-I-db3b8f4a-EN,en,mare,internal,hotel,,Civitanova Marche,Marche,what are the best hotels in Civitanova Marche?,civitanova marche hotels,41900
OBS-I-db621b9f-EN,en,mare,internal,organizzazione,,Santa Marinella,Lazio,what to see in Santa Marinella?,things to do in santa marinella,1140
OBS-I-db7d0826-IT,it,mare,internal,hotel,economici,Amalfi,Campania,quali sono i migliori hotel economici ad Amalfi?,hotel economici amalfi,1510
OBS-I-dc5db75e-IT,it,mare,internal,hotel,,Otranto,Puglia,quali sono i migliori hotel a Otranto?,hotel otranto,29250
OBS-I-dc77d38d-IT,it,mare,internal,hotel,,Castiglione della Pescaia,Toscana,quali sono i migliori hotel a Castiglione della Pescaia?,hotel castiglione della pescaia,80600
OBS-I-dc7c3b53-EN,en,mare,internal,hotel,,Silvi,Abruzzo,what are the best hotels in Silvi?,silvi hotels,1340
OBS-I-dd16b888-EN,en,mare,internal,hotel,,Montenero di Bisaccia,Molise,what are the best hotels in Montenero di Bisaccia?,montenero di bisaccia hotels,2010
OBS-I-ddc9f967-IT,it,mare,internal,organizzazione,,Sestri Levante,Liguria,cosa vedere a Sestri Levante?,cosa vedere sestri levante,6200
OBS-I-ddef8ccb-IT,it,mare,internal,hotel,animali,Senigallia,Marche,quali sono i migliori hotel che accettano animali a Senigallia?,hotel pet friendly senigallia,1020
OBS-I-de21e1d4-EN,en,mare,internal,hotel,,Capoliveri,Toscana,what are the best hotels in Capoliveri?,capoliveri hotels,10460
OBS-I-de445540-EN,en,mare,internal,organizzazione,,San Teodoro,Sardegna,what to see in San Teodoro?,things to do in san teodoro,1390
OBS-I-dea229f4-IT,it,mare,internal,hotel,lusso,Polignano a Mare,Puglia,quali sono i migliori hotel di lusso a Polignano a Mare?,hotel 5 stelle polignano a mare,1030
OBS-I-dec7576b-IT,it,mare,internal,organizzazione,,Fermo; Torre di Palme ,Marche,cosa vedere a Fermo?,cosa vedere a fermo,5660
OBS-I-df26008b-IT,it,mare,internal,organizzazione,,Maratea,Basilicata,cosa vedere a Maratea?,maratea cosa vedere,15110
OBS-I-df34f0c8-IT,it,mare,internal,organizzazione,,Sciacca,Sicilia,cosa vedere a Sciacca?,cosa vedere sciacca,18720
OBS-I-df43f1ee-EN,en,mare,internal,hotel,lusso,Santa Margherita Ligure,Liguria,what are the best luxury hotels in Santa Margherita Ligure?,luxury hotels in santa margherita ligure,1090
OBS-I-df515d80-EN,en,mare,internal,hotel,,Anzio,Lazio,what are the best hotels in Anzio?,hotels in anzio,7350
OBS-I-df5d9990-IT,it,mare,internal,organizzazione,,Monte Argentario,Toscana,cosa vedere a Monte Argentario?,cosa vedere monte argentario,2990
OBS-I-df88debc-EN,en,mare,internal,hotel,,Pineto,Abruzzo,what are the best hotels in Pineto?,pineto hotels,5400
OBS-I-e0205e6f-IT,it,mare,internal,organizzazione,,Gaeta,Lazio,cosa vedere a Gaeta?,cosa vedere gaeta,20340
OBS-I-e0d7d408-IT,it,mare,internal,organizzazione,,Vasto,Abruzzo,cosa vedere a Vasto?,cosa vedere a vasto,11780
OBS-I-e120a3ba-IT,it,mare,internal,organizzazione,,Costa Smeralda,Sardegna,cosa vedere e cosa fare in zona Costa Smeralda?,cosa vedere costa smeralda,2360
OBS-I-e1b8c18a-IT,it,mare,internal,hotel,,Lerici; Tellaro ,Liguria,quali sono i migliori hotel a Lerici?,hotel lerici,42400
OBS-I-e1c765a2-EN,en,mare,internal,hotel,lusso,Tropea,Calabria,what are the best luxury hotels in Tropea?,tropea luxury hotels,2360
OBS-I-e20c8a74-IT,it,mare,internal,hotel,,Sorrento,Campania,quali sono i migliori hotel a Sorrento?,hotel sorrento,73100
OBS-I-e244f8a2-IT,it,mare,internal,organizzazione,,Pizzo,Calabria,cosa vedere a Pizzo?,cosa vedere a pizzo,2210
OBS-I-e3bd60ef-IT,it,mare,internal,hotel,,Gargano,Puglia,dove dormire in zona Gargano?,dove dormire gargano,1620
OBS-I-e3d6a804-EN,en,mare,internal,organizzazione,,Sciacca,Sicilia,what to see in Sciacca?,things to do in sciacca,2380
OBS-I-e4543654-EN,en,mare,internal,hotel,,Bibione,Veneto,what are the best hotels in Bibione?,bibione hotels,116100
OBS-I-e4812edc-IT,it,mare,internal,hotel,economici,Vieste,Puglia,quali sono i migliori hotel economici a Vieste?,hotel economici vieste,4450
OBS-I-e5082652-IT,it,mare,internal,organizzazione,,Amalfi,Campania,cosa vedere ad Amalfi?,cosa vedere ad amalfi,14280
OBS-I-e5ded940-IT,it,mare,internal,organizzazione,,Bellaria-Igea Marina,Emilia-Romagna,cosa vedere a Bellaria-Igea Marina?,cosa fare a bellaria-igea marina,1550
OBS-I-e5f4ec3b-IT,it,mare,internal,hotel,lusso,Sorrento,Campania,quali sono i migliori hotel di lusso a Sorrento?,hotel 5 stelle sorrento,6240
OBS-I-e64a7142-IT,it,mare,internal,organizzazione,,Bibbona,Toscana,cosa vedere a Bibbona?,cosa vedere bibbona,3160
OBS-I-e66d088b-IT,it,mare,internal,organizzazione,,Sorrento,Campania,cosa vedere a Sorrento?,cosa vedere a sorrento,28300
OBS-I-e6b7fa4d-IT,it,mare,internal,hotel,,Vieste,Puglia,quali sono i migliori hotel a Vieste?,hotel vieste,55180
OBS-I-e7164342-IT,it,mare,internal,hotel,lusso,Viareggio,Toscana,quali sono i migliori hotel di lusso a Viareggio?,hotel 5 stelle viareggio,2410
OBS-I-e722b540-IT,it,mare,internal,organizzazione,,Muggia,Friuli-Venezia Giulia,cosa vedere a Muggia?,muggia cosa vedere,4720
OBS-I-e7992289-IT,it,mare,internal,hotel,,Fasano,Puglia,quali sono i migliori hotel a Fasano?,hotel fasano,6600
OBS-I-e8929522-IT,it,mare,internal,hotel,lusso,Villasimius,Sardegna,quali sono i migliori hotel di lusso a Villasimius?,hotel 5 stelle villasimius,1820
OBS-I-e8cd918d-IT,it,mare,internal,hotel,,Viareggio,Toscana,quali sono i migliori hotel a Viareggio?,hotel viareggio,113600
OBS-I-e8e7e0a0-EN,en,mare,internal,hotel,,Positano,Campania,what are the best hotels in Positano?,hotels in positano,513000
OBS-I-e950eb07-EN,en,mare,internal,hotel,,San Vito Lo Capo,Sicilia,what are the best hotels in San Vito Lo Capo?,san vito lo capo hotels,8660
OBS-I-e96202dd-EN,en,mare,internal,organizzazione,,Tropea,Calabria,what to see in Tropea?,things to do in tropea,17500
OBS-I-e9727187-IT,it,mare,internal,hotel,economici,Cattolica,Emilia-Romagna,quali sono i migliori hotel economici a Cattolica?,hotel economici cattolica,8260
OBS-I-ea2fe4c2-IT,it,mare,internal,hotel,,Sciacca,Sicilia,quali sono i migliori hotel a Sciacca?,hotel sciacca,13310
OBS-I-ea31cfe4-IT,it,mare,internal,hotel,economici,Tropea,Calabria,quali sono i migliori hotel economici a Tropea?,hotel economici tropea,1340
OBS-I-ea9433e4-EN,en,mare,internal,hotel,,Scanzano Jonico,Basilicata,what are the best hotels in Scanzano Jonico?,scanzano jonico hotels,4440
OBS-I-eadeaebf-IT,it,mare,internal,organizzazione,,Polignano a Mare,Puglia,cosa vedere a Polignano a Mare?,cosa vedere polignano a mare,25530
OBS-I-eb87307a-IT,it,mare,internal,hotel,lusso,Portofino,Liguria,quali sono i migliori hotel di lusso a Portofino?,hotel 5 stelle portofino,1500
OBS-I-ebbe8bbb-EN,en,mare,internal,hotel,,Francavilla al Mare,Abruzzo,what are the best hotels in Francavilla al Mare?,francavilla al mare hotels,20620
OBS-I-ebdf7a87-IT,it,mare,internal,hotel,,Santa Margherita Ligure,Liguria,quali sono i migliori hotel a Santa Margherita Ligure?,hotel santa margherita ligure,50500
OBS-I-ebfcb67f-IT,it,mare,internal,organizzazione,,Numana,Marche,cosa vedere a Numana?,cosa vedere numana,6410
OBS-I-ec6733ab-IT,it,mare,internal,hotel,famiglie,Roseto degli Abruzzi,Abruzzo,quali sono i migliori hotel per famiglie a Roseto degli Abruzzi?,family hotel roseto degli abruzzi,1560
OBS-I-ed076897-IT,it,mare,internal,organizzazione,,Bernalda,Basilicata,cosa vedere a Bernalda?,bernalda cosa vedere,1450
OBS-I-ed2074f1-IT,it,mare,internal,hotel,economici,Isola d'Elba ,Toscana,quali sono i migliori hotel economici a Isola d'Elba?,hotel economici isola d'elba,1730
OBS-I-ed6b6f68-IT,it,mare,internal,hotel,famiglie,Cervia,Emilia-Romagna,quali sono i migliori hotel per famiglie a Cervia?,family hotel cervia,14820
OBS-I-eda334cf-IT,it,mare,internal,organizzazione,,Lignano Sabbiadoro,Friuli-Venezia Giulia,cosa vedere a Lignano Sabbiadoro?,cosa fare a lignano sabbiadoro,3450
OBS-I-edd37010-IT,it,mare,internal,organizzazione,,Capoliveri,Toscana,cosa vedere a Capoliveri?,cosa vedere capoliveri,4270
OBS-I-edd7975d-EN,en,mare,internal,organizzazione,,Pizzo,Calabria,what to see in Pizzo?,things to do in pizzo,1260
OBS-I-ee4754a2-IT,it,mare,internal,organizzazione,,Santa Margherita Ligure,Liguria,cosa vedere a Santa Margherita Ligure?,cosa vedere santa margherita ligure,5480
OBS-I-ee5ee32d-IT,it,mare,internal,hotel,,Gallipoli,Puglia,quali sono i migliori hotel a Gallipoli?,hotel gallipoli,42100
OBS-I-ef5939a9-EN,en,mare,internal,hotel,,Monterosso al Mare,Liguria,what are the best hotels in Monterosso al Mare?,hotels in monterosso al mare,15320
OBS-I-efb59d2d-IT,it,mare,internal,hotel,,Tropea,Calabria,quali sono i migliori hotel a Tropea?,tropea hotel,46900
OBS-I-f07f6551-IT,it,mare,internal,hotel,animali,Riccione,Emilia-Romagna,quali sono i migliori hotel che accettano animali a Riccione?,hotel pet friendly riccione,4250
OBS-I-f0d4026f-IT,it,mare,internal,hotel,lusso,Maratea,Basilicata,quali sono i migliori hotel di lusso a Maratea?,hotel 5 stelle maratea,1730
OBS-I-f15b7222-IT,it,mare,internal,hotel,,Punta Ala,Toscana,quali sono i migliori hotel a Punta Ala?,hotel punta ala,27750
OBS-I-f16e2f58-EN,en,mare,internal,hotel,,Policoro,Basilicata,what are the best hotels in Policoro?,policoro hotels,19220
OBS-I-f1bcf84b-IT,it,mare,internal,hotel,,Olbia,Sardegna,quali sono i migliori hotel a Olbia?,hotel olbia,45200
OBS-I-f1c2ada3-EN,en,mare,internal,hotel,,Isola d'Elba ,Toscana,what are the best hotels in Elba?,hotels in elba,68000
OBS-I-f23738aa-IT,it,mare,internal,hotel,,Tortoreto,Abruzzo,quali sono i migliori hotel a Tortoreto?,hotel tortoreto,17820
OBS-I-f29b17a7-IT,it,mare,internal,hotel,famiglie,Montesilvano,Abruzzo,quali sono i migliori hotel per famiglie a Montesilvano?,family hotel montesilvano,1400
OBS-I-f29ffb85-IT,it,mare,internal,hotel,,Pineto,Abruzzo,quali sono i migliori hotel a Pineto?,hotel pineto,17750
OBS-I-f2a61eb9-IT,it,mare,internal,organizzazione,,Nova Siri,Basilicata,cosa vedere a Nova Siri?,cosa vedere nova siri,1880
OBS-I-f3354470-IT,it,mare,internal,hotel,lusso,Sanremo,Liguria,quali sono i migliori hotel di lusso a Sanremo?,hotel 5 stelle sanremo,4210
OBS-I-f3d562b6-EN,en,mare,internal,organizzazione,,Taormina,Sicilia,what to see in Taormina?,things to do in taormina,29100
OBS-I-f5194e0b-IT,it,mare,internal,hotel,economici,Bibione,Veneto,quali sono i migliori hotel economici a Bibione?,hotel economici bibione,4880
OBS-I-f666e4ab-EN,en,mare,internal,hotel,,Caorle,Veneto,what are the best hotels in Caorle?,caorle hotels,120600
OBS-I-f683154e-IT,it,mare,internal,organizzazione,,Otranto,Puglia,cosa vedere a Otranto?,cosa vedere otranto,28140
OBS-I-f6918076-IT,it,mare,internal,organizzazione,,Montesilvano,Abruzzo,cosa vedere a Montesilvano?,cosa vedere montesilvano,4050
OBS-I-f698d461-IT,it,mare,internal,hotel,,Porto Cesareo,Puglia,quali sono i migliori hotel a Porto Cesareo?,hotel porto cesareo,63000
OBS-I-f7b95763-IT,it,mare,internal,hotel,,Eraclea Mare,Veneto,quali sono i migliori hotel a Eraclea Mare?,hotel eraclea mare,7270
OBS-I-f7d0ffa0-IT,it,mare,internal,hotel,,Cilento,Campania,dove dormire in zona Cilento?,dove dormire cilento,2500
OBS-I-f87f3b4c-IT,it,mare,internal,hotel,lusso,Pesaro,Marche,quali sono i migliori hotel di lusso a Pesaro?,hotel 5 stelle pesaro,2230
OBS-I-f8f16ba4-IT,it,mare,internal,hotel,economici,Giulianova,Abruzzo,quali sono i migliori hotel economici a Giulianova?,hotel economici giulianova,1900
OBS-I-f9139574-IT,it,mare,internal,hotel,,Ameglia; Montemarcello ,Liguria,quali sono i migliori hotel ad Ameglia?,hotel ameglia,1310
OBS-I-f93bd451-EN,en,mare,internal,organizzazione,,Vieste,Puglia,what to see in Vieste?,things to do in vieste,1270
OBS-I-f972842a-EN,en,mare,internal,organizzazione,,Rapallo,Liguria,what to see in Rapallo?,things to do in rapallo,4820
OBS-I-f978a9fc-EN,en,mare,internal,hotel,,Bernalda,Basilicata,what are the best hotels in Bernalda?,bernalda hotels,3020
OBS-I-f9e993d2-IT,it,mare,internal,hotel,,Montalto di Castro,Lazio,quali sono i migliori hotel a Montalto di Castro?,hotel montalto di castro,5700
OBS-I-fa7e470c-IT,it,mare,internal,hotel,economici,Sorrento,Campania,quali sono i migliori hotel economici a Sorrento?,hotel economici sorrento,2030
OBS-I-fb2e603a-IT,it,mare,internal,organizzazione,,Arbatax,Sardegna,cosa vedere ad Arbatax?,cosa vedere arbatax,2300
OBS-I-fb530362-IT,it,mare,internal,hotel,economici,Gallipoli,Puglia,quali sono i migliori hotel economici a Gallipoli?,hotel economici gallipoli,1680
OBS-I-fb657298-IT,it,mare,internal,organizzazione,,Procida,Campania,cosa vedere a Procida?,procida cosa vedere,25510
OBS-I-fba79f43-IT,it,mare,internal,organizzazione,,Positano,Campania,cosa vedere a Positano?,cosa vedere a positano,12290
OBS-I-fbb82525-EN,en,mare,internal,hotel,,Otranto,Puglia,what are the best hotels in Otranto?,hotels in otranto,47400
OBS-I-fc087c06-EN,en,mare,internal,organizzazione,,Monopoli,Puglia,what to see in Monopoli?,things to do in monopoli,18780
OBS-I-fc5a4ad1-EN,en,mare,internal,hotel,,Santa Marinella,Lazio,what are the best hotels in Santa Marinella?,hotels in santa marinella,4430
OBS-I-fc8d7556-IT,it,mare,internal,organizzazione,,Isola di Capo Rizzuto ,Calabria,cosa vedere a Capo Rizzuto?,capo rizzuto cosa vedere,3750
OBS-I-fc8d7c2c-EN,en,mare,internal,hotel,,Orosei,Sardegna,what are the best hotels in Orosei?,orosei hotels,1530
OBS-I-fc8df0f9-IT,it,mare,internal,organizzazione,,Loano,Liguria,cosa vedere a Loano?,cosa vedere loano,2350
OBS-I-fcae6faa-EN,en,mare,internal,hotel,,Portopiccolo,Friuli-Venezia Giulia,what are the best hotels in Portopiccolo?,portopiccolo hotels,7880
OBS-I-fd2bed93-IT,it,mare,internal,hotel,economici,Senigallia,Marche,quali sono i migliori hotel economici a Senigallia?,hotel economici senigallia,4990
OBS-I-fd395396-EN,en,mare,internal,organizzazione,,Sperlonga,Lazio,what to see in Sperlonga?,things to do in sperlonga,3370
OBS-I-fdd0df4d-EN,en,mare,internal,hotel,famiglie,Ischia,Campania,what are the best family-friendly hotels in Ischia?,ischia family hotels,5620
OBS-I-fdfb8014-IT,it,mare,internal,hotel,famiglie,Pesaro,Marche,quali sono i migliori hotel per famiglie a Pesaro?,family hotel pesaro,1650
OBS-I-fe336c91-IT,it,mare,internal,organizzazione,,San Vito Lo Capo,Sicilia,cosa vedere a San Vito Lo Capo?,cosa vedere san vito lo capo,13890
OBS-I-fe98a90e-EN,en,mare,internal,hotel,,Olbia,Sardegna,what are the best hotels in Olbia?,hotels in olbia,106200
OBS-I-ff37accc-IT,it,mare,internal,organizzazione,,Gabicce Mare,Marche,cosa vedere a Gabicce Mare?,cosa vedere gabicce mare,1680
OBS-I-ff8c15a6-IT,it,mare,internal,hotel,,Cefalù,Sicilia,quali sono i migliori hotel a Cefalù?,hotel cefalù,43200
OBS-I-ffd91a7f-IT,it,mare,internal,hotel,,Nova Siri,Basilicata,quali sono i migliori hotel a Nova Siri?,hotel nova siri,3900
OBS-C-10577c90-IT,it,montagna,comparative,sogno,,Marche,Marche,quali sono le zone di montagna e i parchi più belli nelle Marche?,montagna marche,5300
OBS-C-11acf131-IT,it,montagna,comparative,sogno,,Veneto,Veneto,quali sono le zone di montagna e i parchi più belli in Veneto?,montagna veneto,9130
OBS-C-166e7894-EN,en,montagna,comparative,sogno,,Italia,,what are the best mountain areas and parks in Italy?,mountains in italy,196500
OBS-C-22c85f3b-IT,it,montagna,comparative,sogno,,Italia,,quali sono le zone di montagna e i parchi più belli in Italia?,parchi nazionali italia,19280
OBS-C-28f9a7cf-IT,it,montagna,comparative,sogno,,Abruzzo,Abruzzo,dove andare in montagna per un weekend in Abruzzo?,weekend in montagna abruzzo,3640
OBS-C-37bc8711-IT,it,montagna,comparative,hotel,famiglie,Abruzzo,Abruzzo,quali sono i migliori hotel per famiglie in montagna in Abruzzo?,family hotel montagna abruzzo,7990
OBS-C-3f8f4045-IT,it,montagna,comparative,organizzazione,,Abruzzo,Abruzzo,cosa fare in montagna in Abruzzo?,escursioni montagna abruzzo,1490
OBS-C-4b32cd11-IT,it,montagna,comparative,sogno,,Abruzzo,Abruzzo,quali sono le zone di montagna e i parchi più belli in Abruzzo?,montagna abruzzo,43100
OBS-C-4b583e01-IT,it,montagna,comparative,sogno,,Lombardia,Lombardia,quali sono le zone di montagna e i parchi più belli in Lombardia?,montagna lombardia,20000
OBS-C-4dfe2118-IT,it,montagna,comparative,organizzazione,,Piemonte,Piemonte,cosa fare in montagna in Piemonte?,escursioni montagna piemonte,1260
OBS-C-4e51bb06-IT,it,montagna,comparative,hotel,famiglie,Piemonte,Piemonte,quali sono i migliori hotel per famiglie in montagna in Piemonte?,family hotel montagna piemonte,2420
OBS-C-4fd48700-IT,it,montagna,comparative,sogno,,Valle d'Aosta,Valle d'Aosta,quali sono le zone di montagna e i parchi più belli in Valle d'Aosta?,montagna valle d'aosta,6080
OBS-C-5041108b-IT,it,montagna,comparative,sogno,,Umbria,Umbria,quali sono le zone di montagna e i parchi più belli in Umbria?,montagna umbria,4830
OBS-C-50427d0c-IT,it,montagna,comparative,sogno,,Lombardia,Lombardia,dove andare in montagna per un weekend in Lombardia?,weekend in montagna lombardia,2510
OBS-C-509ec031-IT,it,montagna,comparative,sogno,,Sicilia,Sicilia,quali sono le zone di montagna e i parchi più belli in Sicilia?,montagna sicilia,9040
OBS-C-53bb1cc7-IT,it,montagna,comparative,sogno,,Friuli-Venezia Giulia,Friuli-Venezia Giulia,quali sono le zone di montagna e i parchi più belli in Friuli-Venezia Giulia?,montagna friuli venezia giulia,13290
OBS-C-563c7b0c-EN,en,montagna,comparative,sogno,,Abruzzo,Abruzzo,what are the best mountain areas and parks in Abruzzo?,abruzzo national parks,22900
OBS-C-56715c0f-EN,en,montagna,comparative,sogno,,Lombardia,Lombardia,what are the best mountain areas and parks in Lombardy?,mountains in lombardy,1080
OBS-C-6cd909fa-EN,en,montagna,comparative,sogno,,Calabria,Calabria,what are the best mountain areas and parks in Calabria?,calabria mountains,1870
OBS-C-6df30658-IT,it,montagna,comparative,sogno,,Calabria,Calabria,quali sono le zone di montagna e i parchi più belli in Calabria?,montagna calabria,11100
OBS-C-728b9a20-EN,en,montagna,comparative,sogno,,Piemonte,Piemonte,what are the best mountain areas and parks in Piedmont?,piedmont mountains,6140
OBS-C-7a643bd2-IT,it,montagna,comparative,hotel,,Veneto,Veneto,quali sono i migliori hotel in montagna in Veneto?,hotel montagna veneto,1020
OBS-C-86cdf443-IT,it,montagna,comparative,hotel,,Trentino-Alto Adige,Trentino-Alto Adige,quali sono i migliori hotel in montagna in Trentino-Alto Adige?,hotel montagna trentino alto adige,1250
OBS-C-87c4f72f-EN,en,montagna,comparative,sogno,,Umbria,Umbria,what are the best mountain areas and parks in Umbria?,hiking in umbria,1190
OBS-C-89c833d8-EN,en,montagna,comparative,sogno,,Sicilia,Sicilia,what are the best mountain areas and parks in Sicily?,hiking in sicily,18600
OBS-C-8b3a4b59-IT,it,montagna,comparative,sogno,,Toscana,Toscana,quali sono le zone di montagna e i parchi più belli in Toscana?,montagna toscana,11710
OBS-C-8f64ad62-IT,it,montagna,comparative,sogno,,Trentino-Alto Adige,Trentino-Alto Adige,quali sono le zone di montagna e i parchi più belli in Trentino-Alto Adige?,montagne trentino alto adige,13860
OBS-C-a1ec96c0-IT,it,montagna,comparative,sogno,,Basilicata,Basilicata,dove andare in montagna per un weekend in Basilicata?,weekend in montagna basilicata,1540
OBS-C-ac391cff-IT,it,montagna,comparative,hotel,,Friuli-Venezia Giulia,Friuli-Venezia Giulia,quali sono i migliori hotel in montagna in Friuli-Venezia Giulia?,hotel montagna friuli venezia giulia,2560
OBS-C-bee3895a-IT,it,montagna,comparative,hotel,,Lombardia,Lombardia,quali sono i migliori hotel in montagna in Lombardia?,hotel montagna lombardia,2140
OBS-C-c3d0e99e-IT,it,montagna,comparative,hotel,,Basilicata,Basilicata,quali sono i migliori hotel in montagna in Basilicata?,hotel montagna basilicata,1660
OBS-C-c643a2ee-IT,it,montagna,comparative,sogno,,Piemonte,Piemonte,quali sono le zone di montagna e i parchi più belli in Piemonte?,montagna piemonte,25100
OBS-C-c73938a2-EN,en,montagna,comparative,sogno,,Trentino-Alto Adige,Trentino-Alto Adige,what are the best mountain areas and parks in Trentino-Alto Adige?,trentino mountains,1200
OBS-C-d03c1a12-IT,it,montagna,comparative,hotel,,Sardegna,Sardegna,quali sono i migliori hotel in montagna in Sardegna?,hotel montagna sardegna,1210
OBS-C-dbd2d039-EN,en,montagna,comparative,sogno,,Sardegna,Sardegna,what are the best mountain areas and parks in Sardinia?,hiking in sardinia,25500
OBS-C-dc0574c4-EN,en,montagna,comparative,sogno,,Toscana,Toscana,what are the best mountain areas and parks in Tuscany?,hiking in tuscany,9100
OBS-C-e232caec-IT,it,montagna,comparative,hotel,famiglie,Veneto,Veneto,quali sono i migliori hotel per famiglie in montagna in Veneto?,family hotel montagna veneto,2540
OBS-C-e3345e31-IT,it,montagna,comparative,sogno,,Emilia-Romagna,Emilia-Romagna,quali sono le zone di montagna e i parchi più belli in Emilia-Romagna?,montagna emilia romagna,7090
OBS-C-eab0d29d-IT,it,montagna,comparative,hotel,,Piemonte,Piemonte,quali sono i migliori hotel in montagna in Piemonte?,hotel montagna piemonte,4500
OBS-C-eca7bc95-IT,it,montagna,comparative,hotel,famiglie,Lombardia,Lombardia,quali sono i migliori hotel per famiglie in montagna in Lombardia?,family hotel montagna lombardia,1650
OBS-C-f099c2ed-IT,it,montagna,comparative,sogno,,Piemonte,Piemonte,dove andare in montagna per un weekend in Piemonte?,weekend in montagna piemonte,1750
OBS-C-f4d45e44-IT,it,montagna,comparative,hotel,,Abruzzo,Abruzzo,quali sono i migliori hotel in montagna in Abruzzo?,hotel montagna abruzzo,10990
OBS-C-f65d06c6-IT,it,montagna,comparative,sogno,,Sardegna,Sardegna,quali sono le zone di montagna e i parchi più belli in Sardegna?,montagna sardegna,12100
OBS-C-f8921822-IT,it,montagna,comparative,sogno,,Basilicata,Basilicata,quali sono le zone di montagna e i parchi più belli in Basilicata?,montagna basilicata,7970
OBS-I-01743bc8-IT,it,montagna,internal,hotel,,Dolomiti,Trentino-Alto Adige,dove dormire in zona Dolomiti?,dove dormire dolomiti,2670
OBS-I-0446317a-IT,it,montagna,internal,organizzazione,,Val Camonica,Lombardia,cosa vedere e cosa fare in zona Val Camonica?,val camonica cosa vedere,3500
OBS-I-06f58817-IT,it,montagna,internal,organizzazione,,Val Veny,Valle d'Aosta,cosa vedere e cosa fare in zona Val Veny?,escursioni val veny,1080
OBS-I-0b6d2b49-EN,en,montagna,internal,organizzazione,,Lunigiana,Toscana,what to see and do around Lunigiana?,visit lunigiana,1060
OBS-I-0e39630d-EN,en,montagna,internal,organizzazione,,Parco Nazionale Dolomiti Bellunesi ,Veneto,what to see and do around Dolomiti Bellunesi?,visit dolomiti bellunesi,1070
OBS-I-121cbc72-IT,it,montagna,internal,organizzazione,,Parco Naturale Puez-Odle ,Trentino-Alto Adige,cosa vedere e cosa fare in zona Odle?,escursioni odle,1070
OBS-I-1d845af6-IT,it,montagna,internal,organizzazione,,Parco Nazionale dei Monti Sibillini ,Marche,cosa vedere e cosa fare in zona Monti Sibillini?,monti sibillini cosa vedere,3580
OBS-I-1f62ebf0-IT,it,montagna,internal,organizzazione,,Parco dei Nebrodi ,Sicilia,cosa vedere e cosa fare in zona Parco dei Nebrodi?,parco dei nebrodi cosa vedere,2360
OBS-I-2bc8d3d9-IT,it,montagna,internal,organizzazione,,Dolomiti,Trentino-Alto Adige,cosa vedere e cosa fare in zona Dolomiti?,cosa vedere dolomiti,5160
OBS-I-2ca935fe-EN,en,montagna,internal,organizzazione,,Parco dell'Etna ,Sicilia,what to see and do around Etna?,visit etna,9720
OBS-I-3f6e047c-IT,it,montagna,internal,organizzazione,,Parco naturale dello Sciliar-Catinaccio ,Trentino-Alto Adige,cosa vedere e cosa fare in zona Catinaccio?,escursioni catinaccio,1460
OBS-I-496ac5f2-IT,it,montagna,internal,hotel,,Parco dell'Etna ,Sicilia,dove dormire in zona Etna?,dove dormire etna,1770
OBS-I-50b6e53f-IT,it,montagna,internal,organizzazione,,Monte Amiata,Toscana,cosa vedere e cosa fare in zona Monte Amiata?,monte amiata cosa vedere,4420
OBS-I-560d5bed-IT,it,montagna,internal,organizzazione,,Valtellina,Lombardia,cosa vedere e cosa fare in zona Valtellina?,valtellina cosa vedere,4110
OBS-I-5a9bc3f4-IT,it,montagna,internal,organizzazione,,Parco Nazionale del Gran Sasso e Monti della Laga ,Abruzzo,cosa vedere e cosa fare in zona Gran Sasso?,gran sasso cosa vedere,6470
OBS-I-5d217887-EN,en,montagna,internal,hotel,,Parco dell'Etna ,Sicilia,where to stay near Etna?,hotels near etna,2290
OBS-I-5df0eaad-IT,it,montagna,internal,organizzazione,,Garfagnana,Toscana,cosa vedere e cosa fare in zona Garfagnana?,garfagnana cosa vedere,17200
OBS-I-63af4a54-IT,it,montagna,internal,organizzazione,,Parco dell'Etna ,Sicilia,cosa vedere e cosa fare in zona Etna?,escursioni etna,81600
OBS-I-6bac3068-IT,it,montagna,internal,organizzazione,,"Parco Nazionale d'Abruzzo, Lazio e Molise ",Abruzzo,cosa vedere e cosa fare in zona Parco Nazionale d'Abruzzo?,parco nazionale d'abruzzo cosa vedere,1310
OBS-I-702fd61b-IT,it,montagna,internal,hotel,,Parco Nazionale del Gran Sasso e Monti della Laga ,Abruzzo,dove dormire in zona Gran Sasso?,dove dormire gran sasso,6450
OBS-I-72227904-IT,it,montagna,internal,organizzazione,,Parco nazionale del Golfo di Orosei e del Gennargentu ,Sardegna,cosa vedere e cosa fare in zona Golfo di Orosei?,escursioni golfo di orosei,6310
OBS-I-754e4db5-IT,it,montagna,internal,organizzazione,,Lunigiana,Toscana,cosa vedere e cosa fare in zona Lunigiana?,lunigiana cosa vedere,11890
OBS-I-79ebc402-IT,it,montagna,internal,organizzazione,,Monte Bianco,Valle d'Aosta,cosa vedere e cosa fare in zona Monte Bianco?,escursioni monte bianco,1820
OBS-I-7f5ecd7f-IT,it,montagna,internal,organizzazione,,Alpi Apuane,Toscana,cosa vedere e cosa fare in zona Alpi Apuane?,alpi apuane cosa vedere,2490
OBS-I-8127adb0-IT,it,montagna,internal,organizzazione,,Dolomiti Lucane,Basilicata,cosa vedere e cosa fare in zona Dolomiti Lucane?,dolomiti lucane cosa vedere,2380
OBS-I-8e98dc97-IT,it,montagna,internal,organizzazione,,Monte Subasio,Umbria,cosa vedere e cosa fare in zona Monte Subasio?,monte subasio cosa vedere,1440
OBS-I-9b739719-IT,it,montagna,internal,organizzazione,,Parco Nazionale del Pollino ,Basilicata,cosa vedere e cosa fare in zona Parco Nazionale del Pollino?,parco nazionale del pollino cosa vedere,1610
OBS-I-9fc1e3ae-IT,it,montagna,internal,organizzazione,,Dolomiti di Brenta,Trentino-Alto Adige,cosa vedere e cosa fare in zona Dolomiti di Brenta?,escursioni dolomiti di brenta,1050
OBS-I-a1e746db-IT,it,montagna,internal,organizzazione,,Parco delle Madonie ,Sicilia,cosa vedere e cosa fare in zona Parco delle Madonie?,parco delle madonie cosa vedere,1550
OBS-I-a6ecce1e-EN,en,montagna,internal,organizzazione,,Monte Rosa,Piemonte,what to see and do around Monte Rosa?,visit monte rosa,3670
OBS-I-a9ea831a-IT,it,montagna,internal,organizzazione,,Aspromonte,Calabria,cosa vedere e cosa fare in zona Aspromonte?,aspromonte cosa vedere,1210
OBS-I-aa426026-IT,it,montagna,internal,organizzazione,,Valle Maira,Piemonte,cosa vedere e cosa fare in zona Valle Maira?,valle maira cosa vedere,6770
OBS-I-ac2603ee-IT,it,montagna,internal,organizzazione,,Mugello,Toscana,cosa vedere e cosa fare in zona Mugello?,mugello cosa vedere,1260
OBS-I-ad19c352-IT,it,montagna,internal,organizzazione,,Parco Nazionale della Majella ,Abruzzo,cosa vedere e cosa fare in zona Parco Nazionale della Majella?,parco nazionale della majella cosa vedere,1030
OBS-I-ad3bd149-IT,it,montagna,internal,organizzazione,,Parco Nazionale della Sila ,Calabria,cosa vedere e cosa fare in zona Sila?,sila cosa vedere,2050
OBS-I-b7325725-IT,it,montagna,internal,organizzazione,,Valle di Susa,Piemonte,cosa vedere e cosa fare in zona Valle di Susa?,valle di susa cosa vedere,5270
OBS-I-bdbca81e-IT,it,montagna,internal,organizzazione,,Cadore,Veneto,cosa vedere e cosa fare in zona Cadore?,escursioni cadore,1070
OBS-I-be5b15ac-IT,it,montagna,internal,organizzazione,,Parco Nazionale Dolomiti Bellunesi ,Veneto,cosa vedere e cosa fare in zona Dolomiti Bellunesi?,escursioni dolomiti bellunesi,1660
OBS-I-c61a9f1b-IT,it,montagna,internal,organizzazione,,Altopiano di Asiago,Veneto,cosa vedere e cosa fare in zona Altopiano di Asiago?,cosa vedere altopiano di asiago,5310
OBS-I-c870aaab-IT,it,montagna,internal,organizzazione,,"Parco Nazionale delle Foreste Casentinesi, Monte Falterona e Campigna ",Emilia-Romagna,cosa vedere e cosa fare in zona Foreste Casentinesi?,foreste casentinesi cosa vedere,2740
OBS-I-d6271574-IT,it,montagna,internal,organizzazione,,Val Ferret,Valle d'Aosta,cosa vedere e cosa fare in zona Val Ferret?,escursioni val ferret,1080
OBS-I-d7fcbb05-IT,it,montagna,internal,organizzazione,,Parco Nazionale Gran Paradiso ,Valle d'Aosta,cosa vedere e cosa fare in zona Parco Nazionale Gran Paradiso?,parco nazionale gran paradiso cosa vedere,1980
OBS-I-df8ad075-IT,it,montagna,internal,organizzazione,,Parco Nazionale dell'Appennino Tosco-Emiliano ,Emilia-Romagna,cosa vedere e cosa fare in zona Appennino Tosco-Emiliano?,appennino tosco-emiliano cosa vedere,2550
OBS-I-e258d261-IT,it,montagna,internal,hotel,,Monte Amiata,Toscana,dove dormire in zona Monte Amiata?,dove dormire monte amiata,4950
OBS-I-e52c9632-IT,it,montagna,internal,hotel,,Parco Nazionale dei Monti Sibillini ,Marche,dove dormire in zona Monti Sibillini?,dove dormire monti sibillini,2300
OBS-I-eae5e1e9-IT,it,montagna,internal,organizzazione,,Parco Nazionale dello Stelvio - Nationalpark Stilfser Joch ,Lombardia,cosa vedere e cosa fare in zona Parco Nazionale dello Stelvio?,parco nazionale dello stelvio cosa vedere,1270
OBS-I-effa2610-IT,it,montagna,internal,organizzazione,,Alpi Carniche,Friuli-Venezia Giulia,cosa vedere e cosa fare in zona Alpi Carniche?,alpi carniche cosa vedere,1500
OBS-I-f5499177-IT,it,montagna,internal,hotel,,Mugello,Toscana,dove dormire in zona Mugello?,hotel vicino mugello,1030
OBS-I-f890c8e8-IT,it,montagna,internal,organizzazione,,Casentino,Toscana,cosa vedere e cosa fare in zona Casentino?,casentino cosa vedere,3230
OBS-I-fa094ad5-IT,it,montagna,internal,organizzazione,,Carnia,Friuli-Venezia Giulia,cosa vedere e cosa fare in zona Carnia?,carnia cosa vedere,3520
OBS-C-184f6755-IT,it,neve,comparative,sogno,,Toscana,Toscana,quali sono le migliori località sciistiche in Toscana?,sciare in toscana,3000
OBS-C-3db58d1e-IT,it,neve,comparative,sogno,,Abruzzo,Abruzzo,dove andare a sciare per un weekend in Abruzzo?,weekend sulla neve abruzzo,3010
OBS-C-47b62664-EN,en,neve,comparative,sogno,,Sicilia,Sicilia,what are the best ski resorts in Sicily?,ski resorts sicily,6200
OBS-C-47b90a24-EN,en,neve,comparative,hotel,,Italia,,what are the best ski hotels in Italy?,ski chalets italy,4010
OBS-C-556f9c31-IT,it,neve,comparative,sogno,,Italia,,quali sono le migliori località sciistiche in Italia?,località sciistiche italia,5480
OBS-C-5ad39287-IT,it,neve,comparative,sogno,,Piemonte,Piemonte,quali sono le migliori località sciistiche in Piemonte?,località sciistiche piemonte,7990
OBS-C-653dc0cb-IT,it,neve,comparative,hotel,,Valle d'Aosta,Valle d'Aosta,quali sono i migliori hotel sulle piste da sci in Valle d'Aosta?,hotel sulle piste da sci valle d'aosta,1000
OBS-C-66c7a7c9-EN,en,neve,comparative,sogno,,Toscana,Toscana,what are the best ski resorts in Tuscany?,ski resorts tuscany,1800
OBS-C-69e0943f-EN,en,neve,comparative,sogno,,Calabria,Calabria,what are the best ski resorts in Calabria?,skiing in calabria,1530
OBS-C-8067e8e5-IT,it,neve,comparative,sogno,,Marche,Marche,quali sono le migliori località sciistiche nelle Marche?,sciare nelle marche,1690
OBS-C-8575c6b7-IT,it,neve,comparative,sogno,,Lombardia,Lombardia,quali sono le migliori località sciistiche in Lombardia?,località sciistiche lombardia,4530
OBS-C-92e3dd23-IT,it,neve,comparative,hotel,,Abruzzo,Abruzzo,quali sono i migliori hotel sulle piste da sci in Abruzzo?,hotel neve abruzzo,5540
OBS-C-99ee6afe-IT,it,neve,comparative,sogno,,Veneto,Veneto,quali sono le migliori località sciistiche in Veneto?,dove sciare in veneto,2180
OBS-C-9c44a572-IT,it,neve,comparative,sogno,,Trentino-Alto Adige,Trentino-Alto Adige,quali sono le migliori località sciistiche in Trentino-Alto Adige?,sciare in trentino-alto adige,2160
OBS-C-ad6566c1-IT,it,neve,comparative,sogno,,Molise,Molise,quali sono le migliori località sciistiche in Molise?,sciare in molise,1140
OBS-C-adad51de-EN,en,neve,comparative,sogno,,Italia,,what are the best ski resorts in Italy?,italy ski resorts,197200
OBS-C-b77035c2-IT,it,neve,comparative,sogno,,Basilicata,Basilicata,quali sono le migliori località sciistiche in Basilicata?,sciare in basilicata,1920
OBS-C-b855da1e-IT,it,neve,comparative,sogno,,Friuli-Venezia Giulia,Friuli-Venezia Giulia,quali sono le migliori località sciistiche in Friuli-Venezia Giulia?,sciare in friuli-venezia giulia,3440
OBS-C-ba3ec65b-IT,it,neve,comparative,sogno,,Emilia-Romagna,Emilia-Romagna,quali sono le migliori località sciistiche in Emilia-Romagna?,sciare in emilia-romagna,2460
OBS-C-bce1101d-EN,en,neve,comparative,sogno,,Trentino-Alto Adige,Trentino-Alto Adige,what are the best ski resorts in Trentino-Alto Adige?,ski resorts trentino,3510
OBS-C-c669ca27-EN,en,neve,comparative,sogno,,Piemonte,Piemonte,what are the best ski resorts in Piedmont?,piedmont ski resorts,3290
OBS-C-ca290c5d-EN,en,neve,comparative,sogno,,Valle d'Aosta,Valle d'Aosta,what are the best ski resorts in Aosta Valley?,ski resorts aosta valley,14470
OBS-C-dbb58132-IT,it,neve,comparative,sogno,,Abruzzo,Abruzzo,quali sono le migliori località sciistiche in Abruzzo?,sciare in abruzzo,9980
OBS-C-de8441a7-IT,it,neve,comparative,sogno,,Valle d'Aosta,Valle d'Aosta,quali sono le migliori località sciistiche in Valle d'Aosta?,località sciistiche valle d'aosta,6260
OBS-C-f2042863-IT,it,neve,comparative,sogno,,Lazio,Lazio,quali sono le migliori località sciistiche nel Lazio?,dove sciare nel lazio,1260
OBS-C-f8dcb422-IT,it,neve,comparative,sogno,,Calabria,Calabria,quali sono le migliori località sciistiche in Calabria?,sciare in calabria,3850
OBS-C-faae9e42-EN,en,neve,comparative,sogno,,Abruzzo,Abruzzo,what are the best ski resorts in Abruzzo?,ski resorts abruzzo,5180
OBS-C-fd1a8286-IT,it,neve,comparative,sogno,,Sicilia,Sicilia,quali sono le migliori località sciistiche in Sicilia?,sciare in sicilia,1340
OBS-I-00538c61-IT,it,neve,internal,hotel,famiglie,Val di Fassa ,Trentino-Alto Adige,quali sono i migliori hotel per famiglie a Val di Fassa?,family hotel val di fassa,25000
OBS-I-00ccf2e7-IT,it,neve,internal,organizzazione,,Ovindoli,Abruzzo,cosa vedere a Ovindoli?,cosa vedere ovindoli,2300
OBS-I-011051a0-IT,it,neve,internal,hotel,lusso,Champoluc,Valle d'Aosta,quali sono i migliori hotel di lusso a Champoluc?,hotel 5 stelle champoluc,2530
OBS-I-0301a9de-IT,it,neve,internal,organizzazione,,"Tarvisio, Tarvis ",Friuli-Venezia Giulia,cosa vedere a Tarvisio?,cosa vedere tarvisio,9940
OBS-I-031753ae-IT,it,neve,internal,organizzazione,,Val d'Aveto ,Liguria,cosa vedere a Val d'Aveto?,val d'aveto cosa vedere,1410
OBS-I-03196635-IT,it,neve,internal,hotel,animali,Val di Fassa ,Trentino-Alto Adige,quali sono i migliori hotel che accettano animali a Val di Fassa?,hotel pet friendly val di fassa,1500
OBS-I-038e1d73-EN,en,neve,internal,hotel,,Val di Fiemme,Trentino-Alto Adige,what are the best hotels in Val di Fiemme?,hotels in val di fiemme,25800
OBS-I-049488c4-IT,it,neve,internal,organizzazione,,Cortina d'Ampezzo ,Veneto,cosa vedere a Cortina d'Ampezzo?,cosa fare a cortina d'ampezzo,4670
OBS-I-09c3f52d-EN,en,neve,internal,hotel,,Livigno,Lombardia,what are the best hotels in Livigno?,hotels in livigno,132700
OBS-I-09fd3cd2-IT,it,neve,internal,organizzazione,,Prato Nevoso,Piemonte,cosa vedere a Prato Nevoso?,cosa fare a prato nevoso,1240
OBS-I-0a76502b-IT,it,neve,internal,hotel,famiglie,Champoluc,Valle d'Aosta,quali sono i migliori hotel per famiglie a Champoluc?,family hotel champoluc,1160
OBS-I-0c3d12d4-EN,en,neve,internal,hotel,,Claviere ,Piemonte,what are the best hotels in Claviere?,claviere hotels,9540
OBS-I-0dfa2f8e-EN,en,neve,internal,hotel,lusso,Cortina d'Ampezzo ,Veneto,what are the best luxury hotels in Cortina d'Ampezzo?,luxury hotels in cortina d'ampezzo,1850
OBS-I-0e9a4271-IT,it,neve,internal,hotel,,Lorica,Calabria,quali sono i migliori hotel a Lorica?,hotel lorica,8020
OBS-I-0f0f0798-IT,it,neve,internal,hotel,,Piano Battaglia,Sicilia,quali sono i migliori hotel a Piano Battaglia?,hotel piano battaglia,4820
OBS-I-0fa3155b-IT,it,neve,internal,hotel,famiglie,Ski Area San Pellegrino - Falcade ,Veneto,quali sono i migliori hotel per famiglie a Moena?,family hotel moena,9730
OBS-I-0fa707e8-IT,it,neve,internal,hotel,,Santa Caterina ,Lombardia,quali sono i migliori hotel a Santa Caterina?,hotel santa caterina,92200
OBS-I-10beef80-IT,it,neve,internal,organizzazione,,Monesi di Triora ,Liguria,cosa vedere a Triora?,triora cosa vedere,4680
OBS-I-116b50dc-IT,it,neve,internal,hotel,famiglie,Ponte di Legno - Passo Tonale ,Lombardia,quali sono i migliori hotel per famiglie a Ponte di Legno?,family hotel ponte di legno,4750
OBS-I-11da58b9-IT,it,neve,internal,organizzazione,,Forni di Sopra,Friuli-Venezia Giulia,cosa vedere a Forni di Sopra?,forni di sopra cosa vedere,1790
OBS-I-120355aa-IT,it,neve,internal,organizzazione,,Campitello Matese ,Molise,cosa vedere a Campitello Matese?,cosa fare a campitello matese,2660
OBS-I-12af6368-IT,it,neve,internal,organizzazione,,Lorica,Calabria,cosa vedere a Lorica?,cosa fare a lorica,2550
OBS-I-12d7ffc1-IT,it,neve,internal,hotel,,Madonna di Campiglio,Trentino-Alto Adige,quali sono i migliori hotel a Madonna di Campiglio?,hotel madonna di campiglio,166200
OBS-I-1433c28b-EN,en,neve,internal,hotel,,Monte Terminillo,Lazio,what are the best hotels in Monte Terminillo?,monte terminillo hotels,2630
OBS-I-1467aa20-IT,it,neve,internal,hotel,lusso,Ski Area San Pellegrino - Falcade ,Veneto,quali sono i migliori hotel di lusso a Moena?,hotel 5 stelle moena,1060
OBS-I-14a164e1-EN,en,neve,internal,hotel,,Roccaraso - Rivisondoli ,Abruzzo,what are the best hotels in Rivisondoli?,rivisondoli hotels,39800
OBS-I-14a92f61-IT,it,neve,internal,hotel,famiglie,Madesimo,Lombardia,quali sono i migliori hotel per famiglie a Madesimo?,family hotel madesimo,1600
OBS-I-1592a9ae-IT,it,neve,internal,organizzazione,,Monte Livata,Lazio,cosa vedere a Monte Livata?,monte livata cosa vedere,2820
OBS-I-15d24e57-IT,it,neve,internal,organizzazione,,Campo Imperatore ,Abruzzo,cosa vedere a Campo Imperatore?,campo imperatore cosa vedere,4500
OBS-I-16ef4df9-IT,it,neve,internal,hotel,,La Thuile,Valle d'Aosta,quali sono i migliori hotel alla Thuile?,hotel la thuile,36900
OBS-I-1758f5d5-IT,it,neve,internal,hotel,,Sellata - Arioso ,Basilicata,quali sono i migliori hotel a Sellata?,hotel sellata,3930
OBS-I-17b89cf3-IT,it,neve,internal,hotel,famiglie,Sappada,Friuli-Venezia Giulia,quali sono i migliori hotel per famiglie a Sappada?,family hotel sappada,1430
OBS-I-1c4afa47-IT,it,neve,internal,hotel,,Etna Sud/Nicolosi ,Sicilia,quali sono i migliori hotel a Nicolosi?,hotel nicolosi,3290
OBS-I-1eaa57e9-IT,it,neve,internal,hotel,famiglie,Pila ,Valle d'Aosta,quali sono i migliori hotel per famiglie a Pila?,family hotel pila,1170
OBS-I-1eca41a8-IT,it,neve,internal,organizzazione,,Etna Nord ,Sicilia,cosa vedere a Linguaglossa?,linguaglossa cosa vedere,1670
OBS-I-1f6d84a9-IT,it,neve,internal,hotel,lusso,Madonna di Campiglio,Trentino-Alto Adige,quali sono i migliori hotel di lusso a Madonna di Campiglio?,hotel 5 stelle madonna di campiglio,7830
OBS-I-208f22c5-EN,en,neve,internal,organizzazione,,Cervinia,Valle d'Aosta,what to see in Cervinia?,things to do in cervinia,1360
OBS-I-20cb7a1c-EN,en,neve,internal,hotel,,Cortina d'Ampezzo ,Veneto,what are the best hotels in Cortina d'Ampezzo?,cortina d'ampezzo hotels,35700
OBS-I-217482b7-IT,it,neve,internal,organizzazione,,Val di Fassa ,Trentino-Alto Adige,cosa vedere a Val di Fassa?,cosa vedere val di fassa,13490
OBS-I-21d78946-EN,en,neve,internal,hotel,,Campo Imperatore ,Abruzzo,what are the best hotels in L'Aquila?,l'aquila hotels,4720
OBS-I-22140b3b-IT,it,neve,internal,organizzazione,,"Zoncolan, Çoncolan ",Friuli-Venezia Giulia,cosa vedere a Sutrio?,sutrio cosa vedere,2640
OBS-I-244b54da-EN,en,neve,internal,organizzazione,,Cortina d'Ampezzo ,Veneto,what to see in Cortina d'Ampezzo?,things to do in cortina d'ampezzo,16150
OBS-I-24abd1d7-EN,en,neve,internal,hotel,,Ski Area San Pellegrino - Falcade ,Veneto,what are the best hotels in Falcade?,falcade hotels,28180
OBS-I-26a8a927-IT,it,neve,internal,hotel,,Cortina d'Ampezzo ,Veneto,quali sono i migliori hotel a Cortina d'Ampezzo?,hotel cortina d'ampezzo,46300
OBS-I-289bd8f9-IT,it,neve,internal,hotel,lusso,Val di Fassa ,Trentino-Alto Adige,quali sono i migliori hotel di lusso a Val di Fassa?,hotel 5 stelle val di fassa,1770
OBS-I-289dc332-IT,it,neve,internal,hotel,,Mondolè,Piemonte,quali sono i migliori hotel a Mondolè?,hotel mondolè,15470
OBS-I-28d216a0-EN,en,neve,internal,organizzazione,,Courmayeur,Valle d'Aosta,what to see in Courmayeur?,things to do in courmayeur,4080
OBS-I-29f7ab32-EN,en,neve,internal,hotel,,Ponte di Legno - Passo Tonale ,Lombardia,what are the best hotels in Ponte di Legno?,ponte di legno hotels,84400
OBS-I-2a50b8b6-EN,en,neve,internal,hotel,,Aprica ,Lombardia,what are the best hotels in Aprica?,aprica hotels,12670
OBS-I-2a86b6d9-IT,it,neve,internal,hotel,,"Tarvisio, Tarvis ",Friuli-Venezia Giulia,quali sono i migliori hotel a Tarvisio?,hotel tarvisio,31600
OBS-I-2bb21059-EN,en,neve,internal,hotel,,Madesimo,Lombardia,what are the best hotels in Madesimo?,madesimo hotels,29310
OBS-I-2c194297-IT,it,neve,internal,hotel,,San Martino di Castrozza - Passo Rolle ,Trentino-Alto Adige,quali sono i migliori hotel a San Martino di Castrozza?,hotel san martino di castrozza,78300
OBS-I-2cb9c02c-EN,en,neve,internal,hotel,,Etna Sud/Nicolosi ,Sicilia,what are the best hotels in Nicolosi?,nicolosi hotels,1080
OBS-I-2d7e9c36-IT,it,neve,internal,organizzazione,,Campo Staffi ,Lazio,cosa vedere a Filettino?,filettino cosa vedere,2190
OBS-I-2e58175b-EN,en,neve,internal,hotel,famiglie,Ski Area San Pellegrino - Falcade ,Veneto,what are the best family-friendly hotels in Moena?,moena family hotels,4250
OBS-I-2f26bf0f-IT,it,neve,internal,organizzazione,,Klausberg Skiarena ,Trentino-Alto Adige,cosa vedere a Valle Aurina?,cosa vedere valle aurina,9260
OBS-I-301f1a2c-EN,en,neve,internal,hotel,,Klausberg Skiarena ,Trentino-Alto Adige,what are the best hotels in Valle Aurina?,hotels in valle aurina,35700
OBS-I-335a149d-IT,it,neve,internal,hotel,,Campo Felice ,Abruzzo,quali sono i migliori hotel a Campo Felice?,hotel campo felice,41500
OBS-I-337299a5-IT,it,neve,internal,hotel,,Sappada,Friuli-Venezia Giulia,quali sono i migliori hotel a Sappada?,hotel sappada,53800
OBS-I-342d1524-IT,it,neve,internal,hotel,,Ski Civetta ,Veneto,quali sono i migliori hotel ad Alleghe?,hotel alleghe,15210
OBS-I-34904c4a-IT,it,neve,internal,hotel,,Sirino ,Basilicata,quali sono i migliori hotel a Lagonegro?,hotel lagonegro,10020
OBS-I-34dc7700-IT,it,neve,internal,organizzazione,,San Martino di Castrozza - Passo Rolle ,Trentino-Alto Adige,cosa vedere a San Martino di Castrozza?,cosa fare a san martino di castrozza,6620
OBS-I-3549d424-EN,en,neve,internal,hotel,famiglie,Livigno,Lombardia,what are the best family-friendly hotels in Livigno?,livigno family hotels,16740
OBS-I-3637c92b-IT,it,neve,internal,organizzazione,,"Drei Zinnen - Tre Cime, Drei Zinnen, Tre Cime ",Trentino-Alto Adige,cosa vedere a San Candido?,cosa vedere san candido,15250
OBS-I-369e9dc2-EN,en,neve,internal,hotel,,Monesi di Triora ,Liguria,what are the best hotels in Triora?,triora hotels,2030
OBS-I-36d6cd81-IT,it,neve,internal,hotel,lusso,Livigno,Lombardia,quali sono i migliori hotel di lusso a Livigno?,hotel 5 stelle livigno,3870
OBS-I-36da1101-EN,en,neve,internal,hotel,,Rocca Pietore; Sottoguda ,Veneto,what are the best hotels in Rocca Pietore?,rocca pietore hotels,5060
OBS-I-3785a01d-IT,it,neve,internal,organizzazione,,Macugnaga,Piemonte,cosa vedere a Macugnaga?,cosa vedere macugnaga,3100
OBS-I-37ccadb3-EN,en,neve,internal,hotel,,"Kronplatz - Plan de Corones, Kronplatz, Plan de Corones ",Trentino-Alto Adige,what are the best hotels in Kronplatz?,kronplatz hotels,27700
OBS-I-37f4ec7b-IT,it,neve,internal,organizzazione,,Val Gardena,Trentino-Alto Adige,cosa vedere a Val Gardena?,val gardena cosa vedere,3300
OBS-I-38a1e1bc-EN,en,neve,internal,hotel,,Pila ,Valle d'Aosta,what are the best hotels in Pila?,pila hotels,11150
OBS-I-390cef29-EN,en,neve,internal,hotel,,La Thuile,Valle d'Aosta,what are the best hotels in La Thuile?,hotels in la thuile,3120
OBS-I-3b8bb2fa-EN,en,neve,internal,hotel,,Piani di Bobbio,Lombardia,what are the best hotels in Piani di Bobbio?,piani di bobbio hotels,9960
OBS-I-3ba62bb5-EN,en,neve,internal,organizzazione,,Campo Imperatore ,Abruzzo,what to see in L'Aquila?,things to do in l'aquila,1290
OBS-I-3ef9f582-IT,it,neve,internal,hotel,,Campo Stella ,Lazio,quali sono i migliori hotel a Campo Stella?,hotel campo stella,10680
OBS-I-3f1a205c-IT,it,neve,internal,hotel,lusso,Klausberg Skiarena ,Trentino-Alto Adige,quali sono i migliori hotel di lusso a Valle Aurina?,hotel 5 stelle valle aurina,2720
OBS-I-3ff8cad2-EN,en,neve,internal,hotel,,Campocatino ,Lazio,what are the best hotels in Campocatino?,campocatino hotels,1460
OBS-I-40ef1c0b-IT,it,neve,internal,hotel,,Bolognola,Marche,quali sono i migliori hotel a Bolognola?,hotel bolognola,1080
OBS-I-4143a0ed-IT,it,neve,internal,hotel,famiglie,Sestriere ,Piemonte,quali sono i migliori hotel per famiglie a Sestriere?,family hotel sestriere,2130
OBS-I-41868db4-IT,it,neve,internal,hotel,,Monte Baldo,Veneto,quali sono i migliori hotel a Monte Baldo?,hotel monte baldo,5050
OBS-I-41a742c6-IT,it,neve,internal,hotel,,Campo Staffi ,Lazio,quali sono i migliori hotel a Filettino?,hotel filettino,2770
OBS-I-41c49db7-IT,it,neve,internal,hotel,,Val d'Aveto ,Liguria,quali sono i migliori hotel a Santo Stefano d'Aveto?,hotel santo stefano d'aveto,3150
OBS-I-42112864-IT,it,neve,internal,hotel,animali,Livigno,Lombardia,quali sono i migliori hotel che accettano animali a Livigno?,hotel pet friendly livigno,1290
OBS-I-43ec708b-IT,it,neve,internal,hotel,,Champoluc,Valle d'Aosta,quali sono i migliori hotel a Champoluc?,hotel champoluc,41500
OBS-I-456e6f7f-IT,it,neve,internal,hotel,famiglie,Klausberg Skiarena ,Trentino-Alto Adige,quali sono i migliori hotel per famiglie a Valle Aurina?,family hotel valle aurina,5630
OBS-I-484ca0bd-EN,en,neve,internal,hotel,,Forni di Sopra,Friuli-Venezia Giulia,what are the best hotels in Forni di Sopra?,forni di sopra hotels,16630
OBS-I-4af25d70-EN,en,neve,internal,hotel,,Sestriere ,Piemonte,what are the best hotels in Sestriere?,hotels in sestriere,24490
OBS-I-4bad291d-EN,en,neve,internal,hotel,,Santa Caterina ,Lombardia,what are the best hotels in Santa Caterina?,santa caterina hotels,225300
OBS-I-4c9c1f12-EN,en,neve,internal,hotel,,Seiser Alm,Trentino-Alto Adige,what are the best hotels in Seiser Alm?,seiser alm hotels,64000
OBS-I-4d2dd1ca-IT,it,neve,internal,hotel,famiglie,Val Gardena,Trentino-Alto Adige,quali sono i migliori hotel per famiglie a Val Gardena?,family hotel val gardena,10250
OBS-I-4df696fb-EN,en,neve,internal,hotel,,Sauze D'Oulx,Piemonte,what are the best hotels in Sauze D'Oulx?,sauze d'oulx hotels,3310
OBS-I-4e6a1923-IT,it,neve,internal,hotel,,"Paganella, Area sciistica Andalo Fai della Paganella ",Trentino-Alto Adige,quali sono i migliori hotel a Paganella?,hotel paganella,10970
OBS-I-4f2f5ca1-IT,it,neve,internal,hotel,,"Zoncolan, Çoncolan ",Friuli-Venezia Giulia,quali sono i migliori hotel a Zoncolan?,hotel zoncolan,2940
OBS-I-4f612eb1-IT,it,neve,internal,hotel,,Artesina ,Piemonte,quali sono i migliori hotel ad Artesina?,hotel artesina,3280
OBS-I-502b6ba4-EN,en,neve,internal,hotel,famiglie,Madonna di Campiglio,Trentino-Alto Adige,what are the best family-friendly hotels in Madonna di Campiglio?,madonna di campiglio family hotels,14580
OBS-I-50c8a95f-EN,en,neve,internal,hotel,,Area Sciistica Abetone ,Toscana,what are the best hotels in Abetone?,abetone hotels,48160
OBS-I-55fc460b-IT,it,neve,internal,hotel,famiglie,Pescasseroli,Abruzzo,quali sono i migliori hotel per famiglie a Pescasseroli?,family hotel pescasseroli,1260
OBS-I-5608cd31-EN,en,neve,internal,hotel,,Macugnaga,Piemonte,what are the best hotels in Macugnaga?,macugnaga hotels,29200
OBS-I-5650ce82-EN,en,neve,internal,hotel,,"Cimone, Area sciistica Monte Cimone ",Emilia-Romagna,what are the best hotels in Monte Cimone?,monte cimone hotels,12940
OBS-I-588f0e8e-EN,en,neve,internal,hotel,,Corno alle Scale ,Emilia-Romagna,what are the best hotels in Corno alle Scale?,corno alle scale hotels,11920
OBS-I-5ad92b03-IT,it,neve,internal,hotel,,"Folgaria, Area sciistica Folgaria ",Trentino-Alto Adige,quali sono i migliori hotel a Folgaria?,hotel folgaria,91900
OBS-I-5b80d944-EN,en,neve,internal,hotel,,"Drei Zinnen - Tre Cime, Drei Zinnen, Tre Cime ",Trentino-Alto Adige,what are the best hotels in Drei Zinnen?,drei zinnen hotels,20400
OBS-I-5c144132-IT,it,neve,internal,hotel,famiglie,"Drei Zinnen - Tre Cime, Drei Zinnen, Tre Cime ",Trentino-Alto Adige,quali sono i migliori hotel per famiglie a San Candido?,family hotel san candido,10430
OBS-I-5c3e19c3-IT,it,neve,internal,organizzazione,,Camigliatello Silano,Calabria,cosa vedere a Camigliatello Silano?,cosa fare a camigliatello silano,4270
OBS-I-5d672a59-IT,it,neve,internal,organizzazione,,Ski Area San Pellegrino - Falcade ,Veneto,cosa vedere a Falcade?,cosa vedere falcade,1840
OBS-I-5de443fa-IT,it,neve,internal,organizzazione,,"Folgaria, Area sciistica Folgaria ",Trentino-Alto Adige,cosa vedere a Folgaria?,cosa vedere folgaria,6750
OBS-I-5e5bf842-EN,en,neve,internal,hotel,,Cervinia,Valle d'Aosta,what are the best hotels in Cervinia?,hotels in cervinia,115900
OBS-I-6054d29c-IT,it,neve,internal,organizzazione,,Piancavallo ,Friuli-Venezia Giulia,cosa vedere a Piancavallo?,cosa fare a piancavallo,1010
OBS-I-60ca6767-IT,it,neve,internal,hotel,,Monte Terminillo,Lazio,quali sono i migliori hotel a Monte Terminillo?,hotel monte terminillo,2630
OBS-I-616013a6-EN,en,neve,internal,hotel,,Madonna di Campiglio,Trentino-Alto Adige,what are the best hotels in Madonna di Campiglio?,madonna di campiglio hotels,6090
OBS-I-61d7ea20-EN,en,neve,internal,hotel,,Monte Catria ,Marche,what are the best hotels in Frontone?,frontone hotels,6300
OBS-I-61e689e2-IT,it,neve,internal,organizzazione,,Gambarie ,Calabria,cosa vedere a Gambarie?,gambarie cosa vedere,1500
OBS-I-61fb6c4d-IT,it,neve,internal,hotel,lusso,Val Gardena,Trentino-Alto Adige,quali sono i migliori hotel di lusso a Val Gardena?,hotel 5 stelle val gardena,2570
OBS-I-62701ef1-EN,en,neve,internal,hotel,lusso,Courmayeur,Valle d'Aosta,what are the best luxury hotels in Courmayeur?,luxury hotels in courmayeur,1500
OBS-I-62851985-IT,it,neve,internal,organizzazione,,La Thuile,Valle d'Aosta,cosa vedere alla Thuile?,cosa vedere la thuile,2830
OBS-I-62d0d5e1-EN,en,neve,internal,hotel,,Sirino ,Basilicata,what are the best hotels in Lagonegro?,lagonegro hotels,10290
OBS-I-64193f69-IT,it,neve,internal,hotel,lusso,Roccaraso - Rivisondoli ,Abruzzo,quali sono i migliori hotel di lusso a Rivisondoli?,hotel 5 stelle rivisondoli,2650
OBS-I-6606f4e3-IT,it,neve,internal,organizzazione,,Madonna di Campiglio,Trentino-Alto Adige,cosa vedere a Madonna di Campiglio?,cosa fare a madonna di campiglio,8430
OBS-I-67df7c92-IT,it,neve,internal,hotel,lusso,"Kronplatz - Plan de Corones, Kronplatz, Plan de Corones ",Trentino-Alto Adige,quali sono i migliori hotel di lusso a Brunico?,hotel 5 stelle brunico,1780
OBS-I-67ef42eb-IT,it,neve,internal,hotel,economici,Bormio ,Lombardia,quali sono i migliori hotel economici a Bormio?,hotel economici bormio,4510
OBS-I-691c3ef9-IT,it,neve,internal,hotel,famiglie,Bardonecchia,Piemonte,quali sono i migliori hotel per famiglie a Bardonecchia?,family hotel bardonecchia,1410
OBS-I-6a2e814a-IT,it,neve,internal,organizzazione,,Sappada,Friuli-Venezia Giulia,cosa vedere a Sappada?,cosa vedere sappada,8050
OBS-I-6a4e4834-IT,it,neve,internal,organizzazione,,Alta Badia ,Trentino-Alto Adige,cosa vedere ad Alta Badia?,cosa vedere alta badia,1150
OBS-I-6a5c12db-IT,it,neve,internal,hotel,,Madesimo,Lombardia,quali sono i migliori hotel a Madesimo?,hotel madesimo,27080
OBS-I-6b9fac96-EN,en,neve,internal,hotel,,Sappada,Friuli-Venezia Giulia,what are the best hotels in Sappada?,sappada hotels,55500
OBS-I-6c31449a-EN,en,neve,internal,organizzazione,,Piancavallo ,Friuli-Venezia Giulia,what to see in Aviano?,things to do in aviano,1480
OBS-I-6e0c5471-IT,it,neve,internal,hotel,,Presolana,Lombardia,quali sono i migliori hotel a Presolana?,hotel presolana,3360
OBS-I-6e365476-EN,en,neve,internal,hotel,,Val Gardena,Trentino-Alto Adige,what are the best hotels in Val Gardena?,hotels in val gardena,55300
OBS-I-6f27b3b7-IT,it,neve,internal,hotel,animali,Val Gardena,Trentino-Alto Adige,quali sono i migliori hotel che accettano animali a Val Gardena?,hotel pet friendly val gardena,1030
OBS-I-6f3ac7be-EN,en,neve,internal,hotel,,"Tarvisio, Tarvis ",Friuli-Venezia Giulia,what are the best hotels in Tarvisio?,tarvisio hotels,16240
OBS-I-716add99-EN,en,neve,internal,hotel,,Nevegal,Veneto,what are the best hotels in Nevegal?,nevegal hotels,1010
OBS-I-71c545a7-IT,it,neve,internal,hotel,,Arabba ,Veneto,quali sono i migliori hotel ad Arabba?,hotel arabba,23480
OBS-I-72bf8d2b-IT,it,neve,internal,organizzazione,,Val di Fiemme,Trentino-Alto Adige,cosa vedere a Val di Fiemme?,cosa vedere val di fiemme,6310
OBS-I-72e3a5e4-IT,it,neve,internal,organizzazione,,Madesimo,Lombardia,cosa vedere a Madesimo?,madesimo cosa vedere,1850
OBS-I-742ba166-IT,it,neve,internal,hotel,famiglie,Livigno,Lombardia,quali sono i migliori hotel per famiglie a Livigno?,family hotel livigno,15560
OBS-I-747e3e2e-IT,it,neve,internal,hotel,famiglie,Cortina d'Ampezzo ,Veneto,quali sono i migliori hotel per famiglie a Cortina d'Ampezzo?,family hotel cortina d'ampezzo,1350
OBS-I-74967f76-IT,it,neve,internal,hotel,famiglie,Mondolè,Piemonte,quali sono i migliori hotel per famiglie a Mondolè?,family hotel mondolè,3870
OBS-I-75bd9182-IT,it,neve,internal,organizzazione,,Livigno,Lombardia,cosa vedere a Livigno?,cosa fare a livigno,13330
OBS-I-7752d9c4-IT,it,neve,internal,hotel,famiglie,Val di Fiemme,Trentino-Alto Adige,quali sono i migliori hotel per famiglie a Val di Fiemme?,family hotel val di fiemme,12100
OBS-I-782f434d-IT,it,neve,internal,hotel,famiglie,"Folgaria, Area sciistica Folgaria ",Trentino-Alto Adige,quali sono i migliori hotel per famiglie a Folgaria?,family hotel folgaria,11580
OBS-I-78652d40-IT,it,neve,internal,hotel,,Pescasseroli,Abruzzo,quali sono i migliori hotel a Pescasseroli?,hotel pescasseroli,112600
OBS-I-7927c130-IT,it,neve,internal,organizzazione,,Artesina ,Piemonte,cosa vedere a Roccaforte Mondovì?,roccaforte mondovì cosa vedere,1010
OBS-I-79658bcb-IT,it,neve,internal,hotel,economici,Val Gardena,Trentino-Alto Adige,quali sono i migliori hotel economici a Val Gardena?,hotel economici val gardena,1720
OBS-I-7aafdfc4-EN,en,neve,internal,hotel,,Courmayeur,Valle d'Aosta,what are the best hotels in Courmayeur?,hotels in courmayeur,70800
OBS-I-7acc59e8-IT,it,neve,internal,hotel,,Monte Fumaiolo,Emilia-Romagna,quali sono i migliori hotel a Monte Fumaiolo?,hotel monte fumaiolo,1040
OBS-I-7b024f0c-IT,it,neve,internal,hotel,,Gambarie ,Calabria,quali sono i migliori hotel a Gambarie?,hotel gambarie,11050
OBS-I-7c8216be-IT,it,neve,internal,hotel,economici,Courmayeur,Valle d'Aosta,quali sono i migliori hotel economici a Courmayeur?,hotel economici courmayeur,2300
OBS-I-80572968-IT,it,neve,internal,hotel,famiglie,Bormio ,Lombardia,quali sono i migliori hotel per famiglie a Bormio?,family hotel bormio,5340
OBS-I-811d0016-IT,it,neve,internal,hotel,,Rocca Pietore; Sottoguda ,Veneto,quali sono i migliori hotel a Rocca Pietore?,hotel rocca pietore,4010
OBS-I-8204718b-IT,it,neve,internal,hotel,,Val di Fiemme,Trentino-Alto Adige,quali sono i migliori hotel a Val di Fiemme?,hotel val di fiemme,22700
OBS-I-82454b17-EN,en,neve,internal,hotel,,San Martino di Castrozza - Passo Rolle ,Trentino-Alto Adige,what are the best hotels in Passo Rolle?,passo rolle hotels,1730
OBS-I-82658e5f-EN,en,neve,internal,hotel,lusso,Val Gardena,Trentino-Alto Adige,what are the best luxury hotels in Val Gardena?,luxury hotels in val gardena,1450
OBS-I-8311fddb-IT,it,neve,internal,hotel,,Valmalenco,Lombardia,quali sono i migliori hotel a Valmalenco?,hotel valmalenco,2250
OBS-I-84baf86d-EN,en,neve,internal,hotel,,Campo Staffi ,Lazio,what are the best hotels in Filettino?,filettino hotels,2810
OBS-I-85e0960e-IT,it,neve,internal,hotel,famiglie,"Tarvisio, Tarvis ",Friuli-Venezia Giulia,quali sono i migliori hotel per famiglie a Tarvisio?,family hotel tarvisio,1360
OBS-I-85fe6492-IT,it,neve,internal,hotel,lusso,Cervinia,Valle d'Aosta,quali sono i migliori hotel di lusso a Cervinia?,hotel 5 stelle cervinia,4260
OBS-I-8892f010-IT,it,neve,internal,hotel,,Campitello Matese ,Molise,quali sono i migliori hotel a Campitello Matese?,hotel campitello matese,51890
OBS-I-89aa99a7-IT,it,neve,internal,organizzazione,,Bormio ,Lombardia,cosa vedere a Bormio?,cosa fare a bormio,11150
OBS-I-8c165db1-IT,it,neve,internal,hotel,,Campocatino ,Lazio,quali sono i migliori hotel a Campocatino?,hotel campocatino,2510
OBS-I-8c48859f-IT,it,neve,internal,organizzazione,,Aprica ,Lombardia,cosa vedere ad Aprica?,cosa vedere aprica,3160
OBS-I-8d5227e4-EN,en,neve,internal,hotel,lusso,Cervinia,Valle d'Aosta,what are the best luxury hotels in Cervinia?,luxury hotels in cervinia,1410
OBS-I-8ec70a0e-EN,en,neve,internal,organizzazione,,Bormio ,Lombardia,what to see in Bormio?,things to do in bormio,1860
OBS-I-8eec58bb-EN,en,neve,internal,hotel,,Arabba ,Veneto,what are the best hotels in Arabba?,arabba hotels,3040
OBS-I-8fee2dff-IT,it,neve,internal,hotel,famiglie,Roccaraso - Rivisondoli ,Abruzzo,quali sono i migliori hotel per famiglie a Roccaraso?,family hotel roccaraso,3880
OBS-I-906ab1a8-IT,it,neve,internal,organizzazione,,Campo Felice ,Abruzzo,cosa vedere a Rocca di Cambio?,rocca di cambio cosa vedere,1630
OBS-I-9114f7a2-IT,it,neve,internal,hotel,,Monesi di Triora ,Liguria,quali sono i migliori hotel a Triora?,hotel triora,1520
OBS-I-938131e6-IT,it,neve,internal,hotel,,Ponte di Legno - Passo Tonale ,Lombardia,quali sono i migliori hotel a Ponte di Legno?,hotel ponte di legno,82000
OBS-I-93825985-IT,it,neve,internal,hotel,,Ovindoli,Abruzzo,quali sono i migliori hotel a Ovindoli?,hotel ovindoli,51210
OBS-I-94e2f845-IT,it,neve,internal,hotel,,Corno alle Scale ,Emilia-Romagna,quali sono i migliori hotel a Corno alle Scale?,hotel corno alle scale,11440
OBS-I-95ba948e-IT,it,neve,internal,hotel,,Claviere ,Piemonte,quali sono i migliori hotel a Claviere?,hotel claviere,7370
OBS-I-974f7e83-EN,en,neve,internal,hotel,famiglie,Cortina d'Ampezzo ,Veneto,what are the best family-friendly hotels in Cortina d'Ampezzo?,cortina d'ampezzo family hotels,1600
OBS-I-975556c3-IT,it,neve,internal,hotel,,Monte Livata,Lazio,quali sono i migliori hotel a Monte Livata?,hotel monte livata,11830
OBS-I-9783e088-IT,it,neve,internal,hotel,,Monterosa ,Valle d'Aosta,quali sono i migliori hotel a Monterosa?,hotel monterosa,20800
OBS-I-9a8e7612-IT,it,neve,internal,hotel,famiglie,Courmayeur,Valle d'Aosta,quali sono i migliori hotel per famiglie a Courmayeur?,family hotel courmayeur,3960
OBS-I-9b962a14-IT,it,neve,internal,organizzazione,,Campocatino ,Lazio,cosa vedere a Guarcino?,guarcino cosa vedere,1760
OBS-I-9bcf8003-IT,it,neve,internal,hotel,lusso,Sestriere ,Piemonte,quali sono i migliori hotel di lusso a Sestriere?,hotel 5 stelle sestriere,1150
OBS-I-9c55318e-IT,it,neve,internal,hotel,,Cervinia,Valle d'Aosta,quali sono i migliori hotel a Cervinia?,hotel cervinia,65400
OBS-I-9c7db3e8-IT,it,neve,internal,hotel,lusso,Alta Badia ,Trentino-Alto Adige,quali sono i migliori hotel di lusso ad Alta Badia?,hotel 5 stelle alta badia,1090
OBS-I-9d861e39-IT,it,neve,internal,hotel,famiglie,"Kronplatz - Plan de Corones, Kronplatz, Plan de Corones ",Trentino-Alto Adige,quali sono i migliori hotel per famiglie a Plan de Corones?,family hotel plan de corones,4010
OBS-I-9d9018eb-IT,it,neve,internal,hotel,,Pila ,Valle d'Aosta,quali sono i migliori hotel a Pila?,hotel pila,10990
OBS-I-9de4982d-IT,it,neve,internal,organizzazione,,Ski Civetta ,Veneto,cosa vedere ad Alleghe?,cosa vedere alleghe,3100
OBS-I-9e965cc2-IT,it,neve,internal,hotel,,Sella Nevea,Friuli-Venezia Giulia,quali sono i migliori hotel a Sella Nevea?,hotel sella nevea,5570
OBS-I-a0c475bf-IT,it,neve,internal,hotel,,Val di Fassa ,Trentino-Alto Adige,quali sono i migliori hotel a Val di Fassa?,hotel val di fassa,69700
OBS-I-a2f67610-IT,it,neve,internal,organizzazione,,Claviere ,Piemonte,cosa vedere a Cesana Torinese?,cesana torinese cosa vedere,1070
OBS-I-a79c517c-EN,en,neve,internal,hotel,,"Zoncolan, Çoncolan ",Friuli-Venezia Giulia,what are the best hotels in Zoncolan?,zoncolan hotels,4530
OBS-I-a89e28b8-EN,en,neve,internal,hotel,,Capracotta,Molise,what are the best hotels in Capracotta?,capracotta hotels,3380
OBS-I-a9dd48a8-IT,it,neve,internal,hotel,,Prato Nevoso,Piemonte,quali sono i migliori hotel a Prato Nevoso?,hotel prato nevoso,55640
OBS-I-aa847b96-IT,it,neve,internal,organizzazione,,Valmalenco,Lombardia,cosa vedere a Valmalenco?,valmalenco cosa vedere,2120
OBS-I-ab64b87e-IT,it,neve,internal,hotel,,Bormio ,Lombardia,quali sono i migliori hotel a Bormio?,hotel bormio,66800
OBS-I-ab944dec-IT,it,neve,internal,hotel,,Sestriere ,Piemonte,quali sono i migliori hotel a Sestriere?,hotel sestriere,35160
OBS-I-ad61ab06-IT,it,neve,internal,hotel,famiglie,Cervinia,Valle d'Aosta,quali sono i migliori hotel per famiglie a Cervinia?,family hotel cervinia,2500
OBS-I-aee875db-IT,it,neve,internal,hotel,,Forni di Sopra,Friuli-Venezia Giulia,quali sono i migliori hotel a Forni di Sopra?,hotel forni di sopra,15110
OBS-I-afaa49ea-EN,en,neve,internal,hotel,,Val d'Aveto ,Liguria,what are the best hotels in Santo Stefano d'Aveto?,santo stefano d'aveto hotels,1640
OBS-I-afd76538-IT,it,neve,internal,hotel,,Macugnaga,Piemonte,quali sono i migliori hotel a Macugnaga?,hotel macugnaga,27980
OBS-I-afe7181c-IT,it,neve,internal,hotel,,Piani di Bobbio,Lombardia,quali sono i migliori hotel a Piani di Bobbio?,hotel piani di bobbio,8830
OBS-I-b1127602-IT,it,neve,internal,hotel,,Aprica ,Lombardia,quali sono i migliori hotel ad Aprica?,hotel aprica,22490
OBS-I-b18f110a-IT,it,neve,internal,organizzazione,,Bardonecchia,Piemonte,cosa vedere a Bardonecchia?,cosa fare a bardonecchia,5670
OBS-I-b4566357-IT,it,neve,internal,hotel,,Area Sciistica Abetone ,Toscana,quali sono i migliori hotel ad Abetone?,hotel abetone,45900
OBS-I-b6e33351-IT,it,neve,internal,organizzazione,,Sestriere ,Piemonte,cosa vedere a Sestriere?,cosa fare a sestriere,3260
OBS-I-b88da46e-IT,it,neve,internal,hotel,,Etna Nord ,Sicilia,quali sono i migliori hotel a Linguaglossa?,hotel linguaglossa,4270
OBS-I-b8cec7f4-EN,en,neve,internal,hotel,,Bormio ,Lombardia,what are the best hotels in Bormio?,hotels in bormio,48800
OBS-I-b98f5953-EN,en,neve,internal,organizzazione,,Livigno,Lombardia,what to see in Livigno?,things to do in livigno,2380
OBS-I-baa49ec0-EN,en,neve,internal,hotel,,Bardonecchia,Piemonte,what are the best hotels in Bardonecchia?,hotels in bardonecchia,2980
OBS-I-bab20d3f-EN,en,neve,internal,hotel,,Area Sciistica Cerreto Laghi ,Emilia-Romagna,what are the best hotels in Cerreto Laghi?,cerreto laghi hotels,12800
OBS-I-bb5d1c5b-IT,it,neve,internal,organizzazione,,Riserva Bianca ,Piemonte,cosa vedere a Limone Piemonte?,cosa vedere limone piemonte,3790
OBS-I-bb65d5ac-IT,it,neve,internal,organizzazione,,Sauze D'Oulx,Piemonte,cosa vedere a Sauze D'Oulx?,sauze d'oulx cosa vedere,2890
OBS-I-bd35fc00-IT,it,neve,internal,organizzazione,,Arabba ,Veneto,cosa vedere ad Arabba?,cosa vedere arabba,1600
OBS-I-bd3fbd6f-IT,it,neve,internal,organizzazione,,Nevegal,Veneto,cosa vedere a Nevegal?,nevegal cosa vedere,1000
OBS-I-bd668ca5-IT,it,neve,internal,organizzazione,,Ponte di Legno - Passo Tonale ,Lombardia,cosa vedere a Ponte di Legno?,cosa vedere ponte di legno,11690
OBS-I-bd8b7662-IT,it,neve,internal,hotel,,"Drei Zinnen - Tre Cime, Drei Zinnen, Tre Cime ",Trentino-Alto Adige,quali sono i migliori hotel a Drei Zinnen?,hotel drei zinnen,7170
OBS-I-bff074ef-IT,it,neve,internal,hotel,,Campo Imperatore ,Abruzzo,quali sono i migliori hotel a Campo Imperatore?,hotel campo imperatore,66700
OBS-I-c0e2b77a-IT,it,neve,internal,hotel,economici,Roccaraso - Rivisondoli ,Abruzzo,quali sono i migliori hotel economici a Roccaraso?,hotel economici roccaraso,2810
OBS-I-c273be23-EN,en,neve,internal,hotel,,Piano Battaglia,Sicilia,what are the best hotels in Piano Battaglia?,piano battaglia hotels,4850
OBS-I-c27d5dad-EN,en,neve,internal,hotel,,Lorica,Calabria,what are the best hotels in Lorica?,lorica hotels,3610
OBS-I-c2ec0e1e-IT,it,neve,internal,hotel,economici,San Martino di Castrozza - Passo Rolle ,Trentino-Alto Adige,quali sono i migliori hotel economici a San Martino di Castrozza?,hotel economici san martino di castrozza,3160
OBS-I-c4988182-IT,it,neve,internal,hotel,,"Cimone, Area sciistica Monte Cimone ",Emilia-Romagna,quali sono i migliori hotel a Monte Cimone?,hotel monte cimone,12550
OBS-I-c53efd30-EN,en,neve,internal,hotel,,Monte Livata,Lazio,what are the best hotels in Monte Livata?,monte livata hotels,7470
OBS-I-c6e324d0-IT,it,neve,internal,hotel,famiglie,San Martino di Castrozza - Passo Rolle ,Trentino-Alto Adige,quali sono i migliori hotel per famiglie a San Martino di Castrozza?,family hotel san martino di castrozza,6540
OBS-I-c8ba2182-IT,it,neve,internal,hotel,,Capracotta,Molise,quali sono i migliori hotel a Capracotta?,hotel capracotta,6660
OBS-I-c8d967dc-IT,it,neve,internal,hotel,,Area Sciistica Cerreto Laghi ,Emilia-Romagna,quali sono i migliori hotel a Cerreto Laghi?,hotel cerreto laghi,12800
OBS-I-c8eee31d-EN,en,neve,internal,hotel,,Val di Fassa ,Trentino-Alto Adige,what are the best hotels in Val di Fassa?,hotels in val di fassa,72300
OBS-I-c92f28bd-IT,it,neve,internal,hotel,famiglie,Area Sciistica Abetone ,Toscana,quali sono i migliori hotel per famiglie ad Abetone?,family hotel abetone,1270
OBS-I-c9c1e1eb-IT,it,neve,internal,hotel,economici,Val di Fassa ,Trentino-Alto Adige,quali sono i migliori hotel economici a Val di Fassa?,hotel economici val di fassa,3030
OBS-I-cb715afa-IT,it,neve,internal,hotel,economici,Cortina d'Ampezzo ,Veneto,quali sono i migliori hotel economici ad Auronzo di Cadore?,alberghi economici auronzo di cadore,1810
OBS-I-cd78f315-IT,it,neve,internal,organizzazione,,Area Sciistica Abetone ,Toscana,cosa vedere ad Abetone?,cosa vedere abetone,1510
OBS-I-cee368dd-IT,it,neve,internal,hotel,,Livigno,Lombardia,quali sono i migliori hotel a Livigno?,hotel livigno,214900
OBS-I-cf70ad82-EN,en,neve,internal,hotel,famiglie,Cervinia,Valle d'Aosta,what are the best family-friendly hotels in Cervinia?,cervinia family hotels,3250
OBS-I-d0972551-EN,en,neve,internal,hotel,,Campo Felice ,Abruzzo,what are the best hotels in Rocca di Cambio?,rocca di cambio hotels,6120
OBS-I-d2057b44-IT,it,neve,internal,organizzazione,,Roccaraso - Rivisondoli ,Abruzzo,cosa vedere a Roccaraso?,cosa fare a roccaraso,6620
OBS-I-d3ac741c-IT,it,neve,internal,hotel,economici,Madonna di Campiglio,Trentino-Alto Adige,quali sono i migliori hotel economici a Madonna di Campiglio?,hotel economici madonna di campiglio,4370
OBS-I-d46d40bb-IT,it,neve,internal,hotel,,Klausberg Skiarena ,Trentino-Alto Adige,quali sono i migliori hotel a Valle Aurina?,hotel valle aurina,35200
OBS-I-d484f95c-IT,it,neve,internal,organizzazione,,Etna Sud/Nicolosi ,Sicilia,cosa vedere a Nicolosi?,nicolosi cosa vedere,1240
OBS-I-d575ebe9-EN,en,neve,internal,hotel,,Gambarie ,Calabria,what are the best hotels in Gambarie?,gambarie hotels,11080
OBS-I-d6598548-IT,it,neve,internal,hotel,,Courmayeur,Valle d'Aosta,quali sono i migliori hotel a Courmayeur?,hotel courmayeur,92100
OBS-I-d6dfc732-IT,it,neve,internal,hotel,,Alta Badia ,Trentino-Alto Adige,quali sono i migliori hotel ad Alta Badia?,hotel alta badia,14130
OBS-I-d72dd2fd-IT,it,neve,internal,hotel,,Seiser Alm,Trentino-Alto Adige,quali sono i migliori hotel a Seiser Alm?,hotel seiser alm,6430
OBS-I-d76c18b9-EN,en,neve,internal,hotel,famiglie,"Folgaria, Area sciistica Folgaria ",Trentino-Alto Adige,what are the best family-friendly hotels in Folgaria?,folgaria family hotels,11580
OBS-I-d83751c5-IT,it,neve,internal,hotel,economici,Klausberg Skiarena ,Trentino-Alto Adige,quali sono i migliori hotel economici a Valle Aurina?,hotel economici valle aurina,1150
OBS-I-d83e0278-IT,it,neve,internal,organizzazione,,Pila ,Valle d'Aosta,cosa vedere a Pila?,cosa fare a pila,1020
OBS-I-d99adc1a-EN,en,neve,internal,hotel,,Sella Nevea,Friuli-Venezia Giulia,what are the best hotels in Sella Nevea?,sella nevea hotels,6870
OBS-I-da4e6238-IT,it,neve,internal,hotel,economici,"Folgaria, Area sciistica Folgaria ",Trentino-Alto Adige,quali sono i migliori hotel economici a Folgaria?,hotel economici folgaria,2950
OBS-I-db7d9e5d-IT,it,neve,internal,organizzazione,,Campo Stella ,Lazio,cosa vedere a Leonessa?,leonessa cosa vedere,2210
OBS-I-db9bd443-IT,it,neve,internal,hotel,,Ski Area San Pellegrino - Falcade ,Veneto,quali sono i migliori hotel a Falcade?,hotel falcade,25380
OBS-I-dd807f61-IT,it,neve,internal,hotel,economici,Ponte di Legno - Passo Tonale ,Lombardia,quali sono i migliori hotel economici a Ponte di Legno?,hotel economici ponte di legno,1810
OBS-I-de6be02f-IT,it,neve,internal,organizzazione,,Courmayeur,Valle d'Aosta,cosa vedere a Courmayeur?,cosa fare a courmayeur,11840
OBS-I-def198a1-IT,it,neve,internal,hotel,economici,"Drei Zinnen - Tre Cime, Drei Zinnen, Tre Cime ",Trentino-Alto Adige,quali sono i migliori hotel economici a San Candido?,hotel economici san candido,5710
OBS-I-df6f85b8-IT,it,neve,internal,hotel,economici,Livigno,Lombardia,quali sono i migliori hotel economici a Livigno?,hotel economici livigno,9330
OBS-I-e0917750-EN,en,neve,internal,hotel,,Piancavallo ,Friuli-Venezia Giulia,what are the best hotels in Piancavallo?,hotels in piancavallo,23910
OBS-I-e0fa1543-IT,it,neve,internal,hotel,famiglie,Madonna di Campiglio,Trentino-Alto Adige,quali sono i migliori hotel per famiglie a Madonna di Campiglio?,family hotel madonna di campiglio,13640
OBS-I-e1f73285-IT,it,neve,internal,organizzazione,,Sirino ,Basilicata,cosa vedere a Lagonegro?,lagonegro cosa vedere,4230
OBS-I-e22d6d6f-EN,en,neve,internal,hotel,,Ski Civetta ,Veneto,what are the best hotels in Alleghe?,alleghe hotels,12040
OBS-I-e3589dda-IT,it,neve,internal,organizzazione,,Monte Baldo,Veneto,cosa vedere a Monte Baldo?,monte baldo cosa vedere,3260
OBS-I-e409bdf9-EN,en,neve,internal,hotel,,Etna Nord ,Sicilia,what are the best hotels in Linguaglossa?,linguaglossa hotels,1620
OBS-I-e43a1d85-IT,it,neve,internal,hotel,,Sauze D'Oulx,Piemonte,quali sono i migliori hotel a Sauze D'Oulx?,hotel sauze d'oulx,8360
OBS-I-e4549cc9-IT,it,neve,internal,hotel,lusso,La Thuile,Valle d'Aosta,quali sono i migliori hotel di lusso alla Thuile?,hotel 5 stelle la thuile,1250
OBS-I-e4f7e8a7-IT,it,neve,internal,hotel,,Piancavallo ,Friuli-Venezia Giulia,quali sono i migliori hotel a Piancavallo?,hotel piancavallo,22740
OBS-I-e531388b-IT,it,neve,internal,organizzazione,,Rocca Pietore; Sottoguda ,Veneto,cosa vedere a Rocca Pietore?,rocca pietore cosa vedere,2430
OBS-I-e611ccc8-IT,it,neve,internal,organizzazione,,Pescasseroli,Abruzzo,cosa vedere a Pescasseroli?,cosa vedere pescasseroli,8330
OBS-I-e8995b0f-EN,en,neve,internal,hotel,,Champoluc,Valle d'Aosta,what are the best hotels in Champoluc?,hotels in champoluc,48800
OBS-I-e8deb46e-IT,it,neve,internal,hotel,,Villaggio Palumbo ,Calabria,quali sono i migliori hotel a Villaggio Palumbo?,hotel villaggio palumbo,7690
OBS-I-ea811300-IT,it,neve,internal,hotel,,Nevegal,Veneto,quali sono i migliori hotel a Nevegal?,alberghi nevegal,1170
OBS-I-ea8240da-IT,it,neve,internal,hotel,lusso,"Drei Zinnen - Tre Cime, Drei Zinnen, Tre Cime ",Trentino-Alto Adige,quali sono i migliori hotel di lusso a San Candido?,hotel 5 stelle san candido,1800
OBS-I-ebed9e98-IT,it,neve,internal,organizzazione,,"Cimone, Area sciistica Monte Cimone ",Emilia-Romagna,cosa vedere a Sestola?,cosa fare a sestola,2230
OBS-I-ed25bfc5-IT,it,neve,internal,hotel,animali,Madonna di Campiglio,Trentino-Alto Adige,quali sono i migliori hotel che accettano animali a Madonna di Campiglio?,hotel pet friendly madonna di campiglio,1090
OBS-I-ed834191-EN,en,neve,internal,hotel,,Campitello Matese ,Molise,what are the best hotels in Campitello Matese?,campitello matese hotels,52020
OBS-I-ed923e78-IT,it,neve,internal,organizzazione,,Corno alle Scale ,Emilia-Romagna,cosa vedere a Fanano?,fanano cosa vedere,2270
OBS-I-edee9257-IT,it,neve,internal,hotel,,"Kronplatz - Plan de Corones, Kronplatz, Plan de Corones ",Trentino-Alto Adige,quali sono i migliori hotel a Plan de Corones?,hotel plan de corones,19910
OBS-I-eec1bd62-IT,it,neve,internal,hotel,,Camigliatello Silano,Calabria,quali sono i migliori hotel a Camigliatello Silano?,hotel camigliatello silano,22380
OBS-I-eeca83c0-IT,it,neve,internal,hotel,,Val Gardena,Trentino-Alto Adige,quali sono i migliori hotel a Val Gardena?,hotel val gardena,30300
OBS-I-ef588808-IT,it,neve,internal,hotel,,Riserva Bianca ,Piemonte,quali sono i migliori hotel a Riserva Bianca?,riserva bianca hotel,1680
OBS-I-efa9dd48-EN,en,neve,internal,hotel,,Presolana,Lombardia,what are the best hotels in Presolana?,presolana hotels,3570
OBS-I-efe30237-IT,it,neve,internal,hotel,,Roccaraso - Rivisondoli ,Abruzzo,quali sono i migliori hotel a Roccaraso?,hotel roccaraso,132700
OBS-I-f045cfcd-EN,en,neve,internal,hotel,,Artesina ,Piemonte,what are the best hotels in Artesina?,artesina hotels,1980
OBS-I-f0c8b3f5-IT,it,neve,internal,hotel,famiglie,Prato Nevoso,Piemonte,quali sono i migliori hotel per famiglie a Prato Nevoso?,family hotel prato nevoso,2040
OBS-I-f1f9fce0-EN,en,neve,internal,hotel,famiglie,"Drei Zinnen - Tre Cime, Drei Zinnen, Tre Cime ",Trentino-Alto Adige,what are the best family-friendly hotels in San Candido?,san candido family hotels,5380
OBS-I-f50b085a-IT,it,neve,internal,hotel,lusso,Courmayeur,Valle d'Aosta,quali sono i migliori hotel di lusso a Courmayeur?,hotel 5 stelle courmayeur,9590
OBS-I-f59f8839-IT,it,neve,internal,hotel,famiglie,Alta Badia ,Trentino-Alto Adige,quali sono i migliori hotel per famiglie ad Alta Badia?,family hotel alta badia,2700
OBS-I-f61719fd-EN,en,neve,internal,hotel,,Campo Stella ,Lazio,what are the best hotels in Leonessa?,leonessa hotels,1980
OBS-I-f69e7121-IT,it,neve,internal,organizzazione,,Cervinia,Valle d'Aosta,cosa vedere a Cervinia?,cosa fare a cervinia,2230
OBS-I-f6e10006-IT,it,neve,internal,organizzazione,,Champoluc,Valle d'Aosta,cosa vedere a Champoluc?,cosa vedere champoluc,5430
OBS-I-f712a641-IT,it,neve,internal,hotel,lusso,Cortina d'Ampezzo ,Veneto,quali sono i migliori hotel di lusso a Cortina d'Ampezzo?,hotel 5 stelle cortina d'ampezzo,1370
OBS-I-f85f45f6-IT,it,neve,internal,organizzazione,,Capracotta,Molise,cosa vedere a Capracotta?,capracotta cosa vedere,3830
OBS-I-f885e17c-EN,en,neve,internal,hotel,,Camigliatello Silano,Calabria,what are the best hotels in Camigliatello Silano?,camigliatello silano hotels,9580
OBS-I-f98c8d1f-EN,en,neve,internal,hotel,,"Folgaria, Area sciistica Folgaria ",Trentino-Alto Adige,what are the best hotels in Folgaria?,folgaria hotels,94900
OBS-I-fc89d7dc-IT,it,neve,internal,hotel,,Bardonecchia,Piemonte,quali sono i migliori hotel a Bardonecchia?,hotel bardonecchia,54800
OBS-I-ff51ee28-IT,it,neve,internal,organizzazione,,"Kronplatz - Plan de Corones, Kronplatz, Plan de Corones ",Trentino-Alto Adige,cosa vedere a Brunico?,brunico cosa vedere,21700
OBS-I-fff459c7-EN,en,neve,internal,hotel,,Alta Badia ,Trentino-Alto Adige,what are the best hotels in Alta Badia?,alta badia hotels,23060
OBS-C-02a5eac9-IT,it,regione,comparative,organizzazione,,Lombardia,Lombardia,qual è il miglior itinerario per un viaggio in Lombardia?,viaggio in lombardia,3670
OBS-C-039d6a8b-IT,it,regione,comparative,sogno,,Calabria,Calabria,dove andare per un weekend in Calabria?,weekend in calabria,5180
OBS-C-06810bcf-EN,en,regione,comparative,organizzazione,,Puglia,Puglia,what to see in Puglia?,what to see in puglia,21660
OBS-C-06c4d17e-EN,en,regione,comparative,organizzazione,,Italia,,what to do in Italy?,things to do in italy,255100
OBS-C-0aaa9e67-IT,it,regione,comparative,sogno,,Marche,Marche,dove andare per un weekend nelle Marche?,weekend nelle marche,2470
OBS-C-0b8e563f-IT,it,regione,comparative,organizzazione,,Marche,Marche,qual è il miglior itinerario per un viaggio nelle Marche?,itinerario marche,1320
OBS-C-0cacad29-IT,it,regione,comparative,sogno,,Umbria,Umbria,dove andare per un weekend in Umbria?,weekend in umbria,10010
OBS-C-0ccf106e-EN,en,regione,comparative,sogno,,Liguria,Liguria,where to go for a weekend in Liguria?,liguria weekend,4940
OBS-C-10521133-EN,en,regione,comparative,organizzazione,,Italia,,what is the best itinerary for a trip in Italy?,italy itinerary,32500
OBS-C-115afc31-IT,it,regione,comparative,sogno,,Puglia,Puglia,dove andare per un weekend in Puglia?,weekend in puglia,11910
OBS-C-119a6be5-EN,en,regione,comparative,organizzazione,,Toscana,Toscana,what is the best itinerary for a trip in Tuscany?,tuscany itinerary,8560
OBS-C-122e281e-EN,en,regione,comparative,organizzazione,,Veneto,Veneto,what to do in Veneto?,things to do in veneto,1150
OBS-C-12511b5c-IT,it,regione,comparative,organizzazione,,Basilicata,Basilicata,cosa fare in Basilicata?,cosa fare in basilicata,2980
OBS-C-1254800e-IT,it,regione,comparative,sogno,,Basilicata,Basilicata,dove andare per un weekend in Basilicata?,weekend in basilicata,3170
OBS-C-136eee34-EN,en,regione,comparative,organizzazione,,Toscana,Toscana,what to do in Tuscany?,things to do in tuscany,52200
OBS-C-1aa46133-EN,en,regione,comparative,organizzazione,,Sardegna,Sardegna,what to do in Sardinia?,things to do in sardinia,92200
OBS-C-1d90b43c-IT,it,regione,comparative,organizzazione,,Umbria,Umbria,qual è il miglior itinerario per un viaggio in Umbria?,tour umbria,4880
OBS-C-22c63f59-IT,it,regione,comparative,organizzazione,,Piemonte,Piemonte,cosa vedere in Piemonte?,cosa vedere in piemonte,15400
OBS-C-27ac445a-IT,it,regione,comparative,organizzazione,,Lombardia,Lombardia,cosa vedere in Lombardia?,cosa vedere in lombardia,10420
OBS-C-2a2b42d6-IT,it,regione,comparative,organizzazione,,Emilia-Romagna,Emilia-Romagna,cosa vedere in Emilia-Romagna?,cosa vedere in emilia-romagna,10860
OBS-C-2c779227-EN,en,regione,comparative,organizzazione,,Sardegna,Sardegna,what is the best itinerary for a trip in Sardinia?,sardinia itinerary,9020
OBS-C-31b71d2c-IT,it,regione,comparative,organizzazione,,Abruzzo,Abruzzo,cosa vedere in Abruzzo?,cosa vedere in abruzzo,105200
OBS-C-32db5631-EN,en,regione,comparative,sogno,,Lazio,Lazio,where to go for a weekend in Lazio?,lazio weekend,2230
OBS-C-39901236-IT,it,regione,comparative,sogno,,Liguria,Liguria,dove andare per un weekend in Liguria?,weekend in liguria,4790
OBS-C-3b1da799-IT,it,regione,comparative,organizzazione,,Veneto,Veneto,cosa vedere in Veneto?,cosa vedere in veneto,10630
OBS-C-3bbbbc4b-EN,en,regione,comparative,sogno,,Abruzzo,Abruzzo,where to go for a weekend in Abruzzo?,abruzzo weekend,7860
OBS-C-3ce46af8-EN,en,regione,comparative,organizzazione,,Umbria,Umbria,what to see in Umbria?,what to see in umbria,1720
OBS-C-4165986a-IT,it,regione,comparative,sogno,,Trentino-Alto Adige,Trentino-Alto Adige,dove andare per un weekend in Trentino-Alto Adige?,weekend in trentino-alto adige,1260
OBS-C-425bbbc0-EN,en,regione,comparative,sogno,,Umbria,Umbria,where to go for a weekend in Umbria?,umbria weekend,1190
OBS-C-477ed279-IT,it,regione,comparative,organizzazione,,Valle d'Aosta,Valle d'Aosta,cosa vedere in Valle d'Aosta?,cosa vedere in valle d'aosta,15280
OBS-C-49951c8d-IT,it,regione,comparative,organizzazione,,Sardegna,Sardegna,qual è il miglior itinerario per un viaggio in Sardegna?,viaggio in sardegna,17060
OBS-C-4b2be828-IT,it,regione,comparative,organizzazione,,Basilicata,Basilicata,cosa vedere in Basilicata?,cosa vedere in basilicata,42800
OBS-C-4c704115-IT,it,regione,comparative,organizzazione,,Sicilia,Sicilia,cosa fare in Sicilia?,cosa fare in sicilia,2900
OBS-C-4cc6672d-EN,en,regione,comparative,organizzazione,,Sicilia,Sicilia,what is the best itinerary for a trip in Sicily?,sicily itinerary,16260
OBS-C-4d17f8db-IT,it,regione,comparative,organizzazione,,Molise,Molise,cosa fare in Molise?,cosa fare in molise,2580
OBS-C-507511c4-IT,it,regione,comparative,sogno,,Veneto,Veneto,dove andare per un weekend in Veneto?,weekend in veneto,1180
OBS-C-54d6212f-IT,it,regione,comparative,sogno,,Valle d'Aosta,Valle d'Aosta,dove andare per un weekend in Valle d'Aosta?,weekend valle d'aosta,1660
OBS-C-56dd9e0d-IT,it,regione,comparative,organizzazione,,Emilia-Romagna,Emilia-Romagna,cosa fare in Emilia-Romagna?,cosa fare in emilia-romagna,2950
OBS-C-5c1fb395-EN,en,regione,comparative,organizzazione,,Umbria,Umbria,what to do in Umbria?,things to do in umbria,7190
OBS-C-5cea49f5-IT,it,regione,comparative,organizzazione,,Valle d'Aosta,Valle d'Aosta,cosa fare in Valle d'Aosta?,cosa fare in valle d'aosta,6190
OBS-C-5d5f418a-EN,en,regione,comparative,sogno,,Calabria,Calabria,where to go for a weekend in Calabria?,calabria weekend,5300
OBS-C-5e21aff8-IT,it,regione,comparative,organizzazione,,Italia,,qual è il miglior itinerario per un viaggio in Italia?,viaggio in italia,14880
OBS-C-5ec14c17-IT,it,regione,comparative,organizzazione,,Piemonte,Piemonte,qual è il miglior itinerario per un viaggio in Piemonte?,viaggio in piemonte,1080
OBS-C-6036db77-EN,en,regione,comparative,organizzazione,,Lazio,Lazio,what to see in Lazio?,places to visit in lazio,1530
OBS-C-60954d3b-EN,en,regione,comparative,organizzazione,,Emilia-Romagna,Emilia-Romagna,what to do in Emilia-Romagna?,things to do in emilia-romagna,2100
OBS-C-628d5c96-EN,en,regione,comparative,organizzazione,,Lombardia,Lombardia,what to do in Lombardy?,things to do in lombardy,2210
OBS-C-63ee19bd-EN,en,regione,comparative,organizzazione,,Puglia,Puglia,what to do in Puglia?,things to do in puglia,31400
OBS-C-64b36593-EN,en,regione,comparative,organizzazione,,Piemonte,Piemonte,what to see in Piedmont?,what to see in piedmont,2040
OBS-C-660cf563-IT,it,regione,comparative,organizzazione,,Abruzzo,Abruzzo,qual è il miglior itinerario per un viaggio in Abruzzo?,tour abruzzo,6140
OBS-C-66cd3caf-IT,it,regione,comparative,organizzazione,,Emilia-Romagna,Emilia-Romagna,qual è il miglior itinerario per un viaggio in Emilia-Romagna?,tour emilia romagna,1170
OBS-C-69ecc75a-IT,it,regione,comparative,organizzazione,,Friuli-Venezia Giulia,Friuli-Venezia Giulia,cosa vedere in Friuli-Venezia Giulia?,cosa vedere in friuli-venezia giulia,28800
OBS-C-6a1ecfd4-IT,it,regione,comparative,organizzazione,,Sardegna,Sardegna,cosa vedere in Sardegna?,cosa vedere in sardegna,18890
OBS-C-6bc758c0-IT,it,regione,comparative,organizzazione,,Toscana,Toscana,cosa vedere in Toscana?,cosa vedere in toscana,25700
OBS-C-6ccc85ea-IT,it,regione,comparative,organizzazione,,Abruzzo,Abruzzo,cosa fare in Abruzzo?,cosa fare in abruzzo,7710
OBS-C-6d9d88fd-EN,en,regione,comparative,sogno,,Sicilia,Sicilia,where to go for a weekend in Sicily?,sicily weekend,1900
OBS-C-6de3c881-EN,en,regione,comparative,organizzazione,,Abruzzo,Abruzzo,what to do in Abruzzo?,things to do in abruzzo,4560
OBS-C-72babd9d-IT,it,regione,comparative,organizzazione,,Liguria,Liguria,qual è il miglior itinerario per un viaggio in Liguria?,viaggio in liguria,1480
OBS-C-73ccdf3c-IT,it,regione,comparative,organizzazione,,Sardegna,Sardegna,cosa fare in Sardegna?,cosa fare in sardegna,5430
OBS-C-76eb99e8-IT,it,regione,comparative,organizzazione,,Campania,Campania,cosa vedere in Campania?,cosa vedere in campania,14140
OBS-C-779bec76-IT,it,regione,comparative,organizzazione,,Puglia,Puglia,cosa vedere in Puglia?,cosa vedere in puglia,27680
OBS-C-787f4dd8-EN,en,regione,comparative,organizzazione,,Sicilia,Sicilia,what to see in Sicily?,places to visit in sicily,39700
OBS-C-7b76dc25-IT,it,regione,comparative,organizzazione,,Veneto,Veneto,cosa fare in Veneto?,cosa fare in veneto,3890
OBS-C-7de4d8b0-IT,it,regione,comparative,organizzazione,,Sicilia,Sicilia,qual è il miglior itinerario per un viaggio in Sicilia?,tour sicilia,16980
OBS-C-7faca4df-IT,it,regione,comparative,organizzazione,,Piemonte,Piemonte,cosa fare in Piemonte?,cosa fare in piemonte,3590
OBS-C-844ade61-IT,it,regione,comparative,organizzazione,,Italia,,cosa vedere in Italia?,cosa vedere in italia,7050
OBS-C-85ae15a2-EN,en,regione,comparative,sogno,,Basilicata,Basilicata,where to go for a weekend in Basilicata?,basilicata weekend,3200
OBS-C-8a53da78-EN,en,regione,comparative,organizzazione,,Toscana,Toscana,what to see in Tuscany?,places to visit in tuscany,20300
OBS-C-8bc2ac73-IT,it,regione,comparative,organizzazione,,Calabria,Calabria,cosa vedere in Calabria?,cosa vedere in calabria,45800
OBS-C-8f019077-IT,it,regione,comparative,organizzazione,,Umbria,Umbria,cosa fare in Umbria?,cosa fare in umbria,6300
OBS-C-90ab7ecb-IT,it,regione,comparative,organizzazione,,Puglia,Puglia,qual è il miglior itinerario per un viaggio in Puglia?,viaggio in puglia,6130
OBS-C-9244ef2b-EN,en,regione,comparative,organizzazione,,Valle d'Aosta,Valle d'Aosta,what to do in Aosta Valley?,things to do in aosta valley,2170
OBS-C-94ca5807-IT,it,regione,comparative,sogno,,Toscana,Toscana,dove andare per un weekend in Toscana?,weekend in toscana,13760
OBS-C-94e05b4f-IT,it,regione,comparative,organizzazione,,Molise,Molise,qual è il miglior itinerario per un viaggio in Molise?,viaggio in molise,1880
OBS-C-95d3effe-IT,it,regione,comparative,organizzazione,,Puglia,Puglia,cosa fare in Puglia?,cosa fare in puglia,4210
OBS-C-9621e936-EN,en,regione,comparative,sogno,,Italia,,where to go for a weekend in Italy?,italy weekend,4400
OBS-C-96b594f6-EN,en,regione,comparative,organizzazione,,Piemonte,Piemonte,what to do in Piedmont?,things to do in piedmont,3700
OBS-C-9bc4a9e5-IT,it,regione,comparative,sogno,,Molise,Molise,dove andare per un weekend in Molise?,weekend in molise,1340
OBS-C-9d629d9f-IT,it,regione,comparative,organizzazione,,Trentino-Alto Adige,Trentino-Alto Adige,cosa vedere in Trentino-Alto Adige?,cosa vedere in trentino-alto adige,12610
OBS-C-9f47f39d-IT,it,regione,comparative,organizzazione,,Toscana,Toscana,cosa fare in Toscana?,cosa fare in toscana,6010
OBS-C-9f665772-EN,en,regione,comparative,organizzazione,,Italia,,what to see in Italy?,places to visit in italy,263900
OBS-C-9f77388e-EN,en,regione,comparative,sogno,,Marche,Marche,where to go for a weekend in Marche?,marche weekend,2650
OBS-C-a3615dff-IT,it,regione,comparative,organizzazione,,Lazio,Lazio,cosa vedere nel Lazio?,cosa vedere nel lazio,9350
OBS-C-a36c4e78-IT,it,regione,comparative,organizzazione,,Calabria,Calabria,cosa fare in Calabria?,cosa fare in calabria,4410
OBS-C-a7280aea-IT,it,regione,comparative,organizzazione,,Calabria,Calabria,qual è il miglior itinerario per un viaggio in Calabria?,tour calabria,4260
OBS-C-a7bcfcdc-EN,en,regione,comparative,organizzazione,,Liguria,Liguria,what to see in Liguria?,what to see in liguria,1760
OBS-C-ac9947cf-EN,en,regione,comparative,organizzazione,,Calabria,Calabria,what to see in Calabria?,calabria places to visit,10740
OBS-C-af62d930-IT,it,regione,comparative,sogno,,Emilia-Romagna,Emilia-Romagna,dove andare per un weekend in Emilia-Romagna?,weekend in emilia-romagna,2400
OBS-C-b3d0d68e-IT,it,regione,comparative,organizzazione,,Lombardia,Lombardia,cosa fare in Lombardia?,cosa fare in lombardia,2740
OBS-C-b5e35902-IT,it,regione,comparative,sogno,,Sardegna,Sardegna,dove andare per un weekend in Sardegna?,weekend sardegna,4520
OBS-C-b6b5d4bf-IT,it,regione,comparative,organizzazione,,Marche,Marche,cosa fare nelle Marche?,cosa fare nelle marche,4900
OBS-C-b9814567-IT,it,regione,comparative,organizzazione,,Lazio,Lazio,cosa fare nel Lazio?,cosa fare nel lazio,1750
OBS-C-b9dfa108-IT,it,regione,comparative,sogno,,Lazio,Lazio,dove andare per un weekend nel Lazio?,weekend lazio,2180
OBS-C-bd58c1dd-IT,it,regione,comparative,organizzazione,,Umbria,Umbria,cosa vedere in Umbria?,cosa vedere umbria,69800
OBS-C-bdfe5dd8-EN,en,regione,comparative,organizzazione,,Campania,Campania,what to do in Campania?,things to do in campania,1640
OBS-C-bf166853-IT,it,regione,comparative,sogno,,Lombardia,Lombardia,dove andare per un weekend in Lombardia?,weekend in lombardia,4030
OBS-C-c11d8dc5-IT,it,regione,comparative,organizzazione,,Trentino-Alto Adige,Trentino-Alto Adige,qual è il miglior itinerario per un viaggio in Trentino-Alto Adige?,viaggio in trentino-alto adige,1750
OBS-C-c1456874-IT,it,regione,comparative,sogno,,Piemonte,Piemonte,dove andare per un weekend in Piemonte?,weekend in piemonte,5790
OBS-C-c3ebc38f-EN,en,regione,comparative,organizzazione,,Lazio,Lazio,what to do in Lazio?,things to do in lazio,1600
OBS-C-c978e9b6-IT,it,regione,comparative,organizzazione,,Friuli-Venezia Giulia,Friuli-Venezia Giulia,cosa fare in Friuli-Venezia Giulia?,cosa fare in friuli-venezia giulia,1600
OBS-C-c9d419f9-EN,en,regione,comparative,organizzazione,,Sicilia,Sicilia,what to do in Sicily?,things to do in sicily,137700
OBS-C-cc700bb7-IT,it,regione,comparative,organizzazione,,Basilicata,Basilicata,qual è il miglior itinerario per un viaggio in Basilicata?,tour basilicata,1670
OBS-C-cfdf331a-IT,it,regione,comparative,sogno,,Italia,,dove andare per un weekend in Italia?,weekend italia,16240
OBS-C-d2e5209d-IT,it,regione,comparative,organizzazione,,Liguria,Liguria,cosa vedere in Liguria?,cosa vedere in liguria,10920
OBS-C-d436cacc-EN,en,regione,comparative,organizzazione,,Sardegna,Sardegna,what to see in Sardinia?,what to see in sardinia,51000
OBS-C-d88c26ba-IT,it,regione,comparative,organizzazione,,Marche,Marche,cosa vedere nelle Marche?,cosa vedere nelle marche,43200
OBS-C-db683d06-IT,it,regione,comparative,organizzazione,,Campania,Campania,cosa fare in Campania?,cosa fare in campania,3210
OBS-C-dc50a8a7-EN,en,regione,comparative,organizzazione,,Liguria,Liguria,what to do in Liguria?,things to do in liguria,2270
OBS-C-e169a3c1-IT,it,regione,comparative,organizzazione,,Liguria,Liguria,cosa fare in Liguria?,cosa fare in liguria,2690
OBS-C-e2adb9b2-EN,en,regione,comparative,sogno,,Puglia,Puglia,where to go for a weekend in Puglia?,puglia weekend,13230
OBS-C-e52a0c87-IT,it,regione,comparative,organizzazione,,Friuli-Venezia Giulia,Friuli-Venezia Giulia,qual è il miglior itinerario per un viaggio in Friuli-Venezia Giulia?,tour friuli venezia giulia,1060
OBS-C-e7366b8f-EN,en,regione,comparative,sogno,,Toscana,Toscana,where to go for a weekend in Tuscany?,tuscany weekend,1070
OBS-C-e75f709f-IT,it,regione,comparative,organizzazione,,Molise,Molise,cosa vedere in Molise?,cosa vedere molise,30900
OBS-C-e7825d9b-IT,it,regione,comparative,organizzazione,,Sicilia,Sicilia,cosa vedere in Sicilia?,cosa vedere in sicilia,26400
OBS-C-e8ca8b91-IT,it,regione,comparative,sogno,,Sicilia,Sicilia,dove andare per un weekend in Sicilia?,weekend in sicilia,19280
OBS-C-ec6e9877-EN,en,regione,comparative,organizzazione,,Marche,Marche,what to do in Marche?,things to do in marche,1630
OBS-C-f1974a2d-IT,it,regione,comparative,organizzazione,,Toscana,Toscana,qual è il miglior itinerario per un viaggio in Toscana?,tour toscana,6320
OBS-C-f1bf4787-IT,it,regione,comparative,sogno,,Campania,Campania,dove andare per un weekend in Campania?,weekend campania,5700
OBS-C-f2a3acc5-EN,en,regione,comparative,organizzazione,,Puglia,Puglia,what is the best itinerary for a trip in Puglia?,puglia itinerary,10960
OBS-C-f9cd161c-IT,it,regione,comparative,sogno,,Abruzzo,Abruzzo,dove andare per un weekend in Abruzzo?,weekend in abruzzo,7480
OBS-C-fc0e5793-IT,it,regione,comparative,organizzazione,,Valle d'Aosta,Valle d'Aosta,qual è il miglior itinerario per un viaggio in Valle d'Aosta?,tour valle d'aosta,1240
OBS-C-fe056869-EN,en,regione,comparative,organizzazione,,Calabria,Calabria,what to do in Calabria?,things to do in calabria,10860
